# File Name: qPCR_eimeria_field_faeces_09082022_Elisa_a.eds
# Comment: 
# Operator: DEFAULT
# Barcode: 
# Instrument Type: QuantStudio™ 1 System
# Block Type: 96-Well 0.2-mL Block
# Instrument Name: 2721220100840
# Instrument Serial Number: 2721220100840
# Heated Cover Serial Number: 
# Block Serial Number: 
# Run Start Date/Time: 2022-08-09 11:04:21 AM UTC
# Run End Date/Time: 2022-08-09 12:22:32 PM UTC
# Run Duration: 78 minutes 11 seconds
# Sample Volume: 20.0
# Cover Temperature: 105.0
# Passive Reference: ROX
# PCR Stage/Step Number: Stage 2 Step 3
# Melt Stage Number: 3
# Quantification Cycle Method: CT
# Analysis Date/Time: 2022-10-03 09:56:58 AM UTC
# Software Name and Version: Design & Analysis Software v2.6.2
# Plugin Name and Version: Primary Analysis v1.7.0, Relative Quantification v1.5.0
# Exported By: guest
# Exported On: 2022-10-03 09:57:38 AM UTC
"Sample","Target","Number of Replicates","Quantity","Number of Cqs","Cq Mean","Cq SD","Cq SE","Biogroup"
,"Eim","16","-","0","","","",
"ACD","Eim","3","-","0","32.07046445065782","0.34267366362843577","0.19784273194007268",
"BCS","Eim","3","-","0","17.42704976028838","0.4037709801892464","0.23311728410322047",
"BLZ","Eim","3","-","0","22.627814722095156","0.6651823425742105","0.3840432045454063",
"CGH","Eim","3","-","0","23.041874900367564","0.40955008510150714","0.2364538518799893",
"CRY","Eim","3","-","0","31.897662356824508","0.19936343631349077","0.11510253362216272",
"CXY","Eim","3","-","0","26.81779732489561","1.7692962677149466","1.0215036764414247",
"GUW","Eim","3","-","0","35.91132003687596","0.497135107137999","0.2870210879297372",
"HUY","Eim","3","-","0","34.637770857302925","0.6696200052133692","0.3866052902646973",
"IVZ","Eim","3","-","0","31.51437104635026","0.5799224480062538","0.3348183814655174",
"MQS","Eim","3","-","0","33.535693840325614","1.4624808240163178","0.8443636974304869",
"MXZ","Eim","3","-","0","23.679033518494645","1.3639546693424032","0.7874795955072835",
"NTC","Eim","3","-","0","35.56622228232726","","",
"VWY","Eim","3","-","0","20.84400636994484","1.2691863423999952","0.7327650764364337",
