"EH_ID","experiment","primary_infection","challenge_infection","mouse_strain","labels","weight","weight_dpi0","relative_weight","fecweight_flot","dpi","infection","oocyst_sq1","oocyst_sq2","oocyst_sq3","oocyst_sq4","dilution","OO4sq","OOC","infection_history","Eim_MC","delta","IFNy_CEWE","IFNy_MES","CXCR3","IRG6","IL.12","CASP1","CXCL9","CXCR3_bio","IDO1","IFNy","IL.10","IL.12A","IL1RN","IL.6","IRGM1","MPO","MUC2","MUC5AC","MYD88","NCR1","PPIB","PRF1","RETNLB","SOCS1","TICAM1","TNF","IL.17A","GAPDH","IL.13","CASP1_N","CXCL9_N","CXCR3_N","IDO1_N","IFNy_N","IL.6_N","IL.10_N","IL.12A_N","IL.13_N","IL.17A_N","IL1RN_N","IRGM1_N","MPO_N","MUC2_N","MUC5AC_N","MYD88_N","NCR1_N","PRF1_N","RETNLB_N","SOCS1_N","TICAM1_N","TNF_N","Position","CD4","Treg","Div_Treg","Treg17","Th1","Div_Th1","Th17","Div_Th17","CD8","Act_CD8","Div_Act_CD8","IFNy_CD4","IFNy_CD8","OPG_O","IFNy_FEC","Caecum","Treg_prop","IL17A_CD4","batch","max_dpi","max_OOC","max_WL","death","hybrid_status","fecweight_DNA","Conc_DNA","A260","A280","X260.280","X260.230","mean_Neubauer","oocysts.per.tube","OPG","Total_DNA","Microbial_density"
"LM0258","E57","E64","E64","BUSNA_PWD","E57bxKMS",18.7,19.74,94.7315096251266,0.84,6,"challenge",5,14,5,9,1,33,82500,"E64_E64",TRUE,-5.75,22.5199587596992,NA,-8.295,-2.285,-5.855,22.5196084963488,14.616362170518,21.0713044581276,13.1389195186952,20.0930799252645,21.0824156109531,23.2813351957934,17.4392238181021,20.03525793261,8.33518680191303,24.6654455086834,7.79036097319324,9.03812912292816,16.6165287353816,22.284760856043,12.0316041765522,23.0967070776825,6.70814076819139,9.09779602237951,16.8376863286143,19.328454799555,27.2159014108478,NA,NA,-10.4880043197966,-2.58475799396575,-9.03970028157535,-1.10731534214295,-8.0614757487122,-8.00365375605775,-9.0508114344009,-11.2497310192411,NA,-15.1842972342955,-5.4076196415498,3.69641737463922,-12.6338413321311,4.24124320335901,2.99347505362409,-4.58492455882935,-10.2531566794907,-11.0651029011302,5.32346340836086,2.93380815417274,-4.8060821520621,-7.29685062300275,"mLN",NA,NA,NA,NA,NA,NA,NA,NA,NA,NA,NA,NA,NA,NA,NA,NA,NA,NA,NA,8,605000,91.8946301925025,"challenge","F1 M. m. musculus",0.1214,74.5,1.49,0.803,1.86,1.78,8.25,82500,98214.2857142857,2.98,0.0245469522240527
"LM0258","E57","E64","E64","BUSNA_PWD","E57bxHVW",18.28,19.74,92.6038500506586,1.22,8,"challenge",4,4,3,6,1,17,42500,"E64_E64",TRUE,-5.75,22.5199587596992,NA,-8.295,-2.285,-5.855,22.5196084963488,14.616362170518,21.0713044581276,13.1389195186952,20.0930799252645,21.0824156109531,23.2813351957934,17.4392238181021,20.03525793261,8.33518680191303,24.6654455086834,7.79036097319324,9.03812912292816,16.6165287353816,22.284760856043,12.0316041765522,23.0967070776825,6.70814076819139,9.09779602237951,16.8376863286143,19.328454799555,27.2159014108478,NA,NA,-10.4880043197966,-2.58475799396575,-9.03970028157535,-1.10731534214295,-8.0614757487122,-8.00365375605775,-9.0508114344009,-11.2497310192411,NA,-15.1842972342955,-5.4076196415498,3.69641737463922,-12.6338413321311,4.24124320335901,2.99347505362409,-4.58492455882935,-10.2531566794907,-11.0651029011302,5.32346340836086,2.93380815417274,-4.8060821520621,-7.29685062300275,"mLN",49.925,7.915,15.795,4.28,3.71,75.72,0.765,46.72,33.62,13.385,33.365,1.74,16.375,34836.0655737705,2.83376840524125,"pos",92.06,0.515,NA,8,605000,91.8946301925025,"challenge","F1 M. m. musculus",0.0575,232.1,4.642,2.541,1.83,2.03,4.25,42500,34836.0655737705,9.284,0.161460869565217
"LM0258","E57","E64","E64","BUSNA_PWD","E57bxOPZ",19.18,19.74,97.1631205673759,1.55,1,"challenge",0,0,0,0,1,0,0,"E64_E64",TRUE,-5.75,22.5199587596992,NA,-8.295,-2.285,-5.855,22.5196084963488,14.616362170518,21.0713044581276,13.1389195186952,20.0930799252645,21.0824156109531,23.2813351957934,17.4392238181021,20.03525793261,8.33518680191303,24.6654455086834,7.79036097319324,9.03812912292816,16.6165287353816,22.284760856043,12.0316041765522,23.0967070776825,6.70814076819139,9.09779602237951,16.8376863286143,19.328454799555,27.2159014108478,NA,NA,-10.4880043197966,-2.58475799396575,-9.03970028157535,-1.10731534214295,-8.0614757487122,-8.00365375605775,-9.0508114344009,-11.2497310192411,NA,-15.1842972342955,-5.4076196415498,3.69641737463922,-12.6338413321311,4.24124320335901,2.99347505362409,-4.58492455882935,-10.2531566794907,-11.0651029011302,5.32346340836086,2.93380815417274,-4.8060821520621,-7.29685062300275,"mLN",NA,NA,NA,NA,NA,NA,NA,NA,NA,NA,NA,NA,NA,NA,NA,NA,NA,NA,NA,8,605000,91.8946301925025,"challenge","F1 M. m. musculus",0.0686,155.8,3.116,1.682,1.85,2.06,0,0,0,6.232,0.0908454810495627
"LM0258","E57","E64","E64","BUSNA_PWD","E57bxJXZ",18.53,19.74,93.87031408308,1.08,5,"challenge",13,16,14,10,1,53,132500,"E64_E64",TRUE,-5.75,22.5199587596992,NA,-8.295,-2.285,-5.855,22.5196084963488,14.616362170518,21.0713044581276,13.1389195186952,20.0930799252645,21.0824156109531,23.2813351957934,17.4392238181021,20.03525793261,8.33518680191303,24.6654455086834,7.79036097319324,9.03812912292816,16.6165287353816,22.284760856043,12.0316041765522,23.0967070776825,6.70814076819139,9.09779602237951,16.8376863286143,19.328454799555,27.2159014108478,NA,NA,-10.4880043197966,-2.58475799396575,-9.03970028157535,-1.10731534214295,-8.0614757487122,-8.00365375605775,-9.0508114344009,-11.2497310192411,NA,-15.1842972342955,-5.4076196415498,3.69641737463922,-12.6338413321311,4.24124320335901,2.99347505362409,-4.58492455882935,-10.2531566794907,-11.0651029011302,5.32346340836086,2.93380815417274,-4.8060821520621,-7.29685062300275,"mLN",NA,NA,NA,NA,NA,NA,NA,NA,NA,NA,NA,NA,NA,NA,NA,NA,NA,NA,NA,8,605000,91.8946301925025,"challenge","F1 M. m. musculus",0.0647,106.3,2.127,1.156,1.84,1.93,13.25,132500,122685.185185185,4.252,0.0657187017001546
"LM0258","E57","E64","E64","BUSNA_PWD","E57bxHJU",19.74,19.74,100,1.25,0,"challenge",0,0,0,0,1,0,0,"E64_E64",TRUE,-5.75,22.5199587596992,NA,-8.295,-2.285,-5.855,22.5196084963488,14.616362170518,21.0713044581276,13.1389195186952,20.0930799252645,21.0824156109531,23.2813351957934,17.4392238181021,20.03525793261,8.33518680191303,24.6654455086834,7.79036097319324,9.03812912292816,16.6165287353816,22.284760856043,12.0316041765522,23.0967070776825,6.70814076819139,9.09779602237951,16.8376863286143,19.328454799555,27.2159014108478,NA,NA,-10.4880043197966,-2.58475799396575,-9.03970028157535,-1.10731534214295,-8.0614757487122,-8.00365375605775,-9.0508114344009,-11.2497310192411,NA,-15.1842972342955,-5.4076196415498,3.69641737463922,-12.6338413321311,4.24124320335901,2.99347505362409,-4.58492455882935,-10.2531566794907,-11.0651029011302,5.32346340836086,2.93380815417274,-4.8060821520621,-7.29685062300275,"mLN",NA,NA,NA,NA,NA,NA,NA,NA,NA,NA,NA,NA,NA,NA,NA,NA,NA,NA,NA,8,605000,91.8946301925025,"challenge","F1 M. m. musculus",0.0441,126.6,2.531,1.386,1.83,2.08,0,0,0,5.064,0.114829931972789
"LM0258","E57","E64","E64","BUSNA_PWD","E57bxAEQ",19.42,19.74,98.3789260385005,1.24,4,"challenge",0,0,0,0,1,0,0,"E64_E64",TRUE,-5.75,22.5199587596992,NA,-8.295,-2.285,-5.855,22.5196084963488,14.616362170518,21.0713044581276,13.1389195186952,20.0930799252645,21.0824156109531,23.2813351957934,17.4392238181021,20.03525793261,8.33518680191303,24.6654455086834,7.79036097319324,9.03812912292816,16.6165287353816,22.284760856043,12.0316041765522,23.0967070776825,6.70814076819139,9.09779602237951,16.8376863286143,19.328454799555,27.2159014108478,NA,NA,-10.4880043197966,-2.58475799396575,-9.03970028157535,-1.10731534214295,-8.0614757487122,-8.00365375605775,-9.0508114344009,-11.2497310192411,NA,-15.1842972342955,-5.4076196415498,3.69641737463922,-12.6338413321311,4.24124320335901,2.99347505362409,-4.58492455882935,-10.2531566794907,-11.0651029011302,5.32346340836086,2.93380815417274,-4.8060821520621,-7.29685062300275,"mLN",NA,NA,NA,NA,NA,NA,NA,NA,NA,NA,NA,NA,NA,NA,NA,NA,NA,NA,NA,8,605000,91.8946301925025,"challenge","F1 M. m. musculus",0.0614,126.5,2.529,1.361,1.86,1.57,0,0,0,5.06,0.0824104234527687
"LM0258","E57","E64","E64","BUSNA_PWD","E57bxHKX",18.14,19.74,91.8946301925025,0.87,7,"challenge",46,61,77,58,1,242,605000,"E64_E64",TRUE,-5.75,22.5199587596992,NA,-8.295,-2.285,-5.855,22.5196084963488,14.616362170518,21.0713044581276,13.1389195186952,20.0930799252645,21.0824156109531,23.2813351957934,17.4392238181021,20.03525793261,8.33518680191303,24.6654455086834,7.79036097319324,9.03812912292816,16.6165287353816,22.284760856043,12.0316041765522,23.0967070776825,6.70814076819139,9.09779602237951,16.8376863286143,19.328454799555,27.2159014108478,NA,NA,-10.4880043197966,-2.58475799396575,-9.03970028157535,-1.10731534214295,-8.0614757487122,-8.00365375605775,-9.0508114344009,-11.2497310192411,NA,-15.1842972342955,-5.4076196415498,3.69641737463922,-12.6338413321311,4.24124320335901,2.99347505362409,-4.58492455882935,-10.2531566794907,-11.0651029011302,5.32346340836086,2.93380815417274,-4.8060821520621,-7.29685062300275,"mLN",NA,NA,NA,NA,NA,NA,NA,NA,NA,NA,NA,NA,NA,NA,NA,NA,NA,NA,NA,8,605000,91.8946301925025,"challenge","F1 M. m. musculus",0.0417,115.8,2.317,1.245,1.86,1.72,60.5,605000,695402.298850575,4.632,0.111079136690647
"LM0258","E57","E64","E64","BUSNA_PWD","E57bxFYZ",19.44,19.74,98.4802431610942,1.92,3,"challenge",0,0,0,0,1,0,0,"E64_E64",TRUE,-5.75,22.5199587596992,NA,-8.295,-2.285,-5.855,22.5196084963488,14.616362170518,21.0713044581276,13.1389195186952,20.0930799252645,21.0824156109531,23.2813351957934,17.4392238181021,20.03525793261,8.33518680191303,24.6654455086834,7.79036097319324,9.03812912292816,16.6165287353816,22.284760856043,12.0316041765522,23.0967070776825,6.70814076819139,9.09779602237951,16.8376863286143,19.328454799555,27.2159014108478,NA,NA,-10.4880043197966,-2.58475799396575,-9.03970028157535,-1.10731534214295,-8.0614757487122,-8.00365375605775,-9.0508114344009,-11.2497310192411,NA,-15.1842972342955,-5.4076196415498,3.69641737463922,-12.6338413321311,4.24124320335901,2.99347505362409,-4.58492455882935,-10.2531566794907,-11.0651029011302,5.32346340836086,2.93380815417274,-4.8060821520621,-7.29685062300275,"mLN",NA,NA,NA,NA,NA,NA,NA,NA,NA,NA,NA,NA,NA,NA,NA,NA,NA,NA,NA,8,605000,91.8946301925025,"challenge","F1 M. m. musculus",0.1467,127.4,2.549,1.397,1.82,1.74,0,0,0,5.096,0.0347375596455351
"LM0258","E57","E64","E64","BUSNA_PWD","E57bxCGS",19.47,19.74,98.6322188449848,1.3,2,"challenge",0,0,0,0,1,0,0,"E64_E64",TRUE,-5.75,22.5199587596992,NA,-8.295,-2.285,-5.855,22.5196084963488,14.616362170518,21.0713044581276,13.1389195186952,20.0930799252645,21.0824156109531,23.2813351957934,17.4392238181021,20.03525793261,8.33518680191303,24.6654455086834,7.79036097319324,9.03812912292816,16.6165287353816,22.284760856043,12.0316041765522,23.0967070776825,6.70814076819139,9.09779602237951,16.8376863286143,19.328454799555,27.2159014108478,NA,NA,-10.4880043197966,-2.58475799396575,-9.03970028157535,-1.10731534214295,-8.0614757487122,-8.00365375605775,-9.0508114344009,-11.2497310192411,NA,-15.1842972342955,-5.4076196415498,3.69641737463922,-12.6338413321311,4.24124320335901,2.99347505362409,-4.58492455882935,-10.2531566794907,-11.0651029011302,5.32346340836086,2.93380815417274,-4.8060821520621,-7.29685062300275,"mLN",NA,NA,NA,NA,NA,NA,NA,NA,NA,NA,NA,NA,NA,NA,NA,NA,NA,NA,NA,8,605000,91.8946301925025,"challenge","F1 M. m. musculus",0.0481,234.5,4.69,2.579,1.82,2.02,0,0,0,9.38,0.195010395010395
"LM0259","E57","E64","E64","STRA_BUSNA","E57bxGTW",29.46,28.89,101.973001038422,1.68,3,"challenge",0,0,0,0,1,0,0,"E64_E64",FALSE,-8,41.1760044409716,NA,-9.505,-3.07,-5.27,NA,NA,NA,NA,NA,NA,NA,NA,NA,NA,NA,NA,NA,NA,NA,NA,NA,NA,NA,NA,NA,NA,NA,NA,NA,NA,NA,NA,NA,NA,NA,NA,NA,NA,NA,NA,NA,NA,NA,NA,NA,NA,NA,NA,NA,NA,"mLN",NA,NA,NA,NA,NA,NA,NA,NA,NA,NA,NA,NA,NA,NA,NA,NA,NA,NA,NA,8,645000,98.0269989615784,"challenge","F1 hybrid",0.0582,237.4,4.747,2.569,1.85,2.12,0,0,0,9.496,0.163161512027491
"LM0259","E57","E64","E64","STRA_BUSNA","E57bxNUY",29.44,28.89,101.90377293181,1.38,7,"challenge",12,4,7,4,1,27,67500,"E64_E64",FALSE,-8,41.1760044409716,NA,-9.505,-3.07,-5.27,NA,NA,NA,NA,NA,NA,NA,NA,NA,NA,NA,NA,NA,NA,NA,NA,NA,NA,NA,NA,NA,NA,NA,NA,NA,NA,NA,NA,NA,NA,NA,NA,NA,NA,NA,NA,NA,NA,NA,NA,NA,NA,NA,NA,NA,NA,"mLN",NA,NA,NA,NA,NA,NA,NA,NA,NA,NA,NA,NA,NA,NA,NA,NA,NA,NA,NA,8,645000,98.0269989615784,"challenge","F1 hybrid",0.0441,232.9,4.657,2.521,1.85,1.71,6.75,67500,48913.0434782609,9.316,0.21124716553288
"LM0259","E57","E64","E64","STRA_BUSNA","E57bxGHL",28.77,28.89,99.5846313603323,1.57,6,"challenge",67,55,71,65,1,258,645000,"E64_E64",FALSE,-8,41.1760044409716,NA,-9.505,-3.07,-5.27,NA,NA,NA,NA,NA,NA,NA,NA,NA,NA,NA,NA,NA,NA,NA,NA,NA,NA,NA,NA,NA,NA,NA,NA,NA,NA,NA,NA,NA,NA,NA,NA,NA,NA,NA,NA,NA,NA,NA,NA,NA,NA,NA,NA,NA,NA,"mLN",NA,NA,NA,NA,NA,NA,NA,NA,NA,NA,NA,NA,NA,NA,NA,NA,NA,NA,NA,8,645000,98.0269989615784,"challenge","F1 hybrid",0.0452,183.5,3.67,1.984,1.85,1.53,64.5,645000,410828.025477707,7.34,0.162389380530973
"LM0259","E57","E64","E64","STRA_BUSNA","E57bxALR",28.89,28.89,100,1.64,0,"challenge",0,0,0,0,1,0,0,"E64_E64",FALSE,-8,41.1760044409716,NA,-9.505,-3.07,-5.27,NA,NA,NA,NA,NA,NA,NA,NA,NA,NA,NA,NA,NA,NA,NA,NA,NA,NA,NA,NA,NA,NA,NA,NA,NA,NA,NA,NA,NA,NA,NA,NA,NA,NA,NA,NA,NA,NA,NA,NA,NA,NA,NA,NA,NA,NA,"mLN",NA,NA,NA,NA,NA,NA,NA,NA,NA,NA,NA,NA,NA,NA,NA,NA,NA,NA,NA,8,645000,98.0269989615784,"challenge","F1 hybrid",0.0777,144,2.88,1.553,1.85,1.96,0,0,0,5.76,0.0741312741312741
"LM0259","E57","E64","E64","STRA_BUSNA","E57bxCLS",28.55,28.89,98.8231221876082,1.5,5,"challenge",33,42,29,31,1,135,337500,"E64_E64",FALSE,-8,41.1760044409716,NA,-9.505,-3.07,-5.27,NA,NA,NA,NA,NA,NA,NA,NA,NA,NA,NA,NA,NA,NA,NA,NA,NA,NA,NA,NA,NA,NA,NA,NA,NA,NA,NA,NA,NA,NA,NA,NA,NA,NA,NA,NA,NA,NA,NA,NA,NA,NA,NA,NA,NA,NA,"mLN",NA,NA,NA,NA,NA,NA,NA,NA,NA,NA,NA,NA,NA,NA,NA,NA,NA,NA,NA,8,645000,98.0269989615784,"challenge","F1 hybrid",0.059,38.1,0.762,0.417,1.83,1.38,33.75,337500,225000,1.524,0.0258305084745763
"LM0259","E57","E64","E64","STRA_BUSNA","E57bxAFV",29.25,28.89,101.246105919003,1.14,2,"challenge",0,0,0,0,1,0,0,"E64_E64",FALSE,-8,41.1760044409716,NA,-9.505,-3.07,-5.27,NA,NA,NA,NA,NA,NA,NA,NA,NA,NA,NA,NA,NA,NA,NA,NA,NA,NA,NA,NA,NA,NA,NA,NA,NA,NA,NA,NA,NA,NA,NA,NA,NA,NA,NA,NA,NA,NA,NA,NA,NA,NA,NA,NA,NA,NA,"mLN",NA,NA,NA,NA,NA,NA,NA,NA,NA,NA,NA,NA,NA,NA,NA,NA,NA,NA,NA,8,645000,98.0269989615784,"challenge","F1 hybrid",0.0606,108.4,2.169,1.159,1.87,2.15,0,0,0,4.336,0.0715511551155115
"LM0259","E57","E64","E64","STRA_BUSNA","E57bxGHI",28.32,28.89,98.0269989615784,2.58,8,"challenge",2,0,1,0,1,3,7500,"E64_E64",FALSE,-8,41.1760044409716,NA,-9.505,-3.07,-5.27,NA,NA,NA,NA,NA,NA,NA,NA,NA,NA,NA,NA,NA,NA,NA,NA,NA,NA,NA,NA,NA,NA,NA,NA,NA,NA,NA,NA,NA,NA,NA,NA,NA,NA,NA,NA,NA,NA,NA,NA,NA,NA,NA,NA,NA,NA,"mLN",43.27,7.155,16.365,10.45,5.485,65.425,1.17,29.27,10.565,11.43,47.355,3.415,26.765,2906.97674418605,4.45462750530078,"neg",92.795,0.5,NA,8,645000,98.0269989615784,"challenge","F1 hybrid",0.0552,107.4,2.147,1.152,1.86,1.64,0.75,7500,2906.97674418605,4.296,0.0778260869565218
"LM0259","E57","E64","E64","STRA_BUSNA","E57bxFGV",29.68,28.89,102.734510211146,2.19,1,"challenge",0,0,0,0,1,0,0,"E64_E64",FALSE,-8,41.1760044409716,NA,-9.505,-3.07,-5.27,NA,NA,NA,NA,NA,NA,NA,NA,NA,NA,NA,NA,NA,NA,NA,NA,NA,NA,NA,NA,NA,NA,NA,NA,NA,NA,NA,NA,NA,NA,NA,NA,NA,NA,NA,NA,NA,NA,NA,NA,NA,NA,NA,NA,NA,NA,"mLN",NA,NA,NA,NA,NA,NA,NA,NA,NA,NA,NA,NA,NA,NA,NA,NA,NA,NA,NA,8,645000,98.0269989615784,"challenge","F1 hybrid",0.0716,105.7,2.115,1.142,1.85,1.67,0,0,0,4.228,0.0590502793296089
"LM0259","E57","E64","E64","STRA_BUSNA","E57bxDKW",28.54,28.89,98.7885081343025,1.86,4,"challenge",0,0,0,0,1,0,0,"E64_E64",FALSE,-8,41.1760044409716,NA,-9.505,-3.07,-5.27,NA,NA,NA,NA,NA,NA,NA,NA,NA,NA,NA,NA,NA,NA,NA,NA,NA,NA,NA,NA,NA,NA,NA,NA,NA,NA,NA,NA,NA,NA,NA,NA,NA,NA,NA,NA,NA,NA,NA,NA,NA,NA,NA,NA,NA,NA,"mLN",NA,NA,NA,NA,NA,NA,NA,NA,NA,NA,NA,NA,NA,NA,NA,NA,NA,NA,NA,8,645000,98.0269989615784,"challenge","F1 hybrid",0.0728,218.5,4.37,2.365,1.85,2.04,0,0,0,8.74,0.120054945054945
"LM0260","E57","E64","E64","SCHUNT_SCHUNT","E57byCKT",29.02,29.02,100,1.21,0,"challenge",0,0,0,0,1,0,0,"E64_E64",FALSE,-11.9,11.2982790313474,NA,-11.615,-3.91,-6.305,22.7642519989158,16.1805342930795,20.9269130701636,13.646649523307,21.7955862574782,24.079711352278,23.4050733876335,17.1440331922506,21.091665761375,9.56522255994382,25.4220571508446,8.7713233133066,9.46828812207458,15.0655391360394,24.3682892000818,10.3584152669719,25.1696787513743,8.3738460532919,10.7273816635688,15.3905066776265,19.7680242594723,NA,NA,NA,-12.4058367319439,-5.82211902610765,-10.5684978031917,-3.2882342563351,-11.4371709905063,-10.7332504944031,-13.7212960853061,-13.0466581206617,NA,NA,-6.78561792527865,0.793192707028075,-15.0636418838727,1.5870919536653,0.890127144897315,-4.70712386906745,-14.0098739331099,-14.8112634844024,1.98456921368,-0.368966396596949,-5.03209141065455,-9.4096089925004,"mLN",NA,NA,NA,NA,NA,NA,NA,NA,NA,NA,NA,NA,NA,NA,NA,NA,NA,NA,NA,8,290000,89.5933838731909,"challenge","F0 M. m. domesticus",NA,NA,NA,NA,NA,NA,0,0,0,NA,NA
"LM0260","E57","E64","E64","SCHUNT_SCHUNT","E57byAUZ",26,29.02,89.5933838731909,2.76,6,"challenge",9,18,9,14,1,50,125000,"E64_E64",FALSE,-11.9,11.2982790313474,NA,-11.615,-3.91,-6.305,22.7642519989158,16.1805342930795,20.9269130701636,13.646649523307,21.7955862574782,24.079711352278,23.4050733876335,17.1440331922506,21.091665761375,9.56522255994382,25.4220571508446,8.7713233133066,9.46828812207458,15.0655391360394,24.3682892000818,10.3584152669719,25.1696787513743,8.3738460532919,10.7273816635688,15.3905066776265,19.7680242594723,NA,NA,NA,-12.4058367319439,-5.82211902610765,-10.5684978031917,-3.2882342563351,-11.4371709905063,-10.7332504944031,-13.7212960853061,-13.0466581206617,NA,NA,-6.78561792527865,0.793192707028075,-15.0636418838727,1.5870919536653,0.890127144897315,-4.70712386906745,-14.0098739331099,-14.8112634844024,1.98456921368,-0.368966396596949,-5.03209141065455,-9.4096089925004,"mLN",NA,NA,NA,NA,NA,NA,NA,NA,NA,NA,NA,NA,NA,NA,NA,NA,NA,NA,NA,8,290000,89.5933838731909,"challenge","F0 M. m. domesticus",NA,NA,NA,NA,NA,NA,12.5,125000,45289.8550724638,NA,NA
"LM0260","E57","E64","E64","SCHUNT_SCHUNT","E57byRTX",29.31,29.02,100.999310820124,1.27,2,"challenge",0,0,0,0,1,0,0,"E64_E64",FALSE,-11.9,11.2982790313474,NA,-11.615,-3.91,-6.305,22.7642519989158,16.1805342930795,20.9269130701636,13.646649523307,21.7955862574782,24.079711352278,23.4050733876335,17.1440331922506,21.091665761375,9.56522255994382,25.4220571508446,8.7713233133066,9.46828812207458,15.0655391360394,24.3682892000818,10.3584152669719,25.1696787513743,8.3738460532919,10.7273816635688,15.3905066776265,19.7680242594723,NA,NA,NA,-12.4058367319439,-5.82211902610765,-10.5684978031917,-3.2882342563351,-11.4371709905063,-10.7332504944031,-13.7212960853061,-13.0466581206617,NA,NA,-6.78561792527865,0.793192707028075,-15.0636418838727,1.5870919536653,0.890127144897315,-4.70712386906745,-14.0098739331099,-14.8112634844024,1.98456921368,-0.368966396596949,-5.03209141065455,-9.4096089925004,"mLN",NA,NA,NA,NA,NA,NA,NA,NA,NA,NA,NA,NA,NA,NA,NA,NA,NA,NA,NA,8,290000,89.5933838731909,"challenge","F0 M. m. domesticus",0.0753,236.6,4.731,2.598,1.82,2.21,0,0,0,9.464,0.125683930942895
"LM0260","E57","E64","E64","SCHUNT_SCHUNT","E57byGIT",28.15,29.02,97.0020675396278,1.03,4,"challenge",0,0,0,0,1,0,0,"E64_E64",FALSE,-11.9,11.2982790313474,NA,-11.615,-3.91,-6.305,22.7642519989158,16.1805342930795,20.9269130701636,13.646649523307,21.7955862574782,24.079711352278,23.4050733876335,17.1440331922506,21.091665761375,9.56522255994382,25.4220571508446,8.7713233133066,9.46828812207458,15.0655391360394,24.3682892000818,10.3584152669719,25.1696787513743,8.3738460532919,10.7273816635688,15.3905066776265,19.7680242594723,NA,NA,NA,-12.4058367319439,-5.82211902610765,-10.5684978031917,-3.2882342563351,-11.4371709905063,-10.7332504944031,-13.7212960853061,-13.0466581206617,NA,NA,-6.78561792527865,0.793192707028075,-15.0636418838727,1.5870919536653,0.890127144897315,-4.70712386906745,-14.0098739331099,-14.8112634844024,1.98456921368,-0.368966396596949,-5.03209141065455,-9.4096089925004,"mLN",NA,NA,NA,NA,NA,NA,NA,NA,NA,NA,NA,NA,NA,NA,NA,NA,NA,NA,NA,8,290000,89.5933838731909,"challenge","F0 M. m. domesticus",0.0534,172.5,3.451,1.863,1.85,1.97,0,0,0,6.9,0.129213483146067
"LM0260","E57","E64","E64","SCHUNT_SCHUNT","E57byGHV",27.06,29.02,93.2460372157133,3.14,8,"challenge",0,0,0,0,1,0,0,"E64_E64",FALSE,-11.9,11.2982790313474,NA,-11.615,-3.91,-6.305,22.7642519989158,16.1805342930795,20.9269130701636,13.646649523307,21.7955862574782,24.079711352278,23.4050733876335,17.1440331922506,21.091665761375,9.56522255994382,25.4220571508446,8.7713233133066,9.46828812207458,15.0655391360394,24.3682892000818,10.3584152669719,25.1696787513743,8.3738460532919,10.7273816635688,15.3905066776265,19.7680242594723,NA,NA,NA,-12.4058367319439,-5.82211902610765,-10.5684978031917,-3.2882342563351,-11.4371709905063,-10.7332504944031,-13.7212960853061,-13.0466581206617,NA,NA,-6.78561792527865,0.793192707028075,-15.0636418838727,1.5870919536653,0.890127144897315,-4.70712386906745,-14.0098739331099,-14.8112634844024,1.98456921368,-0.368966396596949,-5.03209141065455,-9.4096089925004,"mLN",53.24,5.215,41.605,11.28,6.795,59.59,1.225,36.96,12.14,10.91,47.475,2.62,16.955,0,NA,"neg",94.73,0.6,NA,8,290000,89.5933838731909,"challenge","F0 M. m. domesticus",0.0494,39.6,0.792,0.429,1.85,1.42,0,0,0,1.584,0.0320647773279352
"LM0260","E57","E64","E64","SCHUNT_SCHUNT","E57byITX",29.36,29.02,101.171605789111,1.61,3,"challenge",0,0,0,0,1,0,0,"E64_E64",FALSE,-11.9,11.2982790313474,NA,-11.615,-3.91,-6.305,22.7642519989158,16.1805342930795,20.9269130701636,13.646649523307,21.7955862574782,24.079711352278,23.4050733876335,17.1440331922506,21.091665761375,9.56522255994382,25.4220571508446,8.7713233133066,9.46828812207458,15.0655391360394,24.3682892000818,10.3584152669719,25.1696787513743,8.3738460532919,10.7273816635688,15.3905066776265,19.7680242594723,NA,NA,NA,-12.4058367319439,-5.82211902610765,-10.5684978031917,-3.2882342563351,-11.4371709905063,-10.7332504944031,-13.7212960853061,-13.0466581206617,NA,NA,-6.78561792527865,0.793192707028075,-15.0636418838727,1.5870919536653,0.890127144897315,-4.70712386906745,-14.0098739331099,-14.8112634844024,1.98456921368,-0.368966396596949,-5.03209141065455,-9.4096089925004,"mLN",NA,NA,NA,NA,NA,NA,NA,NA,NA,NA,NA,NA,NA,NA,NA,NA,NA,NA,NA,8,290000,89.5933838731909,"challenge","F0 M. m. domesticus",0.0448,32.1,0.643,0.35,1.84,1.56,0,0,0,1.284,0.0286607142857143
"LM0260","E57","E64","E64","SCHUNT_SCHUNT","E57byRSU",29.82,29.02,102.75671950379,1.82,1,"challenge",0,0,0,0,1,0,0,"E64_E64",FALSE,-11.9,11.2982790313474,NA,-11.615,-3.91,-6.305,22.7642519989158,16.1805342930795,20.9269130701636,13.646649523307,21.7955862574782,24.079711352278,23.4050733876335,17.1440331922506,21.091665761375,9.56522255994382,25.4220571508446,8.7713233133066,9.46828812207458,15.0655391360394,24.3682892000818,10.3584152669719,25.1696787513743,8.3738460532919,10.7273816635688,15.3905066776265,19.7680242594723,NA,NA,NA,-12.4058367319439,-5.82211902610765,-10.5684978031917,-3.2882342563351,-11.4371709905063,-10.7332504944031,-13.7212960853061,-13.0466581206617,NA,NA,-6.78561792527865,0.793192707028075,-15.0636418838727,1.5870919536653,0.890127144897315,-4.70712386906745,-14.0098739331099,-14.8112634844024,1.98456921368,-0.368966396596949,-5.03209141065455,-9.4096089925004,"mLN",NA,NA,NA,NA,NA,NA,NA,NA,NA,NA,NA,NA,NA,NA,NA,NA,NA,NA,NA,8,290000,89.5933838731909,"challenge","F0 M. m. domesticus",0.0658,167.3,3.345,1.83,1.83,2.03,0,0,0,6.692,0.101702127659574
"LM0260","E57","E64","E64","SCHUNT_SCHUNT","E57byNTU",27.42,29.02,94.486560992419,2.37,7,"challenge",0,0,0,0,1,0,0,"E64_E64",FALSE,-11.9,11.2982790313474,NA,-11.615,-3.91,-6.305,22.7642519989158,16.1805342930795,20.9269130701636,13.646649523307,21.7955862574782,24.079711352278,23.4050733876335,17.1440331922506,21.091665761375,9.56522255994382,25.4220571508446,8.7713233133066,9.46828812207458,15.0655391360394,24.3682892000818,10.3584152669719,25.1696787513743,8.3738460532919,10.7273816635688,15.3905066776265,19.7680242594723,NA,NA,NA,-12.4058367319439,-5.82211902610765,-10.5684978031917,-3.2882342563351,-11.4371709905063,-10.7332504944031,-13.7212960853061,-13.0466581206617,NA,NA,-6.78561792527865,0.793192707028075,-15.0636418838727,1.5870919536653,0.890127144897315,-4.70712386906745,-14.0098739331099,-14.8112634844024,1.98456921368,-0.368966396596949,-5.03209141065455,-9.4096089925004,"mLN",NA,NA,NA,NA,NA,NA,NA,NA,NA,NA,NA,NA,NA,NA,NA,NA,NA,NA,NA,8,290000,89.5933838731909,"challenge","F0 M. m. domesticus",NA,NA,NA,NA,NA,NA,0,0,0,NA,NA
"LM0260","E57","E64","E64","SCHUNT_SCHUNT","E57byJKZ",28.75,29.02,99.0696071674707,2.65,5,"challenge",26,24,38,28,1,116,290000,"E64_E64",FALSE,-11.9,11.2982790313474,NA,-11.615,-3.91,-6.305,22.7642519989158,16.1805342930795,20.9269130701636,13.646649523307,21.7955862574782,24.079711352278,23.4050733876335,17.1440331922506,21.091665761375,9.56522255994382,25.4220571508446,8.7713233133066,9.46828812207458,15.0655391360394,24.3682892000818,10.3584152669719,25.1696787513743,8.3738460532919,10.7273816635688,15.3905066776265,19.7680242594723,NA,NA,NA,-12.4058367319439,-5.82211902610765,-10.5684978031917,-3.2882342563351,-11.4371709905063,-10.7332504944031,-13.7212960853061,-13.0466581206617,NA,NA,-6.78561792527865,0.793192707028075,-15.0636418838727,1.5870919536653,0.890127144897315,-4.70712386906745,-14.0098739331099,-14.8112634844024,1.98456921368,-0.368966396596949,-5.03209141065455,-9.4096089925004,"mLN",NA,NA,NA,NA,NA,NA,NA,NA,NA,NA,NA,NA,NA,NA,NA,NA,NA,NA,NA,8,290000,89.5933838731909,"challenge","F0 M. m. domesticus",0.0872,NA,NA,NA,NA,NA,29,290000,109433.962264151,NA,NA
"LM0262","E57","E64","E64","BUSNA_BUSNA","E57byAMV",21.94,21.13,103.833412210128,1.72,5,"challenge",8,7,17,8,1,40,1e+05,"E64_E64",FALSE,-10.06,0.225145312864292,NA,-12.8075,-5.5025,-7.7025,23.5799326362425,14.0087942814146,18.1432841860627,11.1866140836533,20.2295715048547,21.3107971575532,18.0729061810452,12.6321772609063,17.397090819855,9.4397903697346,NA,8.61375169695747,20.2936787052397,13.9163752548075,18.4986235602716,7.48151319580746,22.5984043289242,4.20308920788306,9.68427820908167,13.2740633559065,22.0808739054696,17.2198372802111,NA,NA,-16.0984194404351,-6.5272810856071,-10.6617709902552,-3.70510088784579,-12.7480583090472,-9.91557762404755,-13.8292839617457,-10.5913929852377,NA,-9.7383240844036,-5.15066406509889,-1.95827717392714,NA,-1.13223850115001,-12.8121655094322,-6.43486205900004,-11.0171103644641,-15.1168911331167,3.2784239879244,-2.20276501327421,-5.79255016009909,-14.5993607096621,"mLN",NA,NA,NA,NA,NA,NA,NA,NA,NA,NA,NA,NA,NA,NA,NA,NA,NA,NA,NA,8,102500,98.9588263132986,"challenge","F0 M. m. musculus",NA,NA,NA,NA,NA,NA,10,1e+05,58139.5348837209,NA,NA
"LM0262","E57","E64","E64","BUSNA_BUSNA","E57byFHK",22.27,21.13,105.39517274018,1.58,7,"challenge",2,0,1,1,1,4,10000,"E64_E64",FALSE,-10.06,0.225145312864292,NA,-12.8075,-5.5025,-7.7025,23.5799326362425,14.0087942814146,18.1432841860627,11.1866140836533,20.2295715048547,21.3107971575532,18.0729061810452,12.6321772609063,17.397090819855,9.4397903697346,NA,8.61375169695747,20.2936787052397,13.9163752548075,18.4986235602716,7.48151319580746,22.5984043289242,4.20308920788306,9.68427820908167,13.2740633559065,22.0808739054696,17.2198372802111,NA,NA,-16.0984194404351,-6.5272810856071,-10.6617709902552,-3.70510088784579,-12.7480583090472,-9.91557762404755,-13.8292839617457,-10.5913929852377,NA,-9.7383240844036,-5.15066406509889,-1.95827717392714,NA,-1.13223850115001,-12.8121655094322,-6.43486205900004,-11.0171103644641,-15.1168911331167,3.2784239879244,-2.20276501327421,-5.79255016009909,-14.5993607096621,"mLN",NA,NA,NA,NA,NA,NA,NA,NA,NA,NA,NA,NA,NA,NA,NA,NA,NA,NA,NA,8,102500,98.9588263132986,"challenge","F0 M. m. musculus",NA,NA,NA,NA,NA,NA,1,10000,6329.11392405063,NA,NA
"LM0262","E57","E64","E64","BUSNA_BUSNA","E57byCFV",21.95,21.13,103.880738286796,1.65,2,"challenge",0,0,0,0,1,0,0,"E64_E64",FALSE,-10.06,0.225145312864292,NA,-12.8075,-5.5025,-7.7025,23.5799326362425,14.0087942814146,18.1432841860627,11.1866140836533,20.2295715048547,21.3107971575532,18.0729061810452,12.6321772609063,17.397090819855,9.4397903697346,NA,8.61375169695747,20.2936787052397,13.9163752548075,18.4986235602716,7.48151319580746,22.5984043289242,4.20308920788306,9.68427820908167,13.2740633559065,22.0808739054696,17.2198372802111,NA,NA,-16.0984194404351,-6.5272810856071,-10.6617709902552,-3.70510088784579,-12.7480583090472,-9.91557762404755,-13.8292839617457,-10.5913929852377,NA,-9.7383240844036,-5.15066406509889,-1.95827717392714,NA,-1.13223850115001,-12.8121655094322,-6.43486205900004,-11.0171103644641,-15.1168911331167,3.2784239879244,-2.20276501327421,-5.79255016009909,-14.5993607096621,"mLN",NA,NA,NA,NA,NA,NA,NA,NA,NA,NA,NA,NA,NA,NA,NA,NA,NA,NA,NA,8,102500,98.9588263132986,"challenge","F0 M. m. musculus",0.0755,85.9,1.717,0.946,1.82,1.72,0,0,0,3.436,0.0455099337748344
"LM0262","E57","E64","E64","BUSNA_BUSNA","E57byABO",22.95,21.13,108.61334595362,1.42,8,"challenge",1,0,0,0,1,1,2500,"E64_E64",FALSE,-10.06,0.225145312864292,NA,-12.8075,-5.5025,-7.7025,23.5799326362425,14.0087942814146,18.1432841860627,11.1866140836533,20.2295715048547,21.3107971575532,18.0729061810452,12.6321772609063,17.397090819855,9.4397903697346,NA,8.61375169695747,20.2936787052397,13.9163752548075,18.4986235602716,7.48151319580746,22.5984043289242,4.20308920788306,9.68427820908167,13.2740633559065,22.0808739054696,17.2198372802111,NA,NA,-16.0984194404351,-6.5272810856071,-10.6617709902552,-3.70510088784579,-12.7480583090472,-9.91557762404755,-13.8292839617457,-10.5913929852377,NA,-9.7383240844036,-5.15066406509889,-1.95827717392714,NA,-1.13223850115001,-12.8121655094322,-6.43486205900004,-11.0171103644641,-15.1168911331167,3.2784239879244,-2.20276501327421,-5.79255016009909,-14.5993607096621,"mLN",28.295,27.23,38.21,8.875,5.925,65.7,1.935,41.455,35.575,19.175,31.745,3.055,19.105,1760.56338028169,NA,"neg",72.66,0.46,NA,8,102500,98.9588263132986,"challenge","F0 M. m. musculus",0.0592,95.8,1.916,1.074,1.78,1.57,0,0,0,3.832,0.0647297297297297
"LM0262","E57","E64","E64","BUSNA_BUSNA","E57byBKV",22.96,21.13,108.660672030289,1.04,4,"challenge",0,0,0,0,1,0,0,"E64_E64",FALSE,-10.06,0.225145312864292,NA,-12.8075,-5.5025,-7.7025,23.5799326362425,14.0087942814146,18.1432841860627,11.1866140836533,20.2295715048547,21.3107971575532,18.0729061810452,12.6321772609063,17.397090819855,9.4397903697346,NA,8.61375169695747,20.2936787052397,13.9163752548075,18.4986235602716,7.48151319580746,22.5984043289242,4.20308920788306,9.68427820908167,13.2740633559065,22.0808739054696,17.2198372802111,NA,NA,-16.0984194404351,-6.5272810856071,-10.6617709902552,-3.70510088784579,-12.7480583090472,-9.91557762404755,-13.8292839617457,-10.5913929852377,NA,-9.7383240844036,-5.15066406509889,-1.95827717392714,NA,-1.13223850115001,-12.8121655094322,-6.43486205900004,-11.0171103644641,-15.1168911331167,3.2784239879244,-2.20276501327421,-5.79255016009909,-14.5993607096621,"mLN",NA,NA,NA,NA,NA,NA,NA,NA,NA,NA,NA,NA,NA,NA,NA,NA,NA,NA,NA,8,102500,98.9588263132986,"challenge","F0 M. m. musculus",0.053,58.4,1.168,0.648,1.8,1.19,0,0,0,2.336,0.0440754716981132
"LM0262","E57","E64","E64","BUSNA_BUSNA","E57byNRV",22.13,21.13,104.732607666824,0.94,3,"challenge",0,0,0,0,1,0,0,"E64_E64",FALSE,-10.06,0.225145312864292,NA,-12.8075,-5.5025,-7.7025,23.5799326362425,14.0087942814146,18.1432841860627,11.1866140836533,20.2295715048547,21.3107971575532,18.0729061810452,12.6321772609063,17.397090819855,9.4397903697346,NA,8.61375169695747,20.2936787052397,13.9163752548075,18.4986235602716,7.48151319580746,22.5984043289242,4.20308920788306,9.68427820908167,13.2740633559065,22.0808739054696,17.2198372802111,NA,NA,-16.0984194404351,-6.5272810856071,-10.6617709902552,-3.70510088784579,-12.7480583090472,-9.91557762404755,-13.8292839617457,-10.5913929852377,NA,-9.7383240844036,-5.15066406509889,-1.95827717392714,NA,-1.13223850115001,-12.8121655094322,-6.43486205900004,-11.0171103644641,-15.1168911331167,3.2784239879244,-2.20276501327421,-5.79255016009909,-14.5993607096621,"mLN",NA,NA,NA,NA,NA,NA,NA,NA,NA,NA,NA,NA,NA,NA,NA,NA,NA,NA,NA,8,102500,98.9588263132986,"challenge","F0 M. m. musculus",0.094,54.6,1.092,0.599,1.82,1.42,0,0,0,2.184,0.0232340425531915
"LM0262","E57","E64","E64","BUSNA_BUSNA","E57byHQZ",21.13,21.13,100,1.08,0,"challenge",0,0,0,0,1,0,0,"E64_E64",FALSE,-10.06,0.225145312864292,NA,-12.8075,-5.5025,-7.7025,23.5799326362425,14.0087942814146,18.1432841860627,11.1866140836533,20.2295715048547,21.3107971575532,18.0729061810452,12.6321772609063,17.397090819855,9.4397903697346,NA,8.61375169695747,20.2936787052397,13.9163752548075,18.4986235602716,7.48151319580746,22.5984043289242,4.20308920788306,9.68427820908167,13.2740633559065,22.0808739054696,17.2198372802111,NA,NA,-16.0984194404351,-6.5272810856071,-10.6617709902552,-3.70510088784579,-12.7480583090472,-9.91557762404755,-13.8292839617457,-10.5913929852377,NA,-9.7383240844036,-5.15066406509889,-1.95827717392714,NA,-1.13223850115001,-12.8121655094322,-6.43486205900004,-11.0171103644641,-15.1168911331167,3.2784239879244,-2.20276501327421,-5.79255016009909,-14.5993607096621,"mLN",NA,NA,NA,NA,NA,NA,NA,NA,NA,NA,NA,NA,NA,NA,NA,NA,NA,NA,NA,8,102500,98.9588263132986,"challenge","F0 M. m. musculus",0.0474,204.3,4.086,2.243,1.82,2.09,0,0,0,8.172,0.172405063291139
"LM0262","E57","E64","E64","BUSNA_BUSNA","E57byNSX",20.91,21.13,98.9588263132986,1.79,6,"challenge",12,7,11,11,1,41,102500,"E64_E64",FALSE,-10.06,0.225145312864292,NA,-12.8075,-5.5025,-7.7025,23.5799326362425,14.0087942814146,18.1432841860627,11.1866140836533,20.2295715048547,21.3107971575532,18.0729061810452,12.6321772609063,17.397090819855,9.4397903697346,NA,8.61375169695747,20.2936787052397,13.9163752548075,18.4986235602716,7.48151319580746,22.5984043289242,4.20308920788306,9.68427820908167,13.2740633559065,22.0808739054696,17.2198372802111,NA,NA,-16.0984194404351,-6.5272810856071,-10.6617709902552,-3.70510088784579,-12.7480583090472,-9.91557762404755,-13.8292839617457,-10.5913929852377,NA,-9.7383240844036,-5.15066406509889,-1.95827717392714,NA,-1.13223850115001,-12.8121655094322,-6.43486205900004,-11.0171103644641,-15.1168911331167,3.2784239879244,-2.20276501327421,-5.79255016009909,-14.5993607096621,"mLN",NA,NA,NA,NA,NA,NA,NA,NA,NA,NA,NA,NA,NA,NA,NA,NA,NA,NA,NA,8,102500,98.9588263132986,"challenge","F0 M. m. musculus",0.0471,163.3,3.265,1.779,1.84,1.95,10.25,102500,57262.5698324022,6.532,0.138683651804671
"LM0262","E57","E64","E64","BUSNA_BUSNA","E57byHKS",21.53,21.13,101.89304306673,1.38,1,"challenge",0,0,0,0,1,0,0,"E64_E64",FALSE,-10.06,0.225145312864292,NA,-12.8075,-5.5025,-7.7025,23.5799326362425,14.0087942814146,18.1432841860627,11.1866140836533,20.2295715048547,21.3107971575532,18.0729061810452,12.6321772609063,17.397090819855,9.4397903697346,NA,8.61375169695747,20.2936787052397,13.9163752548075,18.4986235602716,7.48151319580746,22.5984043289242,4.20308920788306,9.68427820908167,13.2740633559065,22.0808739054696,17.2198372802111,NA,NA,-16.0984194404351,-6.5272810856071,-10.6617709902552,-3.70510088784579,-12.7480583090472,-9.91557762404755,-13.8292839617457,-10.5913929852377,NA,-9.7383240844036,-5.15066406509889,-1.95827717392714,NA,-1.13223850115001,-12.8121655094322,-6.43486205900004,-11.0171103644641,-15.1168911331167,3.2784239879244,-2.20276501327421,-5.79255016009909,-14.5993607096621,"mLN",NA,NA,NA,NA,NA,NA,NA,NA,NA,NA,NA,NA,NA,NA,NA,NA,NA,NA,NA,8,102500,98.9588263132986,"challenge","F0 M. m. musculus",0.0542,204.5,4.089,2.291,1.78,1.72,0,0,0,8.18,0.150922509225092
"LM0265","E57","E64","E64","BUSNA_STRA","E57byIMQ",26.37,26.43,99.7729852440409,2.45,8,"challenge",0,0,0,1,1,1,2500,"E64_E64",FALSE,-11.42,24.5913139705393,NA,-5.5275,-15.3325,-6.5675,22.868144169834,16.9420102299188,20.3136848149697,12.246574968978,19.8896704331148,21.6225374867727,22.4387952084183,17.6432435760796,19.9349384850854,8.74869479833603,26.2044250750036,7.94036852936516,12.2929914124714,15.5188925759275,20.7922893171572,10.0952985882817,26.1161360494092,6.06310032505876,9.98061190569467,14.7582943323047,18.449809351917,23.5742595736005,NA,NA,-12.7728455815523,-6.84671164163715,-10.218386226688,-2.15127638069635,-9.7943718448331,-9.83963989680365,-11.527238898491,-12.3434966201366,NA,-13.4789609853188,-7.5479449877979,1.34660378994568,-16.1091264867219,2.15493005891654,-2.19769282418965,-5.42359398764585,-10.6969907288755,-16.0208374611275,4.03219826322294,0.114686682587035,-4.662995744023,-8.35451076363525,"mLN",48.49,5.22,36.585,17.105,3.37,72.075,0.62,38.04,27.135,6.945,43.535,2.015,11.53,1020.40816326531,NA,"neg",94.7,1.225,NA,8,135000,89.7843359818388,"challenge","F1 hybrid",0.0449,209.3,4.187,2.295,1.82,2.18,0,0,0,8.372,0.186458797327394
"LM0265","E57","E64","E64","BUSNA_STRA","E57byFGW",25.91,26.43,98.0325387816875,1.09,4,"challenge",0,0,0,0,1,0,0,"E64_E64",FALSE,-11.42,24.5913139705393,NA,-5.5275,-15.3325,-6.5675,22.868144169834,16.9420102299188,20.3136848149697,12.246574968978,19.8896704331148,21.6225374867727,22.4387952084183,17.6432435760796,19.9349384850854,8.74869479833603,26.2044250750036,7.94036852936516,12.2929914124714,15.5188925759275,20.7922893171572,10.0952985882817,26.1161360494092,6.06310032505876,9.98061190569467,14.7582943323047,18.449809351917,23.5742595736005,NA,NA,-12.7728455815523,-6.84671164163715,-10.218386226688,-2.15127638069635,-9.7943718448331,-9.83963989680365,-11.527238898491,-12.3434966201366,NA,-13.4789609853188,-7.5479449877979,1.34660378994568,-16.1091264867219,2.15493005891654,-2.19769282418965,-5.42359398764585,-10.6969907288755,-16.0208374611275,4.03219826322294,0.114686682587035,-4.662995744023,-8.35451076363525,"mLN",NA,NA,NA,NA,NA,NA,NA,NA,NA,NA,NA,NA,NA,NA,NA,NA,NA,NA,NA,8,135000,89.7843359818388,"challenge","F1 hybrid",0.0576,43.3,0.867,0.503,1.72,1.21,0,0,0,1.732,0.0300694444444444
"LM0265","E57","E64","E64","BUSNA_STRA","E57byBKY",26.3,26.43,99.5081346954219,2.54,2,"challenge",0,0,0,0,1,0,0,"E64_E64",FALSE,-11.42,24.5913139705393,NA,-5.5275,-15.3325,-6.5675,22.868144169834,16.9420102299188,20.3136848149697,12.246574968978,19.8896704331148,21.6225374867727,22.4387952084183,17.6432435760796,19.9349384850854,8.74869479833603,26.2044250750036,7.94036852936516,12.2929914124714,15.5188925759275,20.7922893171572,10.0952985882817,26.1161360494092,6.06310032505876,9.98061190569467,14.7582943323047,18.449809351917,23.5742595736005,NA,NA,-12.7728455815523,-6.84671164163715,-10.218386226688,-2.15127638069635,-9.7943718448331,-9.83963989680365,-11.527238898491,-12.3434966201366,NA,-13.4789609853188,-7.5479449877979,1.34660378994568,-16.1091264867219,2.15493005891654,-2.19769282418965,-5.42359398764585,-10.6969907288755,-16.0208374611275,4.03219826322294,0.114686682587035,-4.662995744023,-8.35451076363525,"mLN",NA,NA,NA,NA,NA,NA,NA,NA,NA,NA,NA,NA,NA,NA,NA,NA,NA,NA,NA,8,135000,89.7843359818388,"challenge","F1 hybrid",0.0476,27.6,0.553,0.328,1.69,0.46,0,0,0,1.104,0.0231932773109244
"LM0265","E57","E64","E64","BUSNA_STRA","E57byDKM",26.43,26.43,100,1.39,0,"challenge",0,0,0,0,1,0,0,"E64_E64",FALSE,-11.42,24.5913139705393,NA,-5.5275,-15.3325,-6.5675,22.868144169834,16.9420102299188,20.3136848149697,12.246574968978,19.8896704331148,21.6225374867727,22.4387952084183,17.6432435760796,19.9349384850854,8.74869479833603,26.2044250750036,7.94036852936516,12.2929914124714,15.5188925759275,20.7922893171572,10.0952985882817,26.1161360494092,6.06310032505876,9.98061190569467,14.7582943323047,18.449809351917,23.5742595736005,NA,NA,-12.7728455815523,-6.84671164163715,-10.218386226688,-2.15127638069635,-9.7943718448331,-9.83963989680365,-11.527238898491,-12.3434966201366,NA,-13.4789609853188,-7.5479449877979,1.34660378994568,-16.1091264867219,2.15493005891654,-2.19769282418965,-5.42359398764585,-10.6969907288755,-16.0208374611275,4.03219826322294,0.114686682587035,-4.662995744023,-8.35451076363525,"mLN",NA,NA,NA,NA,NA,NA,NA,NA,NA,NA,NA,NA,NA,NA,NA,NA,NA,NA,NA,8,135000,89.7843359818388,"challenge","F1 hybrid",0.0591,295,5.9,3.221,1.83,2.22,0,0,0,11.8,0.199661590524535
"LM0265","E57","E64","E64","BUSNA_STRA","E57byGSV",25.95,26.43,98.1838819523269,1.35,7,"challenge",2,2,3,4,1,11,27500,"E64_E64",FALSE,-11.42,24.5913139705393,NA,-5.5275,-15.3325,-6.5675,22.868144169834,16.9420102299188,20.3136848149697,12.246574968978,19.8896704331148,21.6225374867727,22.4387952084183,17.6432435760796,19.9349384850854,8.74869479833603,26.2044250750036,7.94036852936516,12.2929914124714,15.5188925759275,20.7922893171572,10.0952985882817,26.1161360494092,6.06310032505876,9.98061190569467,14.7582943323047,18.449809351917,23.5742595736005,NA,NA,-12.7728455815523,-6.84671164163715,-10.218386226688,-2.15127638069635,-9.7943718448331,-9.83963989680365,-11.527238898491,-12.3434966201366,NA,-13.4789609853188,-7.5479449877979,1.34660378994568,-16.1091264867219,2.15493005891654,-2.19769282418965,-5.42359398764585,-10.6969907288755,-16.0208374611275,4.03219826322294,0.114686682587035,-4.662995744023,-8.35451076363525,"mLN",NA,NA,NA,NA,NA,NA,NA,NA,NA,NA,NA,NA,NA,NA,NA,NA,NA,NA,NA,8,135000,89.7843359818388,"challenge","F1 hybrid",NA,NA,NA,NA,NA,NA,2.75,27500,20370.3703703704,NA,NA
"LM0265","E57","E64","E64","BUSNA_STRA","E57byPQY",26.11,26.43,98.7892546348846,2.34,1,"challenge",0,0,0,0,2,0,0,"E64_E64",FALSE,-11.42,24.5913139705393,NA,-5.5275,-15.3325,-6.5675,22.868144169834,16.9420102299188,20.3136848149697,12.246574968978,19.8896704331148,21.6225374867727,22.4387952084183,17.6432435760796,19.9349384850854,8.74869479833603,26.2044250750036,7.94036852936516,12.2929914124714,15.5188925759275,20.7922893171572,10.0952985882817,26.1161360494092,6.06310032505876,9.98061190569467,14.7582943323047,18.449809351917,23.5742595736005,NA,NA,-12.7728455815523,-6.84671164163715,-10.218386226688,-2.15127638069635,-9.7943718448331,-9.83963989680365,-11.527238898491,-12.3434966201366,NA,-13.4789609853188,-7.5479449877979,1.34660378994568,-16.1091264867219,2.15493005891654,-2.19769282418965,-5.42359398764585,-10.6969907288755,-16.0208374611275,4.03219826322294,0.114686682587035,-4.662995744023,-8.35451076363525,"mLN",NA,NA,NA,NA,NA,NA,NA,NA,NA,NA,NA,NA,NA,NA,NA,NA,NA,NA,NA,8,135000,89.7843359818388,"challenge","F1 hybrid",0.0573,34.5,0.69,0.4,1.72,1.04,0,0,0,1.38,0.0240837696335079
"LM0265","E57","E64","E64","BUSNA_STRA","E57byAHU",23.73,26.43,89.7843359818388,2.06,6,"challenge",12,14,23,5,1,54,135000,"E64_E64",FALSE,-11.42,24.5913139705393,NA,-5.5275,-15.3325,-6.5675,22.868144169834,16.9420102299188,20.3136848149697,12.246574968978,19.8896704331148,21.6225374867727,22.4387952084183,17.6432435760796,19.9349384850854,8.74869479833603,26.2044250750036,7.94036852936516,12.2929914124714,15.5188925759275,20.7922893171572,10.0952985882817,26.1161360494092,6.06310032505876,9.98061190569467,14.7582943323047,18.449809351917,23.5742595736005,NA,NA,-12.7728455815523,-6.84671164163715,-10.218386226688,-2.15127638069635,-9.7943718448331,-9.83963989680365,-11.527238898491,-12.3434966201366,NA,-13.4789609853188,-7.5479449877979,1.34660378994568,-16.1091264867219,2.15493005891654,-2.19769282418965,-5.42359398764585,-10.6969907288755,-16.0208374611275,4.03219826322294,0.114686682587035,-4.662995744023,-8.35451076363525,"mLN",NA,NA,NA,NA,NA,NA,NA,NA,NA,NA,NA,NA,NA,NA,NA,NA,NA,NA,NA,8,135000,89.7843359818388,"challenge","F1 hybrid",0.0458,197.5,3.95,2.176,1.82,1.96,13.5,135000,65533.9805825243,7.9,0.172489082969432
"LM0265","E57","E64","E64","BUSNA_STRA","E57byEIS",26.41,26.43,99.9243284146803,1.47,3,"challenge",0,0,0,0,1,0,0,"E64_E64",FALSE,-11.42,24.5913139705393,NA,-5.5275,-15.3325,-6.5675,22.868144169834,16.9420102299188,20.3136848149697,12.246574968978,19.8896704331148,21.6225374867727,22.4387952084183,17.6432435760796,19.9349384850854,8.74869479833603,26.2044250750036,7.94036852936516,12.2929914124714,15.5188925759275,20.7922893171572,10.0952985882817,26.1161360494092,6.06310032505876,9.98061190569467,14.7582943323047,18.449809351917,23.5742595736005,NA,NA,-12.7728455815523,-6.84671164163715,-10.218386226688,-2.15127638069635,-9.7943718448331,-9.83963989680365,-11.527238898491,-12.3434966201366,NA,-13.4789609853188,-7.5479449877979,1.34660378994568,-16.1091264867219,2.15493005891654,-2.19769282418965,-5.42359398764585,-10.6969907288755,-16.0208374611275,4.03219826322294,0.114686682587035,-4.662995744023,-8.35451076363525,"mLN",NA,NA,NA,NA,NA,NA,NA,NA,NA,NA,NA,NA,NA,NA,NA,NA,NA,NA,NA,8,135000,89.7843359818388,"challenge","F1 hybrid",0.0606,219.5,4.391,2.427,1.81,1.34,0,0,0,8.78,0.144884488448845
"LM0265","E57","E64","E64","BUSNA_STRA","E57byAFP",25.3,26.43,95.7245554294363,2.51,5,"challenge",28,32,20,25,2,105,131250,"E64_E64",FALSE,-11.42,24.5913139705393,NA,-5.5275,-15.3325,-6.5675,22.868144169834,16.9420102299188,20.3136848149697,12.246574968978,19.8896704331148,21.6225374867727,22.4387952084183,17.6432435760796,19.9349384850854,8.74869479833603,26.2044250750036,7.94036852936516,12.2929914124714,15.5188925759275,20.7922893171572,10.0952985882817,26.1161360494092,6.06310032505876,9.98061190569467,14.7582943323047,18.449809351917,23.5742595736005,NA,NA,-12.7728455815523,-6.84671164163715,-10.218386226688,-2.15127638069635,-9.7943718448331,-9.83963989680365,-11.527238898491,-12.3434966201366,NA,-13.4789609853188,-7.5479449877979,1.34660378994568,-16.1091264867219,2.15493005891654,-2.19769282418965,-5.42359398764585,-10.6969907288755,-16.0208374611275,4.03219826322294,0.114686682587035,-4.662995744023,-8.35451076363525,"mLN",NA,NA,NA,NA,NA,NA,NA,NA,NA,NA,NA,NA,NA,NA,NA,NA,NA,NA,NA,8,135000,89.7843359818388,"challenge","F1 hybrid",NA,NA,NA,NA,NA,NA,26.25,525000,209163.346613546,NA,NA
"LM0269","E57","E64","E64","STRA_SCHUNT","E57byBIW",21.6,21.6,100,1,0,"challenge",0,0,0,0,1,0,0,"E64_E64",TRUE,-7.91,28.0476364972057,NA,-6.3075,-13.0275,-3.8175,22.6945137545379,15.8519952281937,20.5380217989712,12.968113011024,21.2567865239748,20.7664904922603,22.9205290335294,17.4248919313573,20.0282347108054,8.20314064939407,NA,8.23377547229276,17.4259174143897,17.3546871721475,21.2368888948476,11.8837161118819,29.1641542471793,9.98238761678727,9.48288992395858,14.8634416911452,21.0813504721469,24.1187439281352,NA,NA,-10.810797642656,-3.9682791163118,-8.65430568708925,-1.0843968991421,-9.37307041209295,-8.14451859892345,-8.8827743803784,-11.0368129216475,NA,-12.2350278162533,-5.54117581947535,3.68057546248783,NA,3.64994063958913,-5.5422013025078,-5.47097106026565,-9.3531727829657,-17.2804381352974,1.90132849509462,2.40082618792332,-2.9797255792633,-9.197634360265,"mLN",NA,NA,NA,NA,NA,NA,NA,NA,NA,NA,NA,NA,NA,NA,NA,NA,NA,NA,NA,8,47500,91.25,"challenge","F1 M. m. domesticus",0.027,136.8,2.737,1.594,1.72,1.09,0,0,0,5.472,0.202666666666667
"LM0269","E57","E64","E64","STRA_SCHUNT","E57byLOT",21.19,21.6,98.1018518518518,1.22,8,"challenge",0,0,0,0,1,0,0,"E64_E64",TRUE,-7.91,28.0476364972057,NA,-6.3075,-13.0275,-3.8175,22.6945137545379,15.8519952281937,20.5380217989712,12.968113011024,21.2567865239748,20.7664904922603,22.9205290335294,17.4248919313573,20.0282347108054,8.20314064939407,NA,8.23377547229276,17.4259174143897,17.3546871721475,21.2368888948476,11.8837161118819,29.1641542471793,9.98238761678727,9.48288992395858,14.8634416911452,21.0813504721469,24.1187439281352,NA,NA,-10.810797642656,-3.9682791163118,-8.65430568708925,-1.0843968991421,-9.37307041209295,-8.14451859892345,-8.8827743803784,-11.0368129216475,NA,-12.2350278162533,-5.54117581947535,3.68057546248783,NA,3.64994063958913,-5.5422013025078,-5.47097106026565,-9.3531727829657,-17.2804381352974,1.90132849509462,2.40082618792332,-2.9797255792633,-9.197634360265,"mLN",53.51,4.525,30.58,17.135,5.615,41.68,0.975,22.355,7.365,16.415,45.83,5.475,31.365,0,NA,"pos",95.405,0.465,NA,8,47500,91.25,"challenge","F1 M. m. domesticus",0.0505,172.4,3.449,1.909,1.81,1.79,0,0,0,6.896,0.136554455445545
"LM0269","E57","E64","E64","STRA_SCHUNT","E57byGPR",21.34,21.6,98.7962962962963,1.9,5,"challenge",3,5,3,8,1,19,47500,"E64_E64",TRUE,-7.91,28.0476364972057,NA,-6.3075,-13.0275,-3.8175,22.6945137545379,15.8519952281937,20.5380217989712,12.968113011024,21.2567865239748,20.7664904922603,22.9205290335294,17.4248919313573,20.0282347108054,8.20314064939407,NA,8.23377547229276,17.4259174143897,17.3546871721475,21.2368888948476,11.8837161118819,29.1641542471793,9.98238761678727,9.48288992395858,14.8634416911452,21.0813504721469,24.1187439281352,NA,NA,-10.810797642656,-3.9682791163118,-8.65430568708925,-1.0843968991421,-9.37307041209295,-8.14451859892345,-8.8827743803784,-11.0368129216475,NA,-12.2350278162533,-5.54117581947535,3.68057546248783,NA,3.64994063958913,-5.5422013025078,-5.47097106026565,-9.3531727829657,-17.2804381352974,1.90132849509462,2.40082618792332,-2.9797255792633,-9.197634360265,"mLN",NA,NA,NA,NA,NA,NA,NA,NA,NA,NA,NA,NA,NA,NA,NA,NA,NA,NA,NA,8,47500,91.25,"challenge","F1 M. m. domesticus",NA,NA,NA,NA,NA,NA,4.75,47500,25000,NA,NA
"LM0269","E57","E64","E64","STRA_SCHUNT","E57byHJW",22.21,21.6,102.824074074074,1.05,1,"challenge",0,0,0,0,1,0,0,"E64_E64",TRUE,-7.91,28.0476364972057,NA,-6.3075,-13.0275,-3.8175,22.6945137545379,15.8519952281937,20.5380217989712,12.968113011024,21.2567865239748,20.7664904922603,22.9205290335294,17.4248919313573,20.0282347108054,8.20314064939407,NA,8.23377547229276,17.4259174143897,17.3546871721475,21.2368888948476,11.8837161118819,29.1641542471793,9.98238761678727,9.48288992395858,14.8634416911452,21.0813504721469,24.1187439281352,NA,NA,-10.810797642656,-3.9682791163118,-8.65430568708925,-1.0843968991421,-9.37307041209295,-8.14451859892345,-8.8827743803784,-11.0368129216475,NA,-12.2350278162533,-5.54117581947535,3.68057546248783,NA,3.64994063958913,-5.5422013025078,-5.47097106026565,-9.3531727829657,-17.2804381352974,1.90132849509462,2.40082618792332,-2.9797255792633,-9.197634360265,"mLN",NA,NA,NA,NA,NA,NA,NA,NA,NA,NA,NA,NA,NA,NA,NA,NA,NA,NA,NA,8,47500,91.25,"challenge","F1 M. m. domesticus",0.0549,182.9,3.658,2.054,1.78,1.41,0,0,0,7.316,0.133260473588342
"LM0269","E57","E64","E64","STRA_SCHUNT","E57byIQW",20.85,21.6,96.5277777777778,1.78,7,"challenge",0,2,1,2,1,5,12500,"E64_E64",TRUE,-7.91,28.0476364972057,NA,-6.3075,-13.0275,-3.8175,22.6945137545379,15.8519952281937,20.5380217989712,12.968113011024,21.2567865239748,20.7664904922603,22.9205290335294,17.4248919313573,20.0282347108054,8.20314064939407,NA,8.23377547229276,17.4259174143897,17.3546871721475,21.2368888948476,11.8837161118819,29.1641542471793,9.98238761678727,9.48288992395858,14.8634416911452,21.0813504721469,24.1187439281352,NA,NA,-10.810797642656,-3.9682791163118,-8.65430568708925,-1.0843968991421,-9.37307041209295,-8.14451859892345,-8.8827743803784,-11.0368129216475,NA,-12.2350278162533,-5.54117581947535,3.68057546248783,NA,3.64994063958913,-5.5422013025078,-5.47097106026565,-9.3531727829657,-17.2804381352974,1.90132849509462,2.40082618792332,-2.9797255792633,-9.197634360265,"mLN",NA,NA,NA,NA,NA,NA,NA,NA,NA,NA,NA,NA,NA,NA,NA,NA,NA,NA,NA,8,47500,91.25,"challenge","F1 M. m. domesticus",NA,NA,NA,NA,NA,NA,1.25,12500,7022.47191011236,NA,NA
"LM0269","E57","E64","E64","STRA_SCHUNT","E57byEIV",21.65,21.6,100.231481481481,1.61,2,"challenge",0,0,0,0,1,0,0,"E64_E64",TRUE,-7.91,28.0476364972057,NA,-6.3075,-13.0275,-3.8175,22.6945137545379,15.8519952281937,20.5380217989712,12.968113011024,21.2567865239748,20.7664904922603,22.9205290335294,17.4248919313573,20.0282347108054,8.20314064939407,NA,8.23377547229276,17.4259174143897,17.3546871721475,21.2368888948476,11.8837161118819,29.1641542471793,9.98238761678727,9.48288992395858,14.8634416911452,21.0813504721469,24.1187439281352,NA,NA,-10.810797642656,-3.9682791163118,-8.65430568708925,-1.0843968991421,-9.37307041209295,-8.14451859892345,-8.8827743803784,-11.0368129216475,NA,-12.2350278162533,-5.54117581947535,3.68057546248783,NA,3.64994063958913,-5.5422013025078,-5.47097106026565,-9.3531727829657,-17.2804381352974,1.90132849509462,2.40082618792332,-2.9797255792633,-9.197634360265,"mLN",NA,NA,NA,NA,NA,NA,NA,NA,NA,NA,NA,NA,NA,NA,NA,NA,NA,NA,NA,8,47500,91.25,"challenge","F1 M. m. domesticus",0.0894,184.3,3.687,2.017,1.83,2.11,0,0,0,7.372,0.0824608501118568
"LM0269","E57","E64","E64","STRA_SCHUNT","E57byAQY",19.71,21.6,91.25,1.31,6,"challenge",3,2,1,0,1,6,15000,"E64_E64",TRUE,-7.91,28.0476364972057,NA,-6.3075,-13.0275,-3.8175,22.6945137545379,15.8519952281937,20.5380217989712,12.968113011024,21.2567865239748,20.7664904922603,22.9205290335294,17.4248919313573,20.0282347108054,8.20314064939407,NA,8.23377547229276,17.4259174143897,17.3546871721475,21.2368888948476,11.8837161118819,29.1641542471793,9.98238761678727,9.48288992395858,14.8634416911452,21.0813504721469,24.1187439281352,NA,NA,-10.810797642656,-3.9682791163118,-8.65430568708925,-1.0843968991421,-9.37307041209295,-8.14451859892345,-8.8827743803784,-11.0368129216475,NA,-12.2350278162533,-5.54117581947535,3.68057546248783,NA,3.64994063958913,-5.5422013025078,-5.47097106026565,-9.3531727829657,-17.2804381352974,1.90132849509462,2.40082618792332,-2.9797255792633,-9.197634360265,"mLN",NA,NA,NA,NA,NA,NA,NA,NA,NA,NA,NA,NA,NA,NA,NA,NA,NA,NA,NA,8,47500,91.25,"challenge","F1 M. m. domesticus",NA,NA,NA,NA,NA,NA,1.5,15000,11450.3816793893,NA,NA
"LM0269","E57","E64","E64","STRA_SCHUNT","E57byMNP",21.5,21.6,99.537037037037,1.31,3,"challenge",0,0,0,0,1,0,0,"E64_E64",TRUE,-7.91,28.0476364972057,NA,-6.3075,-13.0275,-3.8175,22.6945137545379,15.8519952281937,20.5380217989712,12.968113011024,21.2567865239748,20.7664904922603,22.9205290335294,17.4248919313573,20.0282347108054,8.20314064939407,NA,8.23377547229276,17.4259174143897,17.3546871721475,21.2368888948476,11.8837161118819,29.1641542471793,9.98238761678727,9.48288992395858,14.8634416911452,21.0813504721469,24.1187439281352,NA,NA,-10.810797642656,-3.9682791163118,-8.65430568708925,-1.0843968991421,-9.37307041209295,-8.14451859892345,-8.8827743803784,-11.0368129216475,NA,-12.2350278162533,-5.54117581947535,3.68057546248783,NA,3.64994063958913,-5.5422013025078,-5.47097106026565,-9.3531727829657,-17.2804381352974,1.90132849509462,2.40082618792332,-2.9797255792633,-9.197634360265,"mLN",NA,NA,NA,NA,NA,NA,NA,NA,NA,NA,NA,NA,NA,NA,NA,NA,NA,NA,NA,8,47500,91.25,"challenge","F1 M. m. domesticus",0.0623,194,3.88,2.111,1.84,2.05,0,0,0,7.76,0.124558587479936
"LM0269","E57","E64","E64","STRA_SCHUNT","E57bySUZ",21.51,21.6,99.5833333333333,0.94,4,"challenge",0,0,0,0,1,0,0,"E64_E64",TRUE,-7.91,28.0476364972057,NA,-6.3075,-13.0275,-3.8175,22.6945137545379,15.8519952281937,20.5380217989712,12.968113011024,21.2567865239748,20.7664904922603,22.9205290335294,17.4248919313573,20.0282347108054,8.20314064939407,NA,8.23377547229276,17.4259174143897,17.3546871721475,21.2368888948476,11.8837161118819,29.1641542471793,9.98238761678727,9.48288992395858,14.8634416911452,21.0813504721469,24.1187439281352,NA,NA,-10.810797642656,-3.9682791163118,-8.65430568708925,-1.0843968991421,-9.37307041209295,-8.14451859892345,-8.8827743803784,-11.0368129216475,NA,-12.2350278162533,-5.54117581947535,3.68057546248783,NA,3.64994063958913,-5.5422013025078,-5.47097106026565,-9.3531727829657,-17.2804381352974,1.90132849509462,2.40082618792332,-2.9797255792633,-9.197634360265,"mLN",NA,NA,NA,NA,NA,NA,NA,NA,NA,NA,NA,NA,NA,NA,NA,NA,NA,NA,NA,8,47500,91.25,"challenge","F1 M. m. domesticus",0.0566,170.6,3.411,1.863,1.83,1.95,0,0,0,6.824,0.120565371024735
"LM0270","E57","E64","E64","SCHUNT_STRA","E57byBTZ",22.6,23.89,94.6002511511092,1.75,4,"challenge",0,0,0,0,1,0,0,"E64_E64",FALSE,-9.75,19.7264528663963,NA,-10.955,-5.455,-8.01,24.1637277869359,13.9324144443423,18.9760745198312,11.2299355811096,19.7080487964698,21.1572813788438,23.0309148117982,13.4023246731884,19.0715036899568,9.72538579890607,24.647329628428,6.81417730773316,11.0036530094881,13.4082244233311,20.0337147003139,8.34556377853086,21.107975409495,5.91748211134282,11.1942861273474,13.0495310779125,16.8455768381866,22.4374119795842,NA,NA,-15.818164008405,-5.58685066581149,-10.6305107413003,-2.88437180257874,-11.3624850179389,-10.725939911426,-12.8117176003129,-14.6853510332673,NA,-14.0918482010534,-5.05676089465759,-1.37982202037522,-16.3017658498971,1.5313864707977,-2.65808923095724,-5.06266064480029,-11.688150921783,-12.7624116309641,2.42808166718804,-2.84872234881654,-4.70396729938164,-8.5000130596557,"mLN",NA,NA,NA,NA,NA,NA,NA,NA,NA,NA,NA,NA,NA,NA,NA,NA,NA,NA,NA,8,180000,94.1816659690247,"challenge","F1 M. m. domesticus",0.0887,22.4,0.447,0.262,1.71,0.77,0,0,0,0.896,0.0101014656144307
"LM0270","E57","E64","E64","SCHUNT_STRA","E57byNRU",22.5,23.89,94.1816659690247,1.38,6,"challenge",16,4,5,7,1,32,80000,"E64_E64",FALSE,-9.75,19.7264528663963,NA,-10.955,-5.455,-8.01,24.1637277869359,13.9324144443423,18.9760745198312,11.2299355811096,19.7080487964698,21.1572813788438,23.0309148117982,13.4023246731884,19.0715036899568,9.72538579890607,24.647329628428,6.81417730773316,11.0036530094881,13.4082244233311,20.0337147003139,8.34556377853086,21.107975409495,5.91748211134282,11.1942861273474,13.0495310779125,16.8455768381866,22.4374119795842,NA,NA,-15.818164008405,-5.58685066581149,-10.6305107413003,-2.88437180257874,-11.3624850179389,-10.725939911426,-12.8117176003129,-14.6853510332673,NA,-14.0918482010534,-5.05676089465759,-1.37982202037522,-16.3017658498971,1.5313864707977,-2.65808923095724,-5.06266064480029,-11.688150921783,-12.7624116309641,2.42808166718804,-2.84872234881654,-4.70396729938164,-8.5000130596557,"mLN",NA,NA,NA,NA,NA,NA,NA,NA,NA,NA,NA,NA,NA,NA,NA,NA,NA,NA,NA,8,180000,94.1816659690247,"challenge","F1 M. m. domesticus",0.0389,216.4,4.328,2.354,1.84,1.99,8,80000,57971.0144927536,8.656,0.222519280205656
"LM0270","E57","E64","E64","SCHUNT_STRA","E57byEKV",22.62,23.89,94.6839681875262,1.4,7,"challenge",4,4,4,1,1,13,32500,"E64_E64",FALSE,-9.75,19.7264528663963,NA,-10.955,-5.455,-8.01,24.1637277869359,13.9324144443423,18.9760745198312,11.2299355811096,19.7080487964698,21.1572813788438,23.0309148117982,13.4023246731884,19.0715036899568,9.72538579890607,24.647329628428,6.81417730773316,11.0036530094881,13.4082244233311,20.0337147003139,8.34556377853086,21.107975409495,5.91748211134282,11.1942861273474,13.0495310779125,16.8455768381866,22.4374119795842,NA,NA,-15.818164008405,-5.58685066581149,-10.6305107413003,-2.88437180257874,-11.3624850179389,-10.725939911426,-12.8117176003129,-14.6853510332673,NA,-14.0918482010534,-5.05676089465759,-1.37982202037522,-16.3017658498971,1.5313864707977,-2.65808923095724,-5.06266064480029,-11.688150921783,-12.7624116309641,2.42808166718804,-2.84872234881654,-4.70396729938164,-8.5000130596557,"mLN",NA,NA,NA,NA,NA,NA,NA,NA,NA,NA,NA,NA,NA,NA,NA,NA,NA,NA,NA,8,180000,94.1816659690247,"challenge","F1 M. m. domesticus",0.0653,173.3,3.467,1.873,1.85,1.94,3.25,32500,23214.2857142857,6.932,0.106156202143951
"LM0270","E57","E64","E64","SCHUNT_STRA","E57byOSZ",22.92,23.89,95.9397237337798,1.62,1,"challenge",0,0,0,0,1,0,0,"E64_E64",FALSE,-9.75,19.7264528663963,NA,-10.955,-5.455,-8.01,24.1637277869359,13.9324144443423,18.9760745198312,11.2299355811096,19.7080487964698,21.1572813788438,23.0309148117982,13.4023246731884,19.0715036899568,9.72538579890607,24.647329628428,6.81417730773316,11.0036530094881,13.4082244233311,20.0337147003139,8.34556377853086,21.107975409495,5.91748211134282,11.1942861273474,13.0495310779125,16.8455768381866,22.4374119795842,NA,NA,-15.818164008405,-5.58685066581149,-10.6305107413003,-2.88437180257874,-11.3624850179389,-10.725939911426,-12.8117176003129,-14.6853510332673,NA,-14.0918482010534,-5.05676089465759,-1.37982202037522,-16.3017658498971,1.5313864707977,-2.65808923095724,-5.06266064480029,-11.688150921783,-12.7624116309641,2.42808166718804,-2.84872234881654,-4.70396729938164,-8.5000130596557,"mLN",NA,NA,NA,NA,NA,NA,NA,NA,NA,NA,NA,NA,NA,NA,NA,NA,NA,NA,NA,8,180000,94.1816659690247,"challenge","F1 M. m. domesticus",0.0467,147.4,2.949,1.595,1.85,1.92,0,0,0,5.896,0.126252676659529
"LM0270","E57","E64","E64","SCHUNT_STRA","E57byKMQ",23.01,23.89,96.3164503976559,1.58,8,"challenge",0,0,0,0,1,0,0,"E64_E64",FALSE,-9.75,19.7264528663963,NA,-10.955,-5.455,-8.01,24.1637277869359,13.9324144443423,18.9760745198312,11.2299355811096,19.7080487964698,21.1572813788438,23.0309148117982,13.4023246731884,19.0715036899568,9.72538579890607,24.647329628428,6.81417730773316,11.0036530094881,13.4082244233311,20.0337147003139,8.34556377853086,21.107975409495,5.91748211134282,11.1942861273474,13.0495310779125,16.8455768381866,22.4374119795842,NA,NA,-15.818164008405,-5.58685066581149,-10.6305107413003,-2.88437180257874,-11.3624850179389,-10.725939911426,-12.8117176003129,-14.6853510332673,NA,-14.0918482010534,-5.05676089465759,-1.37982202037522,-16.3017658498971,1.5313864707977,-2.65808923095724,-5.06266064480029,-11.688150921783,-12.7624116309641,2.42808166718804,-2.84872234881654,-4.70396729938164,-8.5000130596557,"mLN",49.935,6.265,43.855,12.8,5.395,56.13,0.875,30.46,13.72,7.845,51.61,5.17,21.41,0,NA,"neg",93.705,1.41,NA,8,180000,94.1816659690247,"challenge","F1 M. m. domesticus",0.0819,224.5,4.49,2.432,1.85,1.98,0,0,0,8.98,0.10964590964591
"LM0270","E57","E64","E64","SCHUNT_STRA","E57byGQU",23.89,23.89,100,1.91,0,"challenge",0,0,0,0,1,0,0,"E64_E64",FALSE,-9.75,19.7264528663963,NA,-10.955,-5.455,-8.01,24.1637277869359,13.9324144443423,18.9760745198312,11.2299355811096,19.7080487964698,21.1572813788438,23.0309148117982,13.4023246731884,19.0715036899568,9.72538579890607,24.647329628428,6.81417730773316,11.0036530094881,13.4082244233311,20.0337147003139,8.34556377853086,21.107975409495,5.91748211134282,11.1942861273474,13.0495310779125,16.8455768381866,22.4374119795842,NA,NA,-15.818164008405,-5.58685066581149,-10.6305107413003,-2.88437180257874,-11.3624850179389,-10.725939911426,-12.8117176003129,-14.6853510332673,NA,-14.0918482010534,-5.05676089465759,-1.37982202037522,-16.3017658498971,1.5313864707977,-2.65808923095724,-5.06266064480029,-11.688150921783,-12.7624116309641,2.42808166718804,-2.84872234881654,-4.70396729938164,-8.5000130596557,"mLN",NA,NA,NA,NA,NA,NA,NA,NA,NA,NA,NA,NA,NA,NA,NA,NA,NA,NA,NA,8,180000,94.1816659690247,"challenge","F1 M. m. domesticus",0.074,135,2.7,1.474,1.83,1.81,0,0,0,5.4,0.072972972972973
"LM0270","E57","E64","E64","SCHUNT_STRA","E57byARS",22.9,23.89,95.8560066973629,1.18,3,"challenge",0,0,0,0,1,0,0,"E64_E64",FALSE,-9.75,19.7264528663963,NA,-10.955,-5.455,-8.01,24.1637277869359,13.9324144443423,18.9760745198312,11.2299355811096,19.7080487964698,21.1572813788438,23.0309148117982,13.4023246731884,19.0715036899568,9.72538579890607,24.647329628428,6.81417730773316,11.0036530094881,13.4082244233311,20.0337147003139,8.34556377853086,21.107975409495,5.91748211134282,11.1942861273474,13.0495310779125,16.8455768381866,22.4374119795842,NA,NA,-15.818164008405,-5.58685066581149,-10.6305107413003,-2.88437180257874,-11.3624850179389,-10.725939911426,-12.8117176003129,-14.6853510332673,NA,-14.0918482010534,-5.05676089465759,-1.37982202037522,-16.3017658498971,1.5313864707977,-2.65808923095724,-5.06266064480029,-11.688150921783,-12.7624116309641,2.42808166718804,-2.84872234881654,-4.70396729938164,-8.5000130596557,"mLN",NA,NA,NA,NA,NA,NA,NA,NA,NA,NA,NA,NA,NA,NA,NA,NA,NA,NA,NA,8,180000,94.1816659690247,"challenge","F1 M. m. domesticus",0.0797,157.7,3.154,1.701,1.85,2,0,0,0,6.308,0.0791468005018821
"LM0270","E57","E64","E64","SCHUNT_STRA","E57byAOZ",24.55,23.89,102.762662201758,2.23,2,"challenge",0,0,0,0,1,0,0,"E64_E64",FALSE,-9.75,19.7264528663963,NA,-10.955,-5.455,-8.01,24.1637277869359,13.9324144443423,18.9760745198312,11.2299355811096,19.7080487964698,21.1572813788438,23.0309148117982,13.4023246731884,19.0715036899568,9.72538579890607,24.647329628428,6.81417730773316,11.0036530094881,13.4082244233311,20.0337147003139,8.34556377853086,21.107975409495,5.91748211134282,11.1942861273474,13.0495310779125,16.8455768381866,22.4374119795842,NA,NA,-15.818164008405,-5.58685066581149,-10.6305107413003,-2.88437180257874,-11.3624850179389,-10.725939911426,-12.8117176003129,-14.6853510332673,NA,-14.0918482010534,-5.05676089465759,-1.37982202037522,-16.3017658498971,1.5313864707977,-2.65808923095724,-5.06266064480029,-11.688150921783,-12.7624116309641,2.42808166718804,-2.84872234881654,-4.70396729938164,-8.5000130596557,"mLN",NA,NA,NA,NA,NA,NA,NA,NA,NA,NA,NA,NA,NA,NA,NA,NA,NA,NA,NA,8,180000,94.1816659690247,"challenge","F1 M. m. domesticus",0.0552,27.8,0.556,0.308,1.81,0.7,0,0,0,1.112,0.0201449275362319
"LM0270","E57","E64","E64","SCHUNT_STRA","E57byBGV",22.61,23.89,94.6421096693177,2.08,5,"challenge",21,20,13,18,1,72,180000,"E64_E64",FALSE,-9.75,19.7264528663963,NA,-10.955,-5.455,-8.01,24.1637277869359,13.9324144443423,18.9760745198312,11.2299355811096,19.7080487964698,21.1572813788438,23.0309148117982,13.4023246731884,19.0715036899568,9.72538579890607,24.647329628428,6.81417730773316,11.0036530094881,13.4082244233311,20.0337147003139,8.34556377853086,21.107975409495,5.91748211134282,11.1942861273474,13.0495310779125,16.8455768381866,22.4374119795842,NA,NA,-15.818164008405,-5.58685066581149,-10.6305107413003,-2.88437180257874,-11.3624850179389,-10.725939911426,-12.8117176003129,-14.6853510332673,NA,-14.0918482010534,-5.05676089465759,-1.37982202037522,-16.3017658498971,1.5313864707977,-2.65808923095724,-5.06266064480029,-11.688150921783,-12.7624116309641,2.42808166718804,-2.84872234881654,-4.70396729938164,-8.5000130596557,"mLN",NA,NA,NA,NA,NA,NA,NA,NA,NA,NA,NA,NA,NA,NA,NA,NA,NA,NA,NA,8,180000,94.1816659690247,"challenge","F1 M. m. domesticus",NA,NA,NA,NA,NA,NA,18,180000,86538.4615384615,NA,NA
"LM0279","E57","E64","E64","BUSNA_BUSNA","E57byNOY",21.42,21.35,100.327868852459,1.89,6,"challenge",28,22,12,20,1,82,205000,"E64_E64",TRUE,-9.18,8.41303699477307,NA,-12.4775,-12.0475,-8.6525,24.4325628669783,13.826512560667,16.8640773095404,8.66183839209403,16.5729412772112,17.7911719698063,18.6527540893432,14.2530614299023,13.2183468001883,7.15412550817764,23.8602828411534,7.9514766297769,15.1160644904802,10.2303389923071,17.363586757958,6.38964069283299,18.0802665749296,3.78510900190007,10.9740217905926,12.412999418407,13.7866408838176,20.401078091576,NA,NA,-18.0429221741453,-7.43687186783406,-10.4744366167075,-2.27219769926104,-10.1833005843783,-6.82870610735531,-11.4015312769733,-12.2631133965103,NA,-14.011437398743,-7.8634207370693,-0.76448481534465,-17.4706421483204,-1.5618359369439,-8.72642379764716,-3.84069829947406,-10.973946065125,-11.6906258820966,2.60453169093293,-4.58438109775966,-6.02335872557401,-7.39700019098461,"mLN",NA,NA,NA,NA,NA,NA,NA,NA,NA,NA,NA,NA,NA,NA,NA,NA,NA,NA,NA,8,205000,95.5971896955503,"challenge","F0 M. m. musculus",0.0872,155.4,3.108,1.697,1.83,1.79,20.5,205000,108465.608465608,6.216,0.0712844036697248
"LM0279","E57","E64","E64","BUSNA_BUSNA","E57bySTZ",21.49,21.35,100.655737704918,1.67,2,"challenge",0,0,0,0,2,0,0,"E64_E64",TRUE,-9.18,8.41303699477307,NA,-12.4775,-12.0475,-8.6525,24.4325628669783,13.826512560667,16.8640773095404,8.66183839209403,16.5729412772112,17.7911719698063,18.6527540893432,14.2530614299023,13.2183468001883,7.15412550817764,23.8602828411534,7.9514766297769,15.1160644904802,10.2303389923071,17.363586757958,6.38964069283299,18.0802665749296,3.78510900190007,10.9740217905926,12.412999418407,13.7866408838176,20.401078091576,NA,NA,-18.0429221741453,-7.43687186783406,-10.4744366167075,-2.27219769926104,-10.1833005843783,-6.82870610735531,-11.4015312769733,-12.2631133965103,NA,-14.011437398743,-7.8634207370693,-0.76448481534465,-17.4706421483204,-1.5618359369439,-8.72642379764716,-3.84069829947406,-10.973946065125,-11.6906258820966,2.60453169093293,-4.58438109775966,-6.02335872557401,-7.39700019098461,"mLN",NA,NA,NA,NA,NA,NA,NA,NA,NA,NA,NA,NA,NA,NA,NA,NA,NA,NA,NA,8,205000,95.5971896955503,"challenge","F0 M. m. musculus",0.0449,111.2,2.225,1.193,1.87,2.05,0,0,0,4.448,0.0990645879732739
"LM0279","E57","E64","E64","BUSNA_BUSNA","E57byHIY",20.86,21.35,97.7049180327869,1.46,1,"challenge",0,0,0,0,2,0,0,"E64_E64",TRUE,-9.18,8.41303699477307,NA,-12.4775,-12.0475,-8.6525,24.4325628669783,13.826512560667,16.8640773095404,8.66183839209403,16.5729412772112,17.7911719698063,18.6527540893432,14.2530614299023,13.2183468001883,7.15412550817764,23.8602828411534,7.9514766297769,15.1160644904802,10.2303389923071,17.363586757958,6.38964069283299,18.0802665749296,3.78510900190007,10.9740217905926,12.412999418407,13.7866408838176,20.401078091576,NA,NA,-18.0429221741453,-7.43687186783406,-10.4744366167075,-2.27219769926104,-10.1833005843783,-6.82870610735531,-11.4015312769733,-12.2631133965103,NA,-14.011437398743,-7.8634207370693,-0.76448481534465,-17.4706421483204,-1.5618359369439,-8.72642379764716,-3.84069829947406,-10.973946065125,-11.6906258820966,2.60453169093293,-4.58438109775966,-6.02335872557401,-7.39700019098461,"mLN",NA,NA,NA,NA,NA,NA,NA,NA,NA,NA,NA,NA,NA,NA,NA,NA,NA,NA,NA,8,205000,95.5971896955503,"challenge","F0 M. m. musculus",0.0562,220.2,4.404,2.379,1.85,2.16,0,0,0,8.808,0.156725978647687
"LM0279","E57","E64","E64","BUSNA_BUSNA","E57byBNQ",21.35,21.35,100,1.09,0,"challenge",0,0,0,0,1,0,0,"E64_E64",TRUE,-9.18,8.41303699477307,NA,-12.4775,-12.0475,-8.6525,24.4325628669783,13.826512560667,16.8640773095404,8.66183839209403,16.5729412772112,17.7911719698063,18.6527540893432,14.2530614299023,13.2183468001883,7.15412550817764,23.8602828411534,7.9514766297769,15.1160644904802,10.2303389923071,17.363586757958,6.38964069283299,18.0802665749296,3.78510900190007,10.9740217905926,12.412999418407,13.7866408838176,20.401078091576,NA,NA,-18.0429221741453,-7.43687186783406,-10.4744366167075,-2.27219769926104,-10.1833005843783,-6.82870610735531,-11.4015312769733,-12.2631133965103,NA,-14.011437398743,-7.8634207370693,-0.76448481534465,-17.4706421483204,-1.5618359369439,-8.72642379764716,-3.84069829947406,-10.973946065125,-11.6906258820966,2.60453169093293,-4.58438109775966,-6.02335872557401,-7.39700019098461,"mLN",NA,NA,NA,NA,NA,NA,NA,NA,NA,NA,NA,NA,NA,NA,NA,NA,NA,NA,NA,8,205000,95.5971896955503,"challenge","F0 M. m. musculus",0.051,274.9,5.499,2.989,1.84,2.14,0,0,0,10.996,0.215607843137255
"LM0279","E57","E64","E64","BUSNA_BUSNA","E57byFPV",21.27,21.35,99.6252927400468,1.1,8,"challenge",0,2,0,0,1,2,5000,"E64_E64",TRUE,-9.18,8.41303699477307,NA,-12.4775,-12.0475,-8.6525,24.4325628669783,13.826512560667,16.8640773095404,8.66183839209403,16.5729412772112,17.7911719698063,18.6527540893432,14.2530614299023,13.2183468001883,7.15412550817764,23.8602828411534,7.9514766297769,15.1160644904802,10.2303389923071,17.363586757958,6.38964069283299,18.0802665749296,3.78510900190007,10.9740217905926,12.412999418407,13.7866408838176,20.401078091576,NA,NA,-18.0429221741453,-7.43687186783406,-10.4744366167075,-2.27219769926104,-10.1833005843783,-6.82870610735531,-11.4015312769733,-12.2631133965103,NA,-14.011437398743,-7.8634207370693,-0.76448481534465,-17.4706421483204,-1.5618359369439,-8.72642379764716,-3.84069829947406,-10.973946065125,-11.6906258820966,2.60453169093293,-4.58438109775966,-6.02335872557401,-7.39700019098461,"mLN",48.92,14.3,52.62,14.605,7.425,79.505,1.73,69.7,21.09,21.605,36.21,2.315,14.775,4545.45454545455,NA,"neg",85.59,2.34,NA,8,205000,95.5971896955503,"challenge","F0 M. m. musculus",0.0431,284,5.681,3.073,1.85,2.26,0.5,5000,4545.45454545455,11.36,0.263573085846868
"LM0279","E57","E64","E64","BUSNA_BUSNA","E57byQSV",21.12,21.35,98.9227166276347,1.4,3,"challenge",0,0,0,0,1,0,0,"E64_E64",TRUE,-9.18,8.41303699477307,NA,-12.4775,-12.0475,-8.6525,24.4325628669783,13.826512560667,16.8640773095404,8.66183839209403,16.5729412772112,17.7911719698063,18.6527540893432,14.2530614299023,13.2183468001883,7.15412550817764,23.8602828411534,7.9514766297769,15.1160644904802,10.2303389923071,17.363586757958,6.38964069283299,18.0802665749296,3.78510900190007,10.9740217905926,12.412999418407,13.7866408838176,20.401078091576,NA,NA,-18.0429221741453,-7.43687186783406,-10.4744366167075,-2.27219769926104,-10.1833005843783,-6.82870610735531,-11.4015312769733,-12.2631133965103,NA,-14.011437398743,-7.8634207370693,-0.76448481534465,-17.4706421483204,-1.5618359369439,-8.72642379764716,-3.84069829947406,-10.973946065125,-11.6906258820966,2.60453169093293,-4.58438109775966,-6.02335872557401,-7.39700019098461,"mLN",NA,NA,NA,NA,NA,NA,NA,NA,NA,NA,NA,NA,NA,NA,NA,NA,NA,NA,NA,8,205000,95.5971896955503,"challenge","F0 M. m. musculus",0.0727,309.3,6.186,3.354,1.84,2.12,0,0,0,12.372,0.170178817056396
"LM0279","E57","E64","E64","BUSNA_BUSNA","E57byBMS",20.86,21.35,97.7049180327869,1.32,5,"challenge",4,9,7,1,1,21,52500,"E64_E64",TRUE,-9.18,8.41303699477307,NA,-12.4775,-12.0475,-8.6525,24.4325628669783,13.826512560667,16.8640773095404,8.66183839209403,16.5729412772112,17.7911719698063,18.6527540893432,14.2530614299023,13.2183468001883,7.15412550817764,23.8602828411534,7.9514766297769,15.1160644904802,10.2303389923071,17.363586757958,6.38964069283299,18.0802665749296,3.78510900190007,10.9740217905926,12.412999418407,13.7866408838176,20.401078091576,NA,NA,-18.0429221741453,-7.43687186783406,-10.4744366167075,-2.27219769926104,-10.1833005843783,-6.82870610735531,-11.4015312769733,-12.2631133965103,NA,-14.011437398743,-7.8634207370693,-0.76448481534465,-17.4706421483204,-1.5618359369439,-8.72642379764716,-3.84069829947406,-10.973946065125,-11.6906258820966,2.60453169093293,-4.58438109775966,-6.02335872557401,-7.39700019098461,"mLN",NA,NA,NA,NA,NA,NA,NA,NA,NA,NA,NA,NA,NA,NA,NA,NA,NA,NA,NA,8,205000,95.5971896955503,"challenge","F0 M. m. musculus",NA,NA,NA,NA,NA,NA,5.25,52500,39772.7272727273,NA,NA
"LM0279","E57","E64","E64","BUSNA_BUSNA","E57byBHX",21.64,21.35,101.35831381733,0.68,4,"challenge",0,0,0,0,1,0,0,"E64_E64",TRUE,-9.18,8.41303699477307,NA,-12.4775,-12.0475,-8.6525,24.4325628669783,13.826512560667,16.8640773095404,8.66183839209403,16.5729412772112,17.7911719698063,18.6527540893432,14.2530614299023,13.2183468001883,7.15412550817764,23.8602828411534,7.9514766297769,15.1160644904802,10.2303389923071,17.363586757958,6.38964069283299,18.0802665749296,3.78510900190007,10.9740217905926,12.412999418407,13.7866408838176,20.401078091576,NA,NA,-18.0429221741453,-7.43687186783406,-10.4744366167075,-2.27219769926104,-10.1833005843783,-6.82870610735531,-11.4015312769733,-12.2631133965103,NA,-14.011437398743,-7.8634207370693,-0.76448481534465,-17.4706421483204,-1.5618359369439,-8.72642379764716,-3.84069829947406,-10.973946065125,-11.6906258820966,2.60453169093293,-4.58438109775966,-6.02335872557401,-7.39700019098461,"mLN",NA,NA,NA,NA,NA,NA,NA,NA,NA,NA,NA,NA,NA,NA,NA,NA,NA,NA,NA,8,205000,95.5971896955503,"challenge","F0 M. m. musculus",0.0416,83.6,1.673,0.912,1.83,1.8,0,0,0,3.344,0.0803846153846154
"LM0279","E57","E64","E64","BUSNA_BUSNA","E57byLNT",20.41,21.35,95.5971896955503,1.7,7,"challenge",20,18,18,16,1,72,180000,"E64_E64",TRUE,-9.18,8.41303699477307,NA,-12.4775,-12.0475,-8.6525,24.4325628669783,13.826512560667,16.8640773095404,8.66183839209403,16.5729412772112,17.7911719698063,18.6527540893432,14.2530614299023,13.2183468001883,7.15412550817764,23.8602828411534,7.9514766297769,15.1160644904802,10.2303389923071,17.363586757958,6.38964069283299,18.0802665749296,3.78510900190007,10.9740217905926,12.412999418407,13.7866408838176,20.401078091576,NA,NA,-18.0429221741453,-7.43687186783406,-10.4744366167075,-2.27219769926104,-10.1833005843783,-6.82870610735531,-11.4015312769733,-12.2631133965103,NA,-14.011437398743,-7.8634207370693,-0.76448481534465,-17.4706421483204,-1.5618359369439,-8.72642379764716,-3.84069829947406,-10.973946065125,-11.6906258820966,2.60453169093293,-4.58438109775966,-6.02335872557401,-7.39700019098461,"mLN",NA,NA,NA,NA,NA,NA,NA,NA,NA,NA,NA,NA,NA,NA,NA,NA,NA,NA,NA,8,205000,95.5971896955503,"challenge","F0 M. m. musculus",0.1271,231.4,4.628,2.537,1.82,1.83,18,180000,105882.352941176,9.256,0.0728245476003147
"LM0280","E57","E64","E64","SCHUNT_SCHUNT","E57byFJY",19.16,17.57,109.049516220831,3.1,2,"challenge",0,0,0,0,1,0,0,"E64_E64",TRUE,-7.12,54.1465789028593,NA,-10.185,-3.255,-5.19,29.9860272914978,13.2452475444151,22.1544665865557,13.9158618047638,22.8261805472556,22.0427494977923,NA,17.1835847228663,25.4172445059758,8.98701039256118,27.49618696699,9.59730165355726,21.7417445118641,16.2704902885544,23.0763939005803,11.7935584667913,24.783063066309,5.2592627278585,10.3072052585626,14.3704955095453,19.7044475654641,24.7476766667445,NA,NA,-18.1924688247064,-1.4516890776237,-10.3609081197643,-2.1223033379724,-11.0326220804642,-13.6236860391844,-10.2491910310009,NA,NA,-12.9541181999532,-5.3900262560749,2.80654807423017,-15.7026285001986,2.19625681323409,-9.94818604507275,-4.47693182176305,-11.282835433789,-12.9895045995177,6.53429573893284,1.48635320822875,-2.576937042754,-7.91088909867275,"mLN",NA,NA,NA,NA,NA,NA,NA,NA,NA,NA,NA,NA,NA,NA,NA,NA,NA,NA,NA,8,242500,100,"challenge","F0 M. m. domesticus",0.0499,224.6,4.492,2.445,1.84,1.99,0,0,0,8.984,0.180040080160321
"LM0280","E57","E64","E64","SCHUNT_SCHUNT","E57byOSY",17.68,17.57,100.626067159932,2.67,1,"challenge",0,0,0,0,1,0,0,"E64_E64",TRUE,-7.12,54.1465789028593,NA,-10.185,-3.255,-5.19,29.9860272914978,13.2452475444151,22.1544665865557,13.9158618047638,22.8261805472556,22.0427494977923,NA,17.1835847228663,25.4172445059758,8.98701039256118,27.49618696699,9.59730165355726,21.7417445118641,16.2704902885544,23.0763939005803,11.7935584667913,24.783063066309,5.2592627278585,10.3072052585626,14.3704955095453,19.7044475654641,24.7476766667445,NA,NA,-18.1924688247064,-1.4516890776237,-10.3609081197643,-2.1223033379724,-11.0326220804642,-13.6236860391844,-10.2491910310009,NA,NA,-12.9541181999532,-5.3900262560749,2.80654807423017,-15.7026285001986,2.19625681323409,-9.94818604507275,-4.47693182176305,-11.282835433789,-12.9895045995177,6.53429573893284,1.48635320822875,-2.576937042754,-7.91088909867275,"mLN",NA,NA,NA,NA,NA,NA,NA,NA,NA,NA,NA,NA,NA,NA,NA,NA,NA,NA,NA,8,242500,100,"challenge","F0 M. m. domesticus",NA,NA,NA,NA,NA,NA,0,0,0,NA,NA
"LM0280","E57","E64","E64","SCHUNT_SCHUNT","E57byDVW",18.64,17.57,106.089926010245,1.17,7,"challenge",0,7,1,3,1,11,27500,"E64_E64",TRUE,-7.12,54.1465789028593,NA,-10.185,-3.255,-5.19,29.9860272914978,13.2452475444151,22.1544665865557,13.9158618047638,22.8261805472556,22.0427494977923,NA,17.1835847228663,25.4172445059758,8.98701039256118,27.49618696699,9.59730165355726,21.7417445118641,16.2704902885544,23.0763939005803,11.7935584667913,24.783063066309,5.2592627278585,10.3072052585626,14.3704955095453,19.7044475654641,24.7476766667445,NA,NA,-18.1924688247064,-1.4516890776237,-10.3609081197643,-2.1223033379724,-11.0326220804642,-13.6236860391844,-10.2491910310009,NA,NA,-12.9541181999532,-5.3900262560749,2.80654807423017,-15.7026285001986,2.19625681323409,-9.94818604507275,-4.47693182176305,-11.282835433789,-12.9895045995177,6.53429573893284,1.48635320822875,-2.576937042754,-7.91088909867275,"mLN",NA,NA,NA,NA,NA,NA,NA,NA,NA,NA,NA,NA,NA,NA,NA,NA,NA,NA,NA,8,242500,100,"challenge","F0 M. m. domesticus",NA,NA,NA,NA,NA,NA,2.75,27500,23504.2735042735,NA,NA
"LM0280","E57","E64","E64","SCHUNT_SCHUNT","E57byAVW",18.55,17.57,105.577689243028,2.72,6,"challenge",30,23,20,24,1,97,242500,"E64_E64",TRUE,-7.12,54.1465789028593,NA,-10.185,-3.255,-5.19,29.9860272914978,13.2452475444151,22.1544665865557,13.9158618047638,22.8261805472556,22.0427494977923,NA,17.1835847228663,25.4172445059758,8.98701039256118,27.49618696699,9.59730165355726,21.7417445118641,16.2704902885544,23.0763939005803,11.7935584667913,24.783063066309,5.2592627278585,10.3072052585626,14.3704955095453,19.7044475654641,24.7476766667445,NA,NA,-18.1924688247064,-1.4516890776237,-10.3609081197643,-2.1223033379724,-11.0326220804642,-13.6236860391844,-10.2491910310009,NA,NA,-12.9541181999532,-5.3900262560749,2.80654807423017,-15.7026285001986,2.19625681323409,-9.94818604507275,-4.47693182176305,-11.282835433789,-12.9895045995177,6.53429573893284,1.48635320822875,-2.576937042754,-7.91088909867275,"mLN",NA,NA,NA,NA,NA,NA,NA,NA,NA,NA,NA,NA,NA,NA,NA,NA,NA,NA,NA,8,242500,100,"challenge","F0 M. m. domesticus",0.0578,231.6,4.633,2.494,1.86,2.22,24.25,242500,89154.4117647059,9.264,0.160276816608997
"LM0280","E57","E64","E64","SCHUNT_SCHUNT","E57byNXY",18.57,17.57,105.691519635743,1.18,3,"challenge",0,0,0,0,1,0,0,"E64_E64",TRUE,-7.12,54.1465789028593,NA,-10.185,-3.255,-5.19,29.9860272914978,13.2452475444151,22.1544665865557,13.9158618047638,22.8261805472556,22.0427494977923,NA,17.1835847228663,25.4172445059758,8.98701039256118,27.49618696699,9.59730165355726,21.7417445118641,16.2704902885544,23.0763939005803,11.7935584667913,24.783063066309,5.2592627278585,10.3072052585626,14.3704955095453,19.7044475654641,24.7476766667445,NA,NA,-18.1924688247064,-1.4516890776237,-10.3609081197643,-2.1223033379724,-11.0326220804642,-13.6236860391844,-10.2491910310009,NA,NA,-12.9541181999532,-5.3900262560749,2.80654807423017,-15.7026285001986,2.19625681323409,-9.94818604507275,-4.47693182176305,-11.282835433789,-12.9895045995177,6.53429573893284,1.48635320822875,-2.576937042754,-7.91088909867275,"mLN",NA,NA,NA,NA,NA,NA,NA,NA,NA,NA,NA,NA,NA,NA,NA,NA,NA,NA,NA,8,242500,100,"challenge","F0 M. m. domesticus",0.0509,206.1,4.123,2.231,1.85,2.02,0,0,0,8.244,0.16196463654224
"LM0280","E57","E64","E64","SCHUNT_SCHUNT","E57byIMP",17.57,17.57,100,1.28,0,"challenge",0,0,0,0,1,0,0,"E64_E64",TRUE,-7.12,54.1465789028593,NA,-10.185,-3.255,-5.19,29.9860272914978,13.2452475444151,22.1544665865557,13.9158618047638,22.8261805472556,22.0427494977923,NA,17.1835847228663,25.4172445059758,8.98701039256118,27.49618696699,9.59730165355726,21.7417445118641,16.2704902885544,23.0763939005803,11.7935584667913,24.783063066309,5.2592627278585,10.3072052585626,14.3704955095453,19.7044475654641,24.7476766667445,NA,NA,-18.1924688247064,-1.4516890776237,-10.3609081197643,-2.1223033379724,-11.0326220804642,-13.6236860391844,-10.2491910310009,NA,NA,-12.9541181999532,-5.3900262560749,2.80654807423017,-15.7026285001986,2.19625681323409,-9.94818604507275,-4.47693182176305,-11.282835433789,-12.9895045995177,6.53429573893284,1.48635320822875,-2.576937042754,-7.91088909867275,"mLN",NA,NA,NA,NA,NA,NA,NA,NA,NA,NA,NA,NA,NA,NA,NA,NA,NA,NA,NA,8,242500,100,"challenge","F0 M. m. domesticus",0.0496,215.8,4.317,2.366,1.82,1.87,0,0,0,8.632,0.174032258064516
"LM0280","E57","E64","E64","SCHUNT_SCHUNT","E57byMRZ",18.5,17.57,105.293113261241,1.42,8,"challenge",0,0,0,0,1,0,0,"E64_E64",TRUE,-7.12,54.1465789028593,NA,-10.185,-3.255,-5.19,29.9860272914978,13.2452475444151,22.1544665865557,13.9158618047638,22.8261805472556,22.0427494977923,NA,17.1835847228663,25.4172445059758,8.98701039256118,27.49618696699,9.59730165355726,21.7417445118641,16.2704902885544,23.0763939005803,11.7935584667913,24.783063066309,5.2592627278585,10.3072052585626,14.3704955095453,19.7044475654641,24.7476766667445,NA,NA,-18.1924688247064,-1.4516890776237,-10.3609081197643,-2.1223033379724,-11.0326220804642,-13.6236860391844,-10.2491910310009,NA,NA,-12.9541181999532,-5.3900262560749,2.80654807423017,-15.7026285001986,2.19625681323409,-9.94818604507275,-4.47693182176305,-11.282835433789,-12.9895045995177,6.53429573893284,1.48635320822875,-2.576937042754,-7.91088909867275,"mLN",60.705,3.74,36.475,18.505,5.28,48.67,1.94,24.22,18.575,8.135,46.22,2.31,17.46,0,NA,"pos",96.2,0.6,NA,8,242500,100,"challenge","F0 M. m. domesticus",0.0568,263,5.259,2.848,1.85,1.97,0,0,0,10.52,0.185211267605634
"LM0280","E57","E64","E64","SCHUNT_SCHUNT","E57byLQU",18.96,17.57,107.911212293682,1.64,5,"challenge",0,1,0,0,1,1,2500,"E64_E64",TRUE,-7.12,54.1465789028593,NA,-10.185,-3.255,-5.19,29.9860272914978,13.2452475444151,22.1544665865557,13.9158618047638,22.8261805472556,22.0427494977923,NA,17.1835847228663,25.4172445059758,8.98701039256118,27.49618696699,9.59730165355726,21.7417445118641,16.2704902885544,23.0763939005803,11.7935584667913,24.783063066309,5.2592627278585,10.3072052585626,14.3704955095453,19.7044475654641,24.7476766667445,NA,NA,-18.1924688247064,-1.4516890776237,-10.3609081197643,-2.1223033379724,-11.0326220804642,-13.6236860391844,-10.2491910310009,NA,NA,-12.9541181999532,-5.3900262560749,2.80654807423017,-15.7026285001986,2.19625681323409,-9.94818604507275,-4.47693182176305,-11.282835433789,-12.9895045995177,6.53429573893284,1.48635320822875,-2.576937042754,-7.91088909867275,"mLN",NA,NA,NA,NA,NA,NA,NA,NA,NA,NA,NA,NA,NA,NA,NA,NA,NA,NA,NA,8,242500,100,"challenge","F0 M. m. domesticus",NA,NA,NA,NA,NA,NA,0,0,0,NA,NA
"LM0280","E57","E64","E64","SCHUNT_SCHUNT","E57byHKN",18.12,17.57,103.130335799659,1.07,4,"challenge",0,0,0,0,1,0,0,"E64_E64",TRUE,-7.12,54.1465789028593,NA,-10.185,-3.255,-5.19,29.9860272914978,13.2452475444151,22.1544665865557,13.9158618047638,22.8261805472556,22.0427494977923,NA,17.1835847228663,25.4172445059758,8.98701039256118,27.49618696699,9.59730165355726,21.7417445118641,16.2704902885544,23.0763939005803,11.7935584667913,24.783063066309,5.2592627278585,10.3072052585626,14.3704955095453,19.7044475654641,24.7476766667445,NA,NA,-18.1924688247064,-1.4516890776237,-10.3609081197643,-2.1223033379724,-11.0326220804642,-13.6236860391844,-10.2491910310009,NA,NA,-12.9541181999532,-5.3900262560749,2.80654807423017,-15.7026285001986,2.19625681323409,-9.94818604507275,-4.47693182176305,-11.282835433789,-12.9895045995177,6.53429573893284,1.48635320822875,-2.576937042754,-7.91088909867275,"mLN",NA,NA,NA,NA,NA,NA,NA,NA,NA,NA,NA,NA,NA,NA,NA,NA,NA,NA,NA,8,242500,100,"challenge","F0 M. m. domesticus",0.0405,236.7,4.735,2.561,1.85,1.84,0,0,0,9.468,0.233777777777778
"LM0284","E57","E64","E64","STRA_BUSNA","E57byKOX",23.15,22.39,103.394372487718,1.98,6,"challenge",22,24,28,23,1,97,242500,"E64_E64",TRUE,-6.19,48.3675947493746,NA,-8.2675,-2.3425,-4.1425,22.5319670110627,17.2664782880845,21.3286839938343,15.9290755914747,NA,NA,22.5405251134862,17.8300445653298,21.655257806678,8.95884987098114,NA,7.63271970283728,8.44045524372275,19.8079095030429,24.1865740235126,14.5386026211138,29.5159143894816,9.22577001639492,9.6324046919363,17.4447625481548,21.638221861939,24.7155533027551,NA,NA,-7.9933643899489,-2.72787566697065,-6.7900813727204,-1.39047297036085,NA,-7.1166551855641,NA,-8.0019224923723,NA,-10.1769506816413,-3.2914419442159,5.57975275013271,NA,6.90588291827657,6.0981473773911,-5.26930688192905,-9.6479714023988,-14.9773117683678,5.31283260471893,4.90619792917754,-2.906159927041,-7.0996192408251,"mLN",NA,NA,NA,NA,NA,NA,NA,NA,NA,NA,NA,NA,NA,NA,NA,NA,NA,NA,NA,8,242500,97.7221974095578,"challenge","F1 hybrid",0.0812,164.4,3.287,1.791,1.84,1.82,24.25,242500,122474.747474747,6.576,0.0809852216748769
"LM0284","E57","E64","E64","STRA_BUSNA","E57byFMN",21.88,22.39,97.7221974095578,1.86,1,"challenge",0,0,0,0,1,0,0,"E64_E64",TRUE,-6.19,48.3675947493746,NA,-8.2675,-2.3425,-4.1425,22.5319670110627,17.2664782880845,21.3286839938343,15.9290755914747,NA,NA,22.5405251134862,17.8300445653298,21.655257806678,8.95884987098114,NA,7.63271970283728,8.44045524372275,19.8079095030429,24.1865740235126,14.5386026211138,29.5159143894816,9.22577001639492,9.6324046919363,17.4447625481548,21.638221861939,24.7155533027551,NA,NA,-7.9933643899489,-2.72787566697065,-6.7900813727204,-1.39047297036085,NA,-7.1166551855641,NA,-8.0019224923723,NA,-10.1769506816413,-3.2914419442159,5.57975275013271,NA,6.90588291827657,6.0981473773911,-5.26930688192905,-9.6479714023988,-14.9773117683678,5.31283260471893,4.90619792917754,-2.906159927041,-7.0996192408251,"mLN",NA,NA,NA,NA,NA,NA,NA,NA,NA,NA,NA,NA,NA,NA,NA,NA,NA,NA,NA,8,242500,97.7221974095578,"challenge","F1 hybrid",0.0557,138.6,2.772,1.521,1.82,1.65,0,0,0,5.544,0.0995332136445242
"LM0284","E57","E64","E64","STRA_BUSNA","E57byLPZ",22.52,22.39,100.580616346583,1.13,5,"challenge",22,30,6,16,1,74,185000,"E64_E64",TRUE,-6.19,48.3675947493746,NA,-8.2675,-2.3425,-4.1425,22.5319670110627,17.2664782880845,21.3286839938343,15.9290755914747,NA,NA,22.5405251134862,17.8300445653298,21.655257806678,8.95884987098114,NA,7.63271970283728,8.44045524372275,19.8079095030429,24.1865740235126,14.5386026211138,29.5159143894816,9.22577001639492,9.6324046919363,17.4447625481548,21.638221861939,24.7155533027551,NA,NA,-7.9933643899489,-2.72787566697065,-6.7900813727204,-1.39047297036085,NA,-7.1166551855641,NA,-8.0019224923723,NA,-10.1769506816413,-3.2914419442159,5.57975275013271,NA,6.90588291827657,6.0981473773911,-5.26930688192905,-9.6479714023988,-14.9773117683678,5.31283260471893,4.90619792917754,-2.906159927041,-7.0996192408251,"mLN",NA,NA,NA,NA,NA,NA,NA,NA,NA,NA,NA,NA,NA,NA,NA,NA,NA,NA,NA,8,242500,97.7221974095578,"challenge","F1 hybrid",NA,NA,NA,NA,NA,NA,18.5,185000,163716.814159292,NA,NA
"LM0284","E57","E64","E64","STRA_BUSNA","E57byFMV",22.76,22.39,101.652523447968,1.95,3,"challenge",0,0,0,0,1,0,0,"E64_E64",TRUE,-6.19,48.3675947493746,NA,-8.2675,-2.3425,-4.1425,22.5319670110627,17.2664782880845,21.3286839938343,15.9290755914747,NA,NA,22.5405251134862,17.8300445653298,21.655257806678,8.95884987098114,NA,7.63271970283728,8.44045524372275,19.8079095030429,24.1865740235126,14.5386026211138,29.5159143894816,9.22577001639492,9.6324046919363,17.4447625481548,21.638221861939,24.7155533027551,NA,NA,-7.9933643899489,-2.72787566697065,-6.7900813727204,-1.39047297036085,NA,-7.1166551855641,NA,-8.0019224923723,NA,-10.1769506816413,-3.2914419442159,5.57975275013271,NA,6.90588291827657,6.0981473773911,-5.26930688192905,-9.6479714023988,-14.9773117683678,5.31283260471893,4.90619792917754,-2.906159927041,-7.0996192408251,"mLN",NA,NA,NA,NA,NA,NA,NA,NA,NA,NA,NA,NA,NA,NA,NA,NA,NA,NA,NA,8,242500,97.7221974095578,"challenge","F1 hybrid",0.079,46.9,0.938,0.515,1.82,1.64,0,0,0,1.876,0.023746835443038
"LM0284","E57","E64","E64","STRA_BUSNA","E57byLRS",23.55,22.39,105.180884323359,1.5,8,"challenge",0,0,1,0,1,1,2500,"E64_E64",TRUE,-6.19,48.3675947493746,NA,-8.2675,-2.3425,-4.1425,22.5319670110627,17.2664782880845,21.3286839938343,15.9290755914747,NA,NA,22.5405251134862,17.8300445653298,21.655257806678,8.95884987098114,NA,7.63271970283728,8.44045524372275,19.8079095030429,24.1865740235126,14.5386026211138,29.5159143894816,9.22577001639492,9.6324046919363,17.4447625481548,21.638221861939,24.7155533027551,NA,NA,-7.9933643899489,-2.72787566697065,-6.7900813727204,-1.39047297036085,NA,-7.1166551855641,NA,-8.0019224923723,NA,-10.1769506816413,-3.2914419442159,5.57975275013271,NA,6.90588291827657,6.0981473773911,-5.26930688192905,-9.6479714023988,-14.9773117683678,5.31283260471893,4.90619792917754,-2.906159927041,-7.0996192408251,"mLN",48.38,6.965,36.775,9.39,4.13,60.855,0.68,27.71,24.34,7.41,46.67,1.325,4.5,1666.66666666667,NA,"pos",92.955,0.85,NA,8,242500,97.7221974095578,"challenge","F1 hybrid",0.0477,210.7,4.214,2.322,1.81,2.03,0,0,0,8.428,0.176687631027254
"LM0284","E57","E64","E64","STRA_BUSNA","E57byCRX",22.43,22.39,100.178651183564,2.2,2,"challenge",0,0,0,0,1,0,0,"E64_E64",TRUE,-6.19,48.3675947493746,NA,-8.2675,-2.3425,-4.1425,22.5319670110627,17.2664782880845,21.3286839938343,15.9290755914747,NA,NA,22.5405251134862,17.8300445653298,21.655257806678,8.95884987098114,NA,7.63271970283728,8.44045524372275,19.8079095030429,24.1865740235126,14.5386026211138,29.5159143894816,9.22577001639492,9.6324046919363,17.4447625481548,21.638221861939,24.7155533027551,NA,NA,-7.9933643899489,-2.72787566697065,-6.7900813727204,-1.39047297036085,NA,-7.1166551855641,NA,-8.0019224923723,NA,-10.1769506816413,-3.2914419442159,5.57975275013271,NA,6.90588291827657,6.0981473773911,-5.26930688192905,-9.6479714023988,-14.9773117683678,5.31283260471893,4.90619792917754,-2.906159927041,-7.0996192408251,"mLN",NA,NA,NA,NA,NA,NA,NA,NA,NA,NA,NA,NA,NA,NA,NA,NA,NA,NA,NA,8,242500,97.7221974095578,"challenge","F1 hybrid",0.049,253.6,5.072,2.804,1.81,1.98,0,0,0,10.144,0.207020408163265
"LM0284","E57","E64","E64","STRA_BUSNA","E57byKLQ",22.4,22.39,100.044662795891,1.29,7,"challenge",1,4,6,4,1,15,37500,"E64_E64",TRUE,-6.19,48.3675947493746,NA,-8.2675,-2.3425,-4.1425,22.5319670110627,17.2664782880845,21.3286839938343,15.9290755914747,NA,NA,22.5405251134862,17.8300445653298,21.655257806678,8.95884987098114,NA,7.63271970283728,8.44045524372275,19.8079095030429,24.1865740235126,14.5386026211138,29.5159143894816,9.22577001639492,9.6324046919363,17.4447625481548,21.638221861939,24.7155533027551,NA,NA,-7.9933643899489,-2.72787566697065,-6.7900813727204,-1.39047297036085,NA,-7.1166551855641,NA,-8.0019224923723,NA,-10.1769506816413,-3.2914419442159,5.57975275013271,NA,6.90588291827657,6.0981473773911,-5.26930688192905,-9.6479714023988,-14.9773117683678,5.31283260471893,4.90619792917754,-2.906159927041,-7.0996192408251,"mLN",NA,NA,NA,NA,NA,NA,NA,NA,NA,NA,NA,NA,NA,NA,NA,NA,NA,NA,NA,8,242500,97.7221974095578,"challenge","F1 hybrid",NA,NA,NA,NA,NA,NA,3.75,37500,29069.7674418605,NA,NA
"LM0284","E57","E64","E64","STRA_BUSNA","E57byKLT",22.56,22.39,100.759267530147,1.26,4,"challenge",0,0,0,0,1,0,0,"E64_E64",TRUE,-6.19,48.3675947493746,NA,-8.2675,-2.3425,-4.1425,22.5319670110627,17.2664782880845,21.3286839938343,15.9290755914747,NA,NA,22.5405251134862,17.8300445653298,21.655257806678,8.95884987098114,NA,7.63271970283728,8.44045524372275,19.8079095030429,24.1865740235126,14.5386026211138,29.5159143894816,9.22577001639492,9.6324046919363,17.4447625481548,21.638221861939,24.7155533027551,NA,NA,-7.9933643899489,-2.72787566697065,-6.7900813727204,-1.39047297036085,NA,-7.1166551855641,NA,-8.0019224923723,NA,-10.1769506816413,-3.2914419442159,5.57975275013271,NA,6.90588291827657,6.0981473773911,-5.26930688192905,-9.6479714023988,-14.9773117683678,5.31283260471893,4.90619792917754,-2.906159927041,-7.0996192408251,"mLN",NA,NA,NA,NA,NA,NA,NA,NA,NA,NA,NA,NA,NA,NA,NA,NA,NA,NA,NA,8,242500,97.7221974095578,"challenge","F1 hybrid",0.0513,135.1,2.703,1.473,1.84,2.08,0,0,0,5.404,0.105341130604288
"LM0284","E57","E64","E64","STRA_BUSNA","E57byLOR",22.39,22.39,100,1.27,0,"challenge",0,0,0,0,1,0,0,"E64_E64",TRUE,-6.19,48.3675947493746,NA,-8.2675,-2.3425,-4.1425,22.5319670110627,17.2664782880845,21.3286839938343,15.9290755914747,NA,NA,22.5405251134862,17.8300445653298,21.655257806678,8.95884987098114,NA,7.63271970283728,8.44045524372275,19.8079095030429,24.1865740235126,14.5386026211138,29.5159143894816,9.22577001639492,9.6324046919363,17.4447625481548,21.638221861939,24.7155533027551,NA,NA,-7.9933643899489,-2.72787566697065,-6.7900813727204,-1.39047297036085,NA,-7.1166551855641,NA,-8.0019224923723,NA,-10.1769506816413,-3.2914419442159,5.57975275013271,NA,6.90588291827657,6.0981473773911,-5.26930688192905,-9.6479714023988,-14.9773117683678,5.31283260471893,4.90619792917754,-2.906159927041,-7.0996192408251,"mLN",NA,NA,NA,NA,NA,NA,NA,NA,NA,NA,NA,NA,NA,NA,NA,NA,NA,NA,NA,8,242500,97.7221974095578,"challenge","F1 hybrid",0.0439,82.7,1.653,0.937,1.76,1.41,0,0,0,3.308,0.0753530751708428
