"","labels","EH_ID","dpi","OPG","weightloss","Genome_copies_gFaeces","Variable"
"1","E57aKRW","LM0204","4",11428.5714285714,3.32294911734164,327164228.369857,"E64_Prim"
"2","E57aKOT","LM0204","7",748251.748251748,-4.82866043613707,86577015.2858477,"E64_Prim"
"3","E57aILQ","LM0204","1",0,0.934579439252353,0,"E64_Prim"
"4","E57aAEF","LM0204","2",0,-0.51921079958462,0,"E64_Prim"
"5","E57aCIO","LM0204","0",0,0,0,"E64_Prim"
"6","E57aAKU","LM0204","6",2540000,-3.42679127725857,329496371.010947,"E64_Prim"
"7","E57aMTU","LM0204","10",0,-4.98442367601245,NA,"E64_Prim"
"8","E57aJMO","LM0204","8",9943.18181818182,-6.02284527518172,4776933.81865417,"E64_Prim"
"9","E57aFWY","LM0204","9",0,-6.69781931464174,387396.59882736,"E64_Prim"
"10","E57aHLV","LM0204","3",0,-3.79023883696779,3619113.75172049,"E64_Prim"
"11","E57aHLP","LM0204","5",47468.3544303797,2.75181723779855,955805467.318025,"E64_Prim"
"12","E57aBEM","LM0206","6",3656015.03759398,4.00707130229817,1021354848.64774,"E64_Prim"
"13","E57aERU","LM0206","1",0,-2.47495580436065,0,"E64_Prim"
"14","E57aLOW","LM0206","3",0,-2.53388332351208,174069.064262978,"E64_Prim"
"15","E57aMWZ","LM0206","8",7407.40740740741,4.36063641720683,3142686.27775202,"E64_Prim"
"16","E57aDHK","LM0206","9",0,1.29640542133176,1318161.27893319,"E64_Prim"
"17","E57aKOX","LM0206","0",0,0,0,"E64_Prim"
"18","E57aFJL","LM0206","10",0,4.41956393635828,NA,"E64_Prim"
"19","E57aBUV","LM0206","5",0,10.0176782557454,1121474489.25734,"E64_Prim"
"20","E57aAIS","LM0206","4",0,6.54095462581025,300867915.722208,"E64_Prim"
"21","E57aFIW","LM0206","2",0,4.47849145550971,0,"E64_Prim"
"22","E57aBPU","LM0206","7",419444.444444444,0.47142015321154,63662009.5445011,"E64_Prim"
"23","E57aBNW","LM0207","8",337349.397590361,0.405327156919515,16986417.432979,"E64_Prim"
"24","E57aKTU","LM0207","6",2231132.0754717,9.55414012738854,2986072241.63968,"E64_Prim"
"25","E57aFOX","LM0207","2",0,3.18471337579618,0,"E64_Prim"
"26","E57aADP","LM0207","9",148026.315789474,-0.694846554719172,51584261.3375172,"E64_Prim"
"27","E57aBHT","LM0207","5",480000,7.35379270411117,1827394510.68324,"E64_Prim"
"28","E57aANQ","LM0207","3",0,0.115807759119859,2490004.11860691,"E64_Prim"
"29","E57aCPY","LM0207","0",0,0,NA,"E64_Prim"
"30","E57aEHM","LM0207","10",0,-1.96873190503764,NA,"E64_Prim"
"31","E57aBEP","LM0207","7",1326923.07692308,3.2426172553561,1742592167.8394,"E64_Prim"
"32","E57aJKO","LM0207","4",0,2.77938621887667,256446529.599485,"E64_Prim"
"33","E57aFNU","LM0207","1",0,-3.06890561667632,0,"E64_Prim"
"34","E57aLOU","LM0208","9",150000,-1.840490797546,9603874.0372593,"E64_Prim"
"35","E57aPSV","LM0208","5",98958.3333333333,3.33041191936898,855239672.008579,"E64_Prim"
"36","E57aFHX","LM0208","7",1118902.43902439,0.701139351446101,1393522567.84658,"E64_Prim"
"37","E57aMTZ","LM0208","10",0,-0.219106047326909,403982.882370251,"E64_Prim"
"38","E57aFHR","LM0208","8",88483.1460674157,-2.71691498685364,193443150.480617,"E64_Prim"
"39","E57aAFV","LM0208","4",0,0.350569675723058,949780459.743238,"E64_Prim"
"40","E57aDIT","LM0208","1",0,-1.44609991235757,0,"E64_Prim"
"41","E57aIOV","LM0208","2",0,-2.49780893952673,0,"E64_Prim"
"42","E57aGQU","LM0208","0",0,0,0,"E64_Prim"
"43","E57aDPV","LM0208","6",856617.647058823,4.33829973707275,2055494440.42278,"E64_Prim"
"44","E57aLOX","LM0208","3",0,-5.8282208588957,325170.912401009,"E64_Prim"
"45","E57aASY","LM0209","10",0,-2.08239022181983,707960.543212322,"E64_Prim"
"46","E57aHPQ","LM0209","0",0,0,0,"E64_Prim"
"47","E57aLMY","LM0209","8",13888.8888888889,-3.84789497510186,925211.312034292,"E64_Prim"
"48","E57aAFO","LM0209","5",51801.8018018018,8.01267541874151,730979242.926427,"E64_Prim"
"49","E57aGNX","LM0209","4",0,2.48981439565415,1047592856.33188,"E64_Prim"
"50","E57aHIM","LM0209","3",0,-0.588501584427338,191408.672330704,"E64_Prim"
"51","E57aIUY","LM0209","2",0,-2.26346763241286,0,"E64_Prim"
"52","E57aDHQ","LM0209","6",610507.246376812,1.72023540063377,157985067.318411,"E64_Prim"
"53","E57aGKL","LM0209","9",0,-4.61747397012223,1607715.28328537,"E64_Prim"
"54","E57aFOZ","LM0209","1",0,0.588501584427338,41341.8271889761,"E64_Prim"
"55","E57aNOQ","LM0209","7",156976.744186047,-2.17292892711634,79739769.476393,"E64_Prim"
"56","E57aEKY","LM0210","10",0,-13.9936102236422,322114.350172622,"E64_Prim"
"57","E57aALT","LM0210","9",0,-11.6932907348243,2455640.78741341,"E64_Prim"
"58","E57aBOU","LM0210","0",0,0,0,"E64_Prim"
"59","E57aHQY","LM0210","2",0,0.766773162939304,152372.715278333,"E64_Prim"
"60","E57aFGI","LM0210","4",0,-2.68370607028754,47383821.2906327,"E64_Prim"
"61","E57aGRU","LM0210","5",195312.5,-1.85303514376996,504726587.442581,"E64_Prim"
"62","E57aCWX","LM0210","6",431318.681318681,-3.19488817891373,584187304.986487,"E64_Prim"
"63","E57aLPX","LM0210","8",106132.075471698,-7.98722044728433,139909331.992377,"E64_Prim"
"64","E57aDRW","LM0210","7",719565.217391304,-7.66773162939298,129401816.289892,"E64_Prim"
"65","E57aBTY","LM0210","1",0,-1.91693290734824,79902.5172875954,"E64_Prim"
"66","E57aBKM","LM0210","3",0,-2.7476038338658,313139.976833472,"E64_Prim"
"67","E57aIOQ","LM0211","7",2132267.44186047,13.6050516647532,995328485.330895,"E64_Prim"
"68","E57aGHI","LM0211","3",0,0.114810562571775,2845324.93467714,"E64_Prim"
"69","E57aFNP","LM0211","4",0,2.1239954075775,201602912.294239,"E64_Prim"
"70","E57aOUW","LM0211","2",0,-1.95177956371986,4143914.63652948,"E64_Prim"
"71","E57aBKT","LM0211","0",0,0,0,"E64_Prim"
"72","E57aFPS","LM0211","8",119369.369369369,0.918484500574054,185651230.374242,"E64_Prim"
"73","E57aPVW","LM0211","5",328571.428571429,10.1607347876005,8583590837.31959,"E64_Prim"
"74","E57aFPY","LM0211","1",0,-1.60734787600458,0,"E64_Prim"
"75","E57aAPU","LM0211","9",26595.7446808511,-1.77956371986222,8571878.09409704,"E64_Prim"
"76","E57aDJU","LM0211","6",925000,18.1400688863376,3627951760.90382,"E64_Prim"
"77","E57aDKM","LM0211","10",11235.9550561798,-2.98507462686567,856529.942689716,"E64_Prim"
"78","E57aBOX","LM0212","9",20531.4009661836,4.03151065801667,1680960.73199565,"E64_Prim"
"79","E57aCNR","LM0212","8",55555.5555555556,6.48748841519925,27286298.1405022,"E64_Prim"
"80","E57aHTY","LM0212","2",0,2.17794253938832,88773.0591882231,"E64_Prim"
"81","E57aGHT","LM0212","1",0,0.139017608897116,0,"E64_Prim"
"82","E57aDIK","LM0212","10",7462.68656716418,4.1705282669138,180494.069654554,"E64_Prim"
"83","E57aHLO","LM0212","4",0,10.0092678405931,81625161.7368934,"E64_Prim"
"84","E57aDNY","LM0212","7",213333.333333333,8.8507877664504,324019215.471055,"E64_Prim"
"85","E57aABY","LM0212","6",2173529.41176471,13.4383688600556,1416434193.46071,"E64_Prim"
"86","E57aHJQ","LM0212","0",0,0,0,"E64_Prim"
"87","E57aNOP","LM0212","5",152173.913043478,11.4921223354958,4234697046.73449,"E64_Prim"
"88","E57aGKV","LM0212","3",0,2.40963855421687,305228.213080591,"E64_Prim"
"89","E57aDRT","LM0213","9",62500,-8.31708901884341,NA,"E64_Prim"
"90","E57aNST","LM0213","8",38265.306122449,-7.66731643924626,32000058.255432,"E64_Prim"
"91","E57aDMY","LM0213","7",770833.333333333,-0.259909031838851,494155064.093156,"E64_Prim"
"92","E57aDPZ","LM0213","5",184782.608695652,12.4756335282651,973904448.042412,"E64_Prim"
"93","E57aFHV","LM0213","0",0,0,0,"E64_Prim"
"94","E57aCGQ","LM0213","4",11627.9069767442,4.22352176738142,159876326.816896,"E64_Prim"
"95","E57aABM","LM0213","6",1428571.42857143,8.83690708252113,8454392854.63204,"E64_Prim"
"96","E57aORX","LM0213","1",0,0.389863547758288,0,"E64_Prim"
"97","E57aDJW","LM0213","3",0,-3.63872644574398,2092619.88076131,"E64_Prim"
"98","E57aCFO","LM0213","2",0,-1.23456790123456,0,"E64_Prim"
"99","E57aTUW","LM0213","10",0,-2.3391812865497,407402.453937079,"E64_Prim"
"100","E57aDLQ","LM0214","5",0,7.36419978126139,2404023088.78729,"E64_Prim"
"101","E57aKPT","LM0214","3",0,-3.1717098067809,590431.003273476,"E64_Prim"
"102","E57aEIJ","LM0214","10",4347.82608695652,-3.3175355450237,133566.582418239,"E64_Prim"
"103","E57aNXZ","LM0214","8",62874.251497006,2.0051039008385,7815932.60078845,"E64_Prim"
"104","E57aFLM","LM0214","1",0,1.45825738242799,NA,"E64_Prim"
"105","E57aDES","LM0214","0",0,0,0,"E64_Prim"
"106","E57aADQ","LM0214","2",0,0.437477214728403,30262.6305708758,"E64_Prim"
"107","E57aCEY","LM0214","9",94488.1889763779,-2.2602989427634,NA,"E64_Prim"
"108","E57aEUV","LM0214","7",456066.945606695,9.11410864017499,673214115.541685,"E64_Prim"
"109","E57aPRY","LM0214","4",0,3.2446226759023,207821157.53244,"E64_Prim"
"110","E57aOTZ","LM0214","6",1370689.65517241,11.2650382792563,2900012419.24017,"E64_Prim"
"111","E57aDGQ","LM0215","3",0,-1.63179916317992,3086306.0242377,"E64_Prim"
"112","E57aPRZ","LM0215","2",0,-1.12970711297072,288343.92825334,"E64_Prim"
"113","E57aKQY","LM0215","10",0,-4.81171548117156,168914.030757265,"E64_Prim"
"114","E57aKNW","LM0215","8",34539.4736842105,-3.84937238493725,6685303.02634714,"E64_Prim"
"115","E57aEQZ","LM0215","9",0,-5.64853556485356,124156.627775075,"E64_Prim"
"116","E57aELT","LM0215","0",0,0,0,"E64_Prim"
"117","E57aGMN","LM0215","1",0,-0.167364016736413,0,"E64_Prim"
"118","E57aGMX","LM0215","6",2151515.15151515,1.21338912133891,432353253.367679,"E64_Prim"
"119","E57aEWX","LM0215","4",17045.4545454545,3.93305439330543,137818758.334382,"E64_Prim"
"120","E57aCPS","LM0215","5",53571.4285714286,6.69456066945606,1240154868.6284,"E64_Prim"
"121","E57aENO","LM0215","7",234496.124031008,-6.35983263598328,60219711.7365798,"E64_Prim"
"122","E57aJOW","LM0216","7",140540.540540541,2.66739248775178,33998458.3741992,"E64_Prim"
"123","E57aJMW","LM0216","3",0,8.32879695155145,4502607.35065935,"E64_Prim"
"124","E57aBDV","LM0216","5",288461.538461538,18.0185084376701,6161896750.83584,"E64_Prim"
"125","E57aABJ","LM0216","2",0,10.2340772999456,312360.588484238,"E64_Prim"
"126","E57aALW","LM0216","8",0,7.24006532389767,10429997.0653074,"E64_Prim"
"127","E57aNVW","LM0216","9",10135.1351351351,3.91943385955363,0,"E64_Prim"
"128","E57aBFX","LM0216","6",1680555.55555556,7.89330430048993,879498885.201736,"E64_Prim"
"129","E57aAMT","LM0216","10",5376.34408602151,3.15732172019598,166070.739846017,"E64_Prim"
"130","E57aNSU","LM0216","0",0,0,0,"E64_Prim"
"131","E57aSVY","LM0216","1",0,6.80457267283615,0,"E64_Prim"
"132","E57aGIQ","LM0216","4",4761.90476190476,11.3228089275994,270288257.339498,"E64_Prim"
"133","E57aCDS","LM0217","3",0,1.86020293122885,4924403.91717183,"E64_Prim"
"134","E57aCEV","LM0217","2",0,1.40924464487035,0,"E64_Prim"
"135","E57aMXY","LM0217","4",5376.34408602151,5.46786922209695,1741689933.76741,"E64_Prim"
"136","E57aFKY","LM0217","0",0,0,0,"E64_Prim"
"137","E57aMQY","LM0217","5",557692.307692308,4.73506200676437,1287280898.88104,"E64_Prim"
"138","E57aOVW","LM0217","9",4934.21052631579,-6.08793686583992,0,"E64_Prim"
"139","E57aLPV","LM0217","8",7281.55339805825,-3.26944757609922,4807689.66057597,"E64_Prim"
"140","E57aOPW","LM0217","7",252100.840336134,-3.94588500563699,225551854.552779,"E64_Prim"
"141","E57aOTY","LM0217","1",0,1.12739571589628,0,"E64_Prim"
"142","E57aDFN","LM0217","6",1585877.86259542,1.91657271702367,567920058.905833,"E64_Prim"
"143","E57aHMZ","LM0217","10",0,-9.6392333709132,436813.508423458,"E64_Prim"
"144","E57aAEL","LM0218","8",44585.9872611465,-2.89783889980354,991443.747015646,"E64_Prim"
"145","E57aJLZ","LM0218","0",0,0,0,"E64_Prim"
"146","E57aINU","LM0218","6",207627.118644068,1.1787819253438,667991865.027136,"E64_Prim"
"147","E57aAJX","LM0218","9",0,-0.196463654223964,3221999.48407943,"E64_Prim"
"148","E57aEFV","LM0218","1",0,-0.392927308447946,0,"E64_Prim"
"149","E57aAKV","LM0218","7",214887.640449438,-2.30844793713162,318739639.404082,"E64_Prim"
"150","E57aMUW","LM0218","4",0,-1.17878192534382,64843863.045185,"E64_Prim"
"151","E57aAOQ","LM0218","2",0,-1.9155206286837,0,"E64_Prim"
"152","E57aCGX","LM0218","3",0,0.785854616895875,581849.522437726,"E64_Prim"
"153","E57aBOS","LM0218","5",197916.666666667,2.25933202357564,19575729.3422533,"E64_Prim"
"154","E57aGKS","LM0218","10",5859.375,-2.75049115913557,6671.53775648641,"E64_Prim"
"155","E57aABG","LM0219","3",0,-0.263157894736846,1133194.08596323,"E64_Prim"
"156","E57aOXY","LM0219","4",0,-2.57894736842104,119612779.579137,"E64_Prim"
"157","E57aDFV","LM0219","10",0,-2.10526315789473,704863.608061669,"E64_Prim"
"158","E57aEJL","LM0219","7",318597.56097561,-7.63157894736842,108471388.773664,"E64_Prim"
"159","E57aACQ","LM0219","2",0,-7.31578947368421,0,"E64_Prim"
"160","E57aALS","LM0219","1",0,-5.84210526315789,0,"E64_Prim"
"161","E57aCDZ","LM0219","9",0,-8.73684210526316,2221256.36319053,"E64_Prim"
"162","E57aCHN","LM0219","0",0,0,0,"E64_Prim"
"163","E57aCER","LM0219","5",14285.7142857143,-0.157894736842111,110590474.680648,"E64_Prim"
"164","E57aTUX","LM0219","8",14814.8148148148,-9,1524415.30192588,"E64_Prim"
"165","E57aCGL","LM0219","6",1675675.67567568,-5.84210526315789,1607874432.50471,"E64_Prim"
"166","E57aEPS","LM0220","2",0,-2.99188640973631,0,"E64_Prim"
"167","E57aCEJ","LM0220","9",6465.51724137931,0.304259634888432,614640.134172317,"E64_Prim"
"168","E57aBLW","LM0220","7",343137.254901961,3.14401622718051,289302632.492633,"E64_Prim"
"169","E57aBDM","LM0220","4",6097.56097560976,1.72413793103448,20530313.3235793,"E64_Prim"
"170","E57aDFL","LM0220","5",297297.297297297,7.75862068965516,2902544178.87056,"E64_Prim"
"171","E57aAKR","LM0220","6",2380165.2892562,2.63691683569979,1129428709.2462,"E64_Prim"
"172","E57aBQS","LM0220","10",13888.8888888889,0,0,"E64_Prim"
"173","E57aMRU","LM0220","8",39062.5,0.152129817444207,2964588.9382545,"E64_Prim"
"174","E57aAGO","LM0220","0",0,0,0,"E64_Prim"
"175","E57aDGN","LM0220","1",0,-1.36916835699797,0,"E64_Prim"
"176","E57aCIM","LM0220","3",0,3.65111561866125,586548.998137917,"E64_Prim"
"177","E57aBFN","LM0221","8",22413.7931034483,5.57526609224532,126896710.043971,"E64_Prim"
"178","E57aKNV","LM0221","10",0,5.11910795742525,550280.148968852,"E64_Prim"
"179","E57aHOZ","LM0221","6",230555.555555556,6.48758236188546,1889868053.5987,"E64_Prim"
"180","E57aGTU","LM0221","7",553846.153846154,4.15610745058287,224242176.111643,"E64_Prim"
"181","E57aQUX","LM0221","5",98958.3333333333,4.46021287379624,571967384.08426,"E64_Prim"
"182","E57aOTW","LM0221","1",0,0.760263558033462,0,"E64_Prim"
"183","E57aFQS","LM0221","0",0,0,0,"E64_Prim"
"184","E57aAQR","LM0221","3",0,2.88900152052712,2356293.62206945,"E64_Prim"
"185","E57aPQU","LM0221","4",0,-0.861632032437902,90368542.3384616,"E64_Prim"
"186","E57aLTV","LM0221","9",16826.9230769231,6.74100354789661,1063645.43252464,"E64_Prim"
"187","E57aDEI","LM0221","2",0,-1.46984287886467,108773.116627867,"E64_Prim"
"188","E57aHJN","LM0222","7",1238188.97637795,8.67027928303459,47355748.7899844,"E64_Prim"
"189","E57aCRW","LM0222","0",0,0,0,"E64_Prim"
"190","E57aAKQ","LM0222","6",264367.816091954,10.8795331388078,298181860.739964,"E64_Prim"
"191","E57aFVX","LM0222","8",110000,2.54272613588995,11133300.2529287,"E64_Prim"
"192","E57aFIU","LM0222","5",55555.5555555556,9.87911629845768,866745297.465552,"E64_Prim"
"193","E57aJMZ","LM0222","9",49632.3529411765,1.16715298040849,344186.204616462,"E64_Prim"
"194","E57aIJU","LM0222","4",5434.78260869565,6.83618174239265,14138.6418829744,"E64_Prim"
"195","E57aBIN","LM0222","3",0,6.29428928720299,0,"E64_Prim"
"196","E57aDGM","LM0222","2",0,0.666944560233431,0,"E64_Prim"
"197","E57aPQV","LM0222","1",0,0.541892455189658,0,"E64_Prim"
"198","E57aBQX","LM0222","10",0,0.500208420175062,73650.8349040854,"E64_Prim"
"199","E57aQVW","LM0223","9",0,-6.4158224794983,1597852.78985193,"E64_Prim"
"200","E57aRXY","LM0223","0",0,0,0,"E64_Prim"
"201","E57aKOQ","LM0223","1",0,-3.28027013989387,59207.8239229009,"E64_Prim"
"202","E57aBWY","LM0223","6",59829.0598290598,-4.0520984081042,2162158512.3407,"E64_Prim"
"203","E57aFGK","LM0223","4",9090.90909090909,-3.32850940665702,164023010.932811,"E64_Prim"
"204","E57aAIR","LM0223","5",53846.1538461538,-3.23203087313072,2877567218.53508,"E64_Prim"
"205","E57aAGM","LM0223","2",0,-5.0168837433671,0,"E64_Prim"
"206","E57aJLW","LM0223","7",109154.929577465,-5.64399421128798,284858144.895152,"E64_Prim"
"207","E57aAOU","LM0223","3",0,1.30246020260492,1048463.75960094,"E64_Prim"
"208","E57aALQ","LM0223","8",5263.15789473684,-2.4602026049204,585808.199026963,"E64_Prim"
"209","E57aUXY","LM0223","10",8064.51612903226,-7.47708634828751,0,"E64_Prim"
"210","E57aNOV","LM0224","8",13157.8947368421,-8.17282665278501,21787488.4871395,"E64_Prim"
"211","E57aIMR","LM0224","6",174418.604651163,5.8302967204581,1000756137.81011,"E64_Prim"
"212","E57aBNY","LM0224","10",4285.71428571429,-2.18636127017178,372197.42603864,"E64_Prim"
"213","E57aGTX","LM0224","4",12437.8109452736,1.61374284226966,43381.957847899,"E64_Prim"
"214","E57aFMY","LM0224","2",0,-3.69599167100469,85185.2306425709,"E64_Prim"
"215","E57aOPS","LM0224","7",85483.8709677419,-3.53982300884956,492280862.91471,"E64_Prim"
"216","E57aAMW","LM0224","9",6377.55102040816,-1.82196772514314,3837937.12775808,"E64_Prim"
"217","E57aKVZ","LM0224","0",0,0,0,"E64_Prim"
"218","E57aEGN","LM0224","3",0,6.45497136907861,336834.648191244,"E64_Prim"
"219","E57aEIL","LM0224","5",54487.1794871795,4.16449765747007,614704258.233595,"E64_Prim"
"220","E57aEMQ","LM0224","1",0,-3.90421655387819,0,"E64_Prim"
"221","E57aDUX","LM0225","1",0,1.06951871657754,1035.46910108388,"E64_Prim"
"222","E57aNTY","LM0225","4",0,0.855614973262039,255337720.186076,"E64_Prim"
"223","E57aELY","LM0225","2",0,-2.10338680926916,36611.7672539926,"E64_Prim"
"224","E57aWXZ","LM0225","9",0,-3.27985739750445,1976162.5518777,"E64_Prim"
"225","E57aGIL","LM0225","6",93406.5934065934,1.67557932263815,830024105.229061,"E64_Prim"
"226","E57aOQX","LM0225","5",64732.1428571428,3.74331550802139,2720094479.13398,"E64_Prim"
"227","E57aMWX","LM0225","7",180000,-1.85383244206773,725047209.665483,"E64_Prim"
"228","E57aBHY","LM0225","10",0,-2.10338680926916,1853697.25906812,"E64_Prim"
"229","E57aGLO","LM0225","3",0,-7.66488413547236,384973.56425774,"E64_Prim"
"230","E57aFGT","LM0225","0",0,0,0,"E64_Prim"
"231","E57aAGH","LM0225","8",8333.33333333333,-3.52941176470588,6057238.49885675,"E64_Prim"
"232","E57aEFW","LM0226","8",13157.8947368421,-5.27704485488127,38484826.8847285,"E64_Prim"
"233","E57aBXY","LM0226","1",0,-0.527704485488127,0,"E64_Prim"
"234","E57aEFJ","LM0226","9",21084.3373493976,-4.02374670184696,2227367.48119666,"E64_Prim"
"235","E57aCSV","LM0226","7",164948.453608247,-5.93667546174142,308648407.706093,"E64_Prim"
"236","E57aETX","LM0226","4",0,0.527704485488127,4821367.61242992,"E64_Prim"
"237","E57aHQU","LM0226","2",0,-3.49604221635883,0,"E64_Prim"
"238","E57aBLR","LM0226","3",0,-3.29815303430079,15856554.1647805,"E64_Prim"
"239","E57aDER","LM0226","10",0,-4.15567282321899,2220440.85498596,"E64_Prim"
"240","E57aJNR","LM0226","6",15151.5151515152,-4.15567282321899,1311716767.5326,"E64_Prim"
"241","E57aKNO","LM0226","0",0,0,0,"E64_Prim"
"242","E57aIQW","LM0226","5",104166.666666667,5.47493403693931,2051268775.94251,"E64_Prim"
"243","E57bxAEQ","LM0258","4",0,1.62107396149948,18552076.9877937,"E64_Sec"
"244","E57bxAFV","LM0259","2",0,-1.24610591900311,0,"E64_Sec"
"245","E57bxALR","LM0259","0",0,0,0,"E64_Sec"
"246","E57bxCGS","LM0258","2",0,1.3677811550152,0,"E64_Sec"
"247","E57bxCLS","LM0259","5",225000,1.17687781239183,119698344.871626,"E64_Sec"
"248","E57bxDKW","LM0259","4",0,1.21149186569748,128941366.271904,"E64_Sec"
"249","E57bxFGV","LM0259","1",0,-2.73451021114572,0,"E64_Sec"
"250","E57bxFYZ","LM0258","3",0,1.51975683890576,4221128.28253685,"E64_Sec"
"251","E57bxGHI","LM0259","8",2906.97674418605,1.9730010384216,17368450.837933,"E64_Sec"
"252","E57bxGHL","LM0259","6",410828.025477707,0.415368639667709,533338146.498334,"E64_Sec"
"253","E57bxGTW","LM0259","3",0,-1.9730010384216,0,"E64_Sec"
"254","E57bxHJU","LM0258","0",0,0,247457169.207944,"E64_Sec"
"255","E57bxHKX","LM0258","7",695402.298850575,8.10536980749746,188390812.546255,"E64_Sec"
"256","E57bxHVW","LM0258","8",34836.0655737705,7.39614994934143,18448201.4469699,"E64_Sec"
"257","E57bxJXZ","LM0258","5",122685.185185185,6.12968591691995,608216296.541116,"E64_Sec"
"258","E57bxKMS","LM0258","6",98214.2857142857,5.26849037487335,380209626.369046,"E64_Sec"
"259","E57bxNUY","LM0259","7",48913.0434782609,-1.90377293181032,223616515.122962,"E64_Sec"
"260","E57bxOPZ","LM0258","1",0,2.83687943262411,0,"E64_Sec"
"261","E57byABO","LM0262","8",0,-8.61334595362045,0,"E64_Sec"
"262","E57byACW","LM0285","1",0,0.874935666495101,NA,"E64_Sec"
"263","E57byAFP","LM0265","5",209163.346613546,4.27544457056375,NA,"E64_Sec"
"264","E57byAHU","LM0265","6",65533.9805825243,10.2156640181612,550977395.563638,"E64_Sec"
"265","E57byAKS","LM0263","1",0,-2.68235294117647,NA,"E64_Sec"
"266","E57byAMV","LM0262","5",58139.5348837209,-3.83341221012779,NA,"E64_Sec"
"267","E57byAOZ","LM0270","2",0,-2.76266220175806,0,"E64_Sec"
"268","E57byAQY","LM0269","6",11450.3816793893,8.75,NA,"E64_Sec"
"269","E57byARS","LM0270","3",0,4.14399330263709,579427.717337905,"E64_Sec"
"270","E57byAST","LM0287","3",0,-6.37280934678706,NA,"E64_Sec"
"271","E57byAUZ","LM0260","6",45289.8550724638,10.4066161268091,NA,"E64_Sec"
"272","E57byAVW","LM0280","6",89154.4117647059,-5.57768924302789,0,"E64_Sec"
"273","E57byBEV","LM0285","7",103773.58490566,2.16160576428203,NA,"E64_Sec"
"274","E57byBGP","LM0294","2",0,-0.411280846063456,NA,"E64_Sec"
"275","E57byBGV","LM0270","5",86538.4615384615,5.3578903306823,NA,"E64_Sec"
"276","E57byBHX","LM0279","4",0,-1.35831381733021,25025712.1059997,"E64_Sec"
"277","E57byBIJ","LM0263","4",0,-5.27058823529412,NA,"E64_Sec"
"278","E57byBIT","LM0285","2",0,1.95573854863612,NA,"E64_Sec"
"279","E57byBIW","LM0269","0",0,0,0,"E64_Sec"
"280","E57byBKV","LM0262","4",0,-8.6606720302887,5315588.02067211,"E64_Sec"
"281","E57byBKY","LM0265","2",0,0.491865304578127,0,"E64_Sec"
"282","E57byBMS","LM0279","5",39772.7272727273,2.29508196721312,NA,"E64_Sec"
"283","E57byBMX","LM0285","8",85714.2857142857,-1.18373648996398,NA,"E64_Sec"
"284","E57byBNQ","LM0279","0",0,0,72696677.872364,"E64_Sec"
"285","E57byBQY","LM0291","8",52884.6153846154,NA,NA,"E64_Sec"
"286","E57byBTZ","LM0270","4",0,5.39974884889075,2727812.88206266,"E64_Sec"
"287","E57byCFV","LM0262","2",0,-3.88073828679603,0,"E64_Sec"
"288","E57byCHL","LM0294","0",0,0,NA,"E64_Sec"
"289","E57byCHM","LM0263","5",191265.060240964,-3.76470588235294,NA,"E64_Sec"
"290","E57byCHZ","LM0285","3",0,-1.28667009778693,NA,"E64_Sec"
"291","E57byCKT","LM0260","0",0,0,NA,"E64_Sec"
"292","E57byCLV","LM0285","6",255000,0.308800823468856,NA,"E64_Sec"
"293","E57byCMQ","LM0285","4",0,1.13226968605249,NA,"E64_Sec"
"294","E57byCPW","LM0291","7",128205.128205128,2.77665995975856,NA,"E64_Sec"
"295","E57byCRV","LM0285","0",0,0,NA,"E64_Sec"
"296","E57byCRX","LM0284","2",0,-0.178651183564087,0,"E64_Sec"
"297","E57byDFL","LM0287","1",0,-1.00902814657462,NA,"E64_Sec"
"298","E57byDHI","LM0263","2",0,-4.84705882352942,NA,"E64_Sec"
"299","E57byDKM","LM0265","0",0,0,0,"E64_Sec"
"300","E57byDMZ","LM0291","5",180434.782608696,0.563380281690143,NA,"E64_Sec"
"301","E57byDVW","LM0280","7",23504.2735042735,-6.08992601024474,NA,"E64_Sec"
"302","E57byEIS","LM0265","3",0,0.0756715853197108,933841.611345294,"E64_Sec"
"303","E57byEIV","LM0269","2",0,-0.231481481481468,0,"E64_Sec"
"304","E57byEKV","LM0270","7",23214.2857142857,5.31603181247384,5752991.60348277,"E64_Sec"
"305","E57byELU","LM0287","2",0,-6.00106213489115,NA,"E64_Sec"
"306","E57byEMP","LM0291","1",0,0.201207243460767,NA,"E64_Sec"
"307","E57byEPQ","LM0287","4",0,-5.62931492299523,NA,"E64_Sec"
"308","E57byFGW","LM0265","4",0,1.96746121831252,21869686.5618059,"E64_Sec"
"309","E57byFHK","LM0262","7",6329.11392405063,-5.39517274017984,NA,"E64_Sec"
"310","E57byFJY","LM0280","2",0,-9.04951622083096,562217.219167166,"E64_Sec"
"311","E57byFLN","LM0294","8",37500,2.05640423031726,NA,"E64_Sec"
"312","E57byFLY","LM0287","7",19685.0393700787,-7.80669144981414,NA,"E64_Sec"
"313","E57byFMN","LM0284","1",0,2.27780259044217,0,"E64_Sec"
"314","E57byFMV","LM0284","3",0,-1.65252344796785,176882.2104313,"E64_Sec"
"315","E57byFPV","LM0279","8",4545.45454545455,0.37470725995317,176445765.262582,"E64_Sec"
"316","E57byFXZ","LM0291","4",0,-4.46680080482897,NA,"E64_Sec"
"317","E57byGHV","LM0260","8",0,6.7539627842867,5388194.67954386,"E64_Sec"
"318","E57byGIR","LM0291","0",0,0,NA,"E64_Sec"
"319","E57byGIT","LM0260","4",0,2.99793246037216,15061970.7373984,"E64_Sec"
"320","E57byGPR","LM0269","5",25000,1.20370370370371,NA,"E64_Sec"
"321","E57byGQU","LM0270","0",0,0,0,"E64_Sec"
"322","E57byGSV","LM0265","7",20370.3703703704,1.8161180476731,NA,"E64_Sec"
"323","E57byHIY","LM0279","1",0,2.29508196721312,0,"E64_Sec"
"324","E57byHJW","LM0269","1",0,-2.82407407407407,0,"E64_Sec"
"325","E57byHKN","LM0280","4",0,-3.13033579965851,2614138.84480653,"E64_Sec"
"326","E57byHKS","LM0262","1",0,-1.89304306672978,0,"E64_Sec"
"327","E57byHKV","LM0287","0",0,0,NA,"E64_Sec"
"328","E57byHKX","LM0294","6",1e+05,1.76263219741481,NA,"E64_Sec"
"329","E57byHLV","LM0291","3",0,-4.98993963782696,NA,"E64_Sec"
"330","E57byHQZ","LM0262","0",0,0,0,"E64_Sec"
"331","E57byIKL","LM0285","5",281021.897810219,2.72774060730829,NA,"E64_Sec"
"332","E57byIMP","LM0280","0",0,0,0,"E64_Sec"
"333","E57byIMQ","LM0265","8",0,0.227014755959133,2708736.37327097,"E64_Sec"
"334","E57byIQW","LM0269","7",7022.47191011236,3.47222222222222,NA,"E64_Sec"
"335","E57byITX","LM0260","3",0,-1.17160578911096,0,"E64_Sec"
"336","E57byJKZ","LM0260","5",109433.962264151,0.930392832529289,NA,"E64_Sec"
"337","E57byJRZ","LM0263","6",177197.802197802,4.32941176470589,NA,"E64_Sec"
"338","E57byKLQ","LM0284","7",29069.7674418605,-0.0446627958910139,NA,"E64_Sec"
"339","E57byKLT","LM0284","4",0,-0.759267530147379,348028.819058936,"E64_Sec"
"340","E57byKMQ","LM0270","8",0,3.68354960234407,92849991.3374685,"E64_Sec"
"341","E57byKOX","LM0284","6",122474.747474747,-3.39437248771772,0,"E64_Sec"
"342","E57byKTZ","LM0294","5",334210.526315789,1.58636897767332,NA,"E64_Sec"
"343","E57byLMS","LM0287","5",140845.070422535,-2.4429102496017,NA,"E64_Sec"
"344","E57byLMZ","LM0263","8",32051.2820512821,-0.0470588235294191,NA,"E64_Sec"
"345","E57byLNO","LM0263","0",0,0,NA,"E64_Sec"
"346","E57byLNT","LM0279","7",105882.352941176,4.40281030444965,0,"E64_Sec"
"347","E57byLOR","LM0284","0",0,0,424539.931022531,"E64_Sec"
"348","E57byLOT","LM0269","8",0,1.89814814814815,0,"E64_Sec"
"349","E57byLPQ","LM0294","4",0,-0.705052878965928,NA,"E64_Sec"
"350","E57byLPZ","LM0284","5",163716.814159292,-0.580616346583292,NA,"E64_Sec"
"351","E57byLQU","LM0280","5",0,-7.91121229368242,NA,"E64_Sec"
"352","E57byLRS","LM0284","8",0,-5.18088432335864,1094727.45318455,"E64_Sec"
"353","E57byMNP","LM0269","3",0,0.46296296296297,0,"E64_Sec"
"354","E57byMRZ","LM0280","8",0,-5.29311326124075,9365831.27961902,"E64_Sec"
"355","E57byNOQ","LM0294","3",0,1.23384253819037,NA,"E64_Sec"
"356","E57byNOY","LM0279","6",108465.608465608,-0.327868852459018,7737789.26821485,"E64_Sec"
"357","E57byNPW","LM0263","7",49212.5984251968,-3.67058823529412,NA,"E64_Sec"
"358","E57byNPY","LM0287","6",80882.3529411765,-7.11630377057888,NA,"E64_Sec"
"359","E57byNRU","LM0270","6",57971.0144927536,5.81833403097531,459610163.147921,"E64_Sec"
"360","E57byNRV","LM0262","3",0,-4.73260766682442,227277.549378771,"E64_Sec"
"361","E57byNSX","LM0262","6",57262.5698324022,1.04117368670137,215153622.832488,"E64_Sec"
"362","E57byNTU","LM0260","7",0,5.51343900758097,NA,"E64_Sec"
"363","E57byNXY","LM0280","3",0,-5.69151963574274,1092768.95624879,"E64_Sec"
"364","E57byOSY","LM0280","1",0,-0.626067159931699,0,"E64_Sec"
"365","E57byOSZ","LM0270","1",0,4.06027626622017,0,"E64_Sec"
"366","E57byPQY","LM0265","1",0,1.2107453651154,0,"E64_Sec"
"367","E57byPQZ","LM0294","7",148477.157360406,2.17391304347827,NA,"E64_Sec"
"368","E57byPRZ","LM0287","8",0,-10.7275624004249,NA,"E64_Sec"
"369","E57byPVX","LM0291","6",391566.265060241,2.45472837022134,NA,"E64_Sec"
"370","E57byPXY","LM0291","2",0,0.201207243460767,NA,"E64_Sec"
"371","E57byQRT","LM0263","3",0,-2.68235294117647,NA,"E64_Sec"
"372","E57byQSV","LM0279","3",0,1.07728337236534,693590.939749199,"E64_Sec"
"373","E57byRSU","LM0260","1",0,-2.75671950379049,0,"E64_Sec"
"374","E57byRSW","LM0294","1",0,-0.235017626321969,NA,"E64_Sec"
"375","E57byRTX","LM0260","2",0,-0.999310820124049,0,"E64_Sec"
"376","E57bySTZ","LM0279","2",0,-0.655737704918019,0,"E64_Sec"
"377","E57bySUZ","LM0269","4",0,0.416666666666666,8472343.60289439,"E64_Sec"
"1100","E57aACD","LM0179","0",0,0,0,"E88_Prim"
"2100","E57aMQS","LM0179","1",0,-4.54305335446381,0,"E88_Prim"
"378","E57aHUY","LM0179","2",0,-2.69413629160064,0,"E88_Prim"
"410","E57aHKT","LM0179","3",0,-0.528262017960916,NA,"E88_Prim"
"517","E57aELN","LM0179","4",0,-2.74696249339672,NA,"E88_Prim"
"610","E57aVXY","LM0179","5",0,-1.53195985208663,NA,"E88_Prim"
"710","E57aRVX","LM0179","6",0,-2.16587427363973,NA,"E88_Prim"
"810","E57aBEJ","LM0179","7",104729.72972973,2.74696249339672,NA,"E88_Prim"
"910","E57aOQZ","LM0179","8",1119565.2173913,5.59957739038562,NA,"E88_Prim"
"1010","E57aGTY","LM0179","9",906862.745098039,6.9202324352879,NA,"E88_Prim"
"1110","E57aBLZ","LM0179","10",82236.8421052632,3.59218172213418,0,"E88_Prim"
"1210","E57aCXY","LM0179","11",5747.12643678161,0.264131008980458,0,"E88_Prim"
"1310","E57aBLX","LM0180","0",0,0,0,"E88_Prim"
"1410","E57aDTY","LM0180","1",0,1.65975103734441,56655.8848341939,"E88_Prim"
"1510","E57aMQT","LM0180","2",0,1.16182572614108,0,"E88_Prim"
"1610","E57aCLZ","LM0180","3",0,1.28630705394192,NA,"E88_Prim"
"1710","E57aGLV","LM0180","4",0,0.373443983402489,338616.103107662,"E88_Prim"
"1810","E57aLMW","LM0180","5",0,0.746887966804978,917463.512498428,"E88_Prim"
"1910","E57aKWY","LM0180","6",0,1.82572614107884,30689758.0652286,"E88_Prim"
"2010","E57aQRU","LM0180","7",0,3.23651452282158,192379382.356574,"E88_Prim"
"2110","E57aCGI","LM0180","8",6e+05,7.67634854771785,NA,"E88_Prim"
"2210","E57aQVZ","LM0180","9",365384.615384615,10,2475756754.85509,"E88_Prim"
"2310","E57aDPT","LM0180","10",127314.814814815,6.18257261410789,53205706.8135696,"E88_Prim"
"2410","E57aIJY","LM0180","11",4000,2.11618257261411,15737292.8369248,"E88_Prim"
"2510","E57aAWY","LM0181","0",0,0,0,"E88_Prim"
"2610","E57aMQR","LM0181","1",0,-4.11428571428571,0,"E88_Prim"
"2710","E57aIRX","LM0181","2",0,-1.60000000000001,NA,"E88_Prim"
"2810","E57aQTW","LM0181","3",0,0.514285714285713,NA,"E88_Prim"
"2910","E57aPSY","LM0181","4",0,-0.857142857142849,NA,"E88_Prim"
"3010","E57aKMS","LM0181","5",0,3.37142857142857,NA,"E88_Prim"
"3110","E57aJLY","LM0181","6",0,0.114285714285712,NA,"E88_Prim"
"3210","E57aINV","LM0181","7",8064.51612903226,8.39999999999999,NA,"E88_Prim"
"3310","E57aLPT","LM0181","8",2388888.88888889,15.3714285714286,NA,"E88_Prim"
"3410","E57aHPU","LM0181","9",1130434.7826087,15.8285714285714,0,"E88_Prim"
"3510","E57aBCS","LM0181","10",301470.588235294,17.1428571428571,0,"E88_Prim"
"3610","E57aCGH","LM0181","11",59523.8095238095,17.6571428571429,0,"E88_Prim"
"379","E57aCLT","LM0182","0",0,0,0,"E88_Prim"
"381","E57aESV","LM0182","1",0,-3.18772136953955,0,"E88_Prim"
"391","E57aBOR","LM0182","2",0,-3.01062573789845,0,"E88_Prim"
"401","E57aHIS","LM0182","3",0,-5.25383707201887,980165.108662864,"E88_Prim"
"411","E57aABD","LM0182","4",0,-2.42030696576151,237091.75582113,"E88_Prim"
"421","E57aJMY","LM0182","5",0,-2.5383707201889,4329320.64681352,"E88_Prim"
"431","E57aJRS","LM0182","6",0,-4.60448642266823,135200959.642204,"E88_Prim"
"445","E57aFSW","LM0182","7",0,-2.5383707201889,9722747.40759783,"E88_Prim"
"451","E57aACW","LM0182","8",102822.580645161,-7.31995277449822,366478681.514651,"E88_Prim"
"469","E57aJSW","LM0182","9",243421.052631579,-6.13931523022432,133060437.67669,"E88_Prim"
"471","E57aDMZ","LM0182","10",54924.2424242424,-3.95513577331758,NA,"E88_Prim"
"481","E57aHNX","LM0182","11",5244.75524475525,-6.78866587957496,891839.711915061,"E88_Prim"
"611","E57aCUX","LM0184","0",0,0,0,"E88_Prim"
"621","E57aEKO","LM0184","1",0,1.14035087719299,0,"E88_Prim"
"6310","E57aETU","LM0184","2",0,0.877192982456137,0,"E88_Prim"
"649","E57aLPU","LM0184","3",0,2.67543859649123,50344.623335298,"E88_Prim"
"651","E57aEHS","LM0184","4",0,4.12280701754386,1087864.76867411,"E88_Prim"
"661","E57aOPZ","LM0184","5",0,3.68421052631579,NA,"E88_Prim"
"671","E57aSYZ","LM0184","6",0,6.49122807017544,370883121.541171,"E88_Prim"
"681","E57aNRW","LM0184","7",7518.7969924812,5.48245614035088,586657255.811612,"E88_Prim"
"691","E57aLSU","LM0184","8",682203.389830509,8.1140350877193,3256799196.24524,"E88_Prim"
"701","E57aLSZ","LM0184","9",250000,10.5263157894737,1338997879.96826,"E88_Prim"
"711","E57aBGM","LM0184","10",113138.686131387,9.82456140350878,162829201.399434,"E88_Prim"
"721","E57aKNT","LM0184","11",77777.7777777778,11.140350877193,87345927.9439237,"E88_Prim"
"731","E57aCEG","LM0185","0",0,0,0,"E88_Prim"
"741","E57aMOV","LM0185","1",0,-1.14427860696516,238872.600391689,"E88_Prim"
"751","E57aIPY","LM0185","2",0,-2.6865671641791,139230.455491274,"E88_Prim"
"761","E57aIPT","LM0185","3",0,-0.149253731343272,3249024.8719379,"E88_Prim"
"771","E57aBCE","LM0185","4",0,-2.48756218905473,59913530.8080284,"E88_Prim"
"781","E57aCKR","LM0185","5",0,-0.796019900497513,3425308.57053489,"E88_Prim"
"791","E57aEFU","LM0185","6",0,-0.199004975124374,203804644.917091,"E88_Prim"
"801","E57aBIL","LM0185","7",0,0.199004975124392,414197141.706349,"E88_Prim"
"811","E57aDMV","LM0185","8",967741.935483871,2.33830845771145,351066.505534552,"E88_Prim"
"821","E57aIKO","LM0185","9",247023.80952381,3.73134328358209,816042380.843414,"E88_Prim"
"831","E57aCHR","LM0185","10",155000,5.02487562189055,207621096.051061,"E88_Prim"
"841","E57aCKW","LM0185","11",0,1.8905472636816,14552351.2004996,"E88_Prim"
"851","E57aFPV","LM0186","0",0,0,NA,"E88_Prim"
"861","E57aSUW","LM0186","1",0,2.15469613259669,0,"E88_Prim"
"871","E57aCDE","LM0186","2",0,2.09944751381217,1446069.3773065,"E88_Prim"
"881","E57aFJQ","LM0186","3",0,1.54696132596686,247623.122161704,"E88_Prim"
"891","E57aCEW","LM0186","4",0,-0.828729281767948,806126.687624951,"E88_Prim"
"901","E57aBQY","LM0186","5",0,-1.93370165745855,NA,"E88_Prim"
"911","E57aEJM","LM0186","6",0,-1.16022099447512,NA,"E88_Prim"
"921","E57aBQZ","LM0186","7",0,1.38121546961326,420848116.328687,"E88_Prim"
"931","E57aJPY","LM0186","8",671875,3.03867403314917,3406331682.64501,"E88_Prim"
"941","E57aKQZ","LM0186","9",295180.722891566,3.70165745856355,293146982.423983,"E88_Prim"
"951","E57aFJK","LM0186","10",41015.625,-1.32596685082872,435943158.845015,"E88_Prim"
"961","E57aHQT","LM0186","11",0,0.497237569060773,11575834.2665255,"E88_Prim"
"1091","E57aCIW","LM0188","0",0,0,0,"E88_Prim"
"1101","E57aBCR","LM0188","1",0,1.60194174757282,0,"E88_Prim"
"1111","E57aFKW","LM0188","2",0,0.242718446601945,63181.2927238384,"E88_Prim"
"1121","E57aDRY","LM0188","3",0,2.18446601941749,442280.87638229,"E88_Prim"
"1131","E57aDNX","LM0188","4",0,4.07766990291262,368369.558439711,"E88_Prim"
"1141","E57aAOV","LM0188","5",0,2.9611650485437,23074781.3023865,"E88_Prim"
"1151","E57aEOU","LM0188","6",0,2.42718446601942,90977380.260687,"E88_Prim"
"1161","E57aUVY","LM0188","7",57291.6666666667,2.57281553398059,921755875.756071,"E88_Prim"
"1171","E57aDET","LM0188","8",859375,11.504854368932,NA,"E88_Prim"
"1181","E57aTWY","LM0188","9",375000,14.2233009708738,2241455313.76527,"E88_Prim"
"1191","E57aCIP","LM0188","10",376712.328767123,17.3300970873786,421430018.315715,"E88_Prim"
"1201","E57aIJT","LM0188","11",127049.180327869,13.8834951456311,34496512.8263341,"E88_Prim"
"1331","E57aHOX","LM0190","0",0,0,0,"E88_Prim"
"1341","E57aRSW","LM0190","1",0,-2.2508038585209,0,"E88_Prim"
"1351","E57aEKR","LM0190","2",0,-0.643086816720255,0,"E88_Prim"
"1361","E57aGQX","LM0190","3",0,0.385852090032158,NA,"E88_Prim"
"1371","E57aVWX","LM0190","4",0,-3.2797427652733,920336.554306501,"E88_Prim"
"1381","E57aCEP","LM0190","5",0,0.643086816720266,958049.345521344,"E88_Prim"
"1391","E57aNSZ","LM0190","6",0,2.18649517684887,185109938.267913,"E88_Prim"
"1401","E57aPWY","LM0190","7",74324.3243243243,5.72347266881029,1202563799.549,"E88_Prim"
"1411","E57aAIZ","LM0190","8",712500,15.4983922829582,1727835796.45565,"E88_Prim"
"1421","E57aJNS","LM0190","9",80645.1612903226,18.4565916398714,1144642432.15772,"E88_Prim"
"1431","E57aLUW","LM0190","10",116279.069767442,19.4212218649518,0,"E88_Prim"
"1441","E57aFJO","LM0190","11",17857.1428571429,17.0418006430868,56980651.8936552,"E88_Prim"
"1571","E57aGUX","LM0192","0",0,0,0,"E88_Prim"
"1581","E57aBCJ","LM0192","1",0,-0.52231718898387,0,"E88_Prim"
"1591","E57aIVX","LM0192","2",0,-1.85185185185185,NA,"E88_Prim"
"1601","E57aKNU","LM0192","3",0,-3.60873694207028,116537.463930369,"E88_Prim"
"1611","E57aEHN","LM0192","4",0,-2.56410256410258,453063.062533792,"E88_Prim"
"1621","E57aEHX","LM0192","5",0,-0.332383665717,NA,"E88_Prim"
"1631","E57aDMO","LM0192","6",0,0.522317188983853,21625693.1286356,"E88_Prim"
"1641","E57aEMT","LM0192","7",11682.2429906542,1.51946818613485,3972284330.65338,"E88_Prim"
"1651","E57aQSY","LM0192","8",596666.666666667,6.60018993352325,554891900.810583,"E88_Prim"
"1661","E57aKPV","LM0192","9",135294.117647059,8.4045584045584,1310417355.40813,"E88_Prim"
"1671","E57aAGL","LM0192","10",0,6.64767331433997,75552263.0851302,"E88_Prim"
"1681","E57aTWZ","LM0192","11",0,5.46058879392212,0,"E88_Prim"
"1811","E57aLNU","LM0194","0",0,0,0,"E88_Prim"
"1821","E57aNWZ","LM0194","1",0,-0.883652430044181,0,"E88_Prim"
"1831","E57aEIP","LM0194","2",0,1.47275405007364,0,"E88_Prim"
"1841","E57aNQY","LM0194","3",0,3.33824251350024,145860.199969638,"E88_Prim"
"1851","E57aKNX","LM0194","4",0,4.36917034855179,0,"E88_Prim"
"1861","E57aJLQ","LM0194","5",0,4.36917034855179,35427221.7281995,"E88_Prim"
"1871","E57aAMY","LM0194","6",0,4.81099656357388,NA,"E88_Prim"
"1881","E57aAHU","LM0194","7",0,8.54197349042711,346677515.825314,"E88_Prim"
"1891","E57aDEY","LM0194","8",1029411.76470588,15.5621011291114,5686040928.00779,"E88_Prim"
"1901","E57aRUV","LM0194","9",286585.365853659,18.7530682376043,0,"E88_Prim"
"1911","E57aEMX","LM0194","10",173076.923076923,11.6838487972509,59486413.1708513,"E88_Prim"
"1921","E57aCTZ","LM0194","11",4310.34482758621,10.0638193421699,42426192.1389583,"E88_Prim"
"1931","E57aOPY","LM0195","0",0,0,0,"E88_Prim"
"1941","E57aEQU","LM0195","1",0,-0.47393364928911,0,"E88_Prim"
"1951","E57aGVZ","LM0195","2",0,-1.65876777251186,NA,"E88_Prim"
"1961","E57aEGS","LM0195","3",0,-2.01421800947867,NA,"E88_Prim"
"1971","E57aJVY","LM0195","4",0,-2.07345971563982,1881800.87493615,"E88_Prim"
"1981","E57aPTV","LM0195","5",0,-1.48104265402844,12219824.0129215,"E88_Prim"
"1991","E57aDGU","LM0195","6",0,-0.770142180094802,175409970.235374,"E88_Prim"
"2001","E57aKVY","LM0195","7",0,0.651658767772509,NA,"E88_Prim"
"2011","E57aDPW","LM0195","8",243589.743589744,3.25829383886256,986828823.383501,"E88_Prim"
"2021","E57aBGI","LM0195","9",95679.012345679,1.36255924170616,228682103.767092,"E88_Prim"
"2031","E57aFTX","LM0195","10",95338.9830508475,-1.24407582938389,109604183.616074,"E88_Prim"
"2041","E57aIJR","LM0195","11",20089.2857142857,-2.07345971563982,81787705.4698823,"E88_Prim"
"2411","E57aBHN","LM0199","0",0,0,0,"E88_Prim"
"2421","E57aGHU","LM0199","1",0,0.85661080074488,0,"E88_Prim"
"2431","E57aCFG","LM0199","2",0,-0.372439478584722,240854.603476164,"E88_Prim"
"2441","E57aBPQ","LM0199","3",0,-0.782122905027923,NA,"E88_Prim"
"2451","E57aFOT","LM0199","4",0,-3.27746741154562,310112.698167229,"E88_Prim"
"2461","E57aFOQ","LM0199","5",0,-3.01675977653631,22924381.448347,"E88_Prim"
"2471","E57aIMQ","LM0199","6",0,-2.34636871508379,121591453.568705,"E88_Prim"
"2481","E57aCJY","LM0199","7",0,-1.11731843575418,541932964.13198,"E88_Prim"
"2491","E57aFKS","LM0199","8",1125000,-0.744878957169457,2163023431.93859,"E88_Prim"
"2501","E57aGIR","LM0199","9",108433.734939759,0.819366852886415,809010450.546964,"E88_Prim"
"2511","E57aACJ","LM0199","10",68421.0526315789,0.85661080074488,0,"E88_Prim"
"2521","E57aHSZ","LM0199","11",0,1.60148975791434,28516067.3206223,"E88_Prim"
"3251","E57aIJQ","LM0229","0",0,0,0,"E88_Prim"
"3261","E57aEKT","LM0229","1",0,-2.65486725663716,114879.258312947,"E88_Prim"
"3271","E57aHQZ","LM0229","2",0,-2.14917825537295,0,"E88_Prim"
"3281","E57aHMU","LM0229","3",0,1.01137800252845,0,"E88_Prim"
"3291","E57aHKV","LM0229","4",0,2.33881163084704,1509838.93051778,"E88_Prim"
"3301","E57aMNT","LM0229","5",0,-0.126422250316053,6970827.78708183,"E88_Prim"
"3311","E57aKOU","LM0229","6",0,3.85587863463969,1048447054.00802,"E88_Prim"
"3321","E57aHIO","LM0229","7",96938.7755102041,8.15423514538559,553444442.377189,"E88_Prim"
"3331","E57aBHK","LM0229","8",981481.481481481,16.1188369152971,NA,"E88_Prim"
"3341","E57aLRZ","LM0229","9",281021.897810219,17.3830594184576,205659225.473788,"E88_Prim"
"3351","E57aORU","LM0229","10",81250,12.5790139064475,94107770.3882317,"E88_Prim"
"3361","E57aHJK","LM0229","11",72429.9065420561,2.78128950695322,24689858.4578236,"E88_Prim"
"505","E57aJMQ","LM0244","0",0,0,NA,"E88_Prim"
"506","E57aALY","LM0244","1",0,-9.00243309002433,NA,"E88_Prim"
"507","E57aCRY","LM0244","2",0,-24.330900243309,0,"E88_Prim"
"508","E57aBFI","LM0244","3",0,-16.0583941605839,NA,"E88_Prim"
"509","E57aHJW","LM0244","4",0,-15.4095701540957,13961470.2826833,"E88_Prim"
"510","E57aMXZ","LM0244","5",0,-15.5717761557178,0,"E88_Prim"
"511","E57aVWY","LM0244","6",0,-10.867802108678,0,"E88_Prim"
"512","E57aLNX","LM0244","7",0,-4.37956204379561,NA,"E88_Prim"
"513","E57aJSU","LM0244","8",0,5.19059205190592,NA,"E88_Prim"
"514","E57aBGL","LM0244","9",NA,9.97566909975669,NA,"E88_Prim"
"515","E57aBFV","LM0244","10",NA,NA,NA,"E88_Prim"
"516","E57aBNO","LM0244","11",NA,NA,NA,"E88_Prim"
"625","E57aACN","LM0254","0",0,0,0,"E88_Prim"
"626","E57aATW","LM0254","1",0,-5.90277777777778,0,"E88_Prim"
"627","E57aBTZ","LM0254","2",0,-2.48015873015873,165497.600139454,"E88_Prim"
"628","E57aFLV","LM0254","3",0,-1.78571428571428,0,"E88_Prim"
"629","E57aJKL","LM0254","4",0,-3.32341269841269,328425.70999245,"E88_Prim"
"630","E57aBNX","LM0254","5",0,0.297619047619041,73152640.4375473,"E88_Prim"
"631","E57aGMQ","LM0254","6",0,-0.148809523809529,221794892.454858,"E88_Prim"
"632","E57aBKZ","LM0254","7",0,1.98412698412698,246110192.740256,"E88_Prim"
"633","E57aEFT","LM0254","8",1725000,1.63690476190477,NA,"E88_Prim"
"634","E57aMNW","LM0254","9",107466.063348416,3.91865079365079,118688460.597649,"E88_Prim"
"635","E57aBCM","LM0254","10",72413.7931034483,2.87698412698414,271117473.738245,"E88_Prim"
"636","E57aADG","LM0254","11",10638.2978723404,-2.72817460317461,22099078.6998239,"E88_Prim"
"637","E57aAKT","LM0255","0",0,0,NA,"E88_Prim"
"638","E57aGMY","LM0255","1",0,-0.27303754266211,NA,"E88_Prim"
"639","E57aDFM","LM0255","2",0,-6.62116040955631,0,"E88_Prim"
"640","E57aJWY","LM0255","3",0,-7.71331058020477,NA,"E88_Prim"
"641","E57aCMS","LM0255","4",0,-4.84641638225255,0,"E88_Prim"
"642","E57aIMX","LM0255","5",0,-5.52901023890785,0,"E88_Prim"
"643","E57aBNV","LM0255","6",0,-0.682593856655288,209226085.754468,"E88_Prim"
"644","E57aEIR","LM0255","7",60344.8275862069,4.98293515358362,1057285228.20929,"E88_Prim"
"645","E57aGXY","LM0255","8",NA,11.877133105802,NA,"E88_Prim"
"646","E57aOQS","LM0255","9",NA,15.0170648464164,NA,"E88_Prim"
"647","E57aDGJ","LM0255","10",602272.727272727,16.4505119453925,778437520.898172,"E88_Prim"
"648","E57aHXY","LM0255","11",17857.1428571429,13.6518771331058,0,"E88_Prim"
"1451","E57aHJX","LM0191","0",0,0,158622.457619779,"E88_Sec"
"1461","E57aINR","LM0191","1",0,1.04688211197087,405570.260009662,"E88_Sec"
"1471","E57aBNR","LM0191","2",0,2.00273099681383,10471.2322781013,"E88_Sec"
"1481","E57aMRT","LM0191","3",0,2.18479745106964,310297.679457864,"E88_Sec"
"1491","E57aBHO","LM0191","4",0,-0.819299044151114,587656.074262034,"E88_Sec"
"1501","E57aHLZ","LM0191","5",0,-1.18343195266273,15351184.0375007,"E88_Sec"
"1511","E57aAJO","LM0191","6",0,1.09239872553481,18488165.227001,"E88_Sec"
"1521","E57aDOZ","LM0191","7",0,0.364132908511599,NA,"E88_Sec"
"1531","E57aHOP","LM0191","8",1086206.89655172,2.5944469731452,1280611616.43728,"E88_Sec"
"1541","E57aFUY","LM0191","9",310810.810810811,7.55575785161584,1167857961.47447,"E88_Sec"
"1551","E57aBCY","LM0191","10",74074.0740740741,6.91852526172053,63303111.665094,"E88_Sec"
"1561","E57aJLN","LM0191","11",0,0.682749203459256,7502838.48975657,"E88_Sec"
"2171","E57aLXZ","LM0197","0",0,0,2908590.01417374,"E88_Sec"
"2181","E57aJOS","LM0197","1",0,1.82669789227167,453154.310017076,"E88_Sec"
"2191","E57aFKM","LM0197","2",0,3.18501170960187,67869.9630871671,"E88_Sec"
"2201","E57aAFR","LM0197","3",0,1.68618266978924,411564.453492278,"E88_Sec"
"2211","E57aBFO","LM0197","4",0,-3.3255269320843,3898585.29945641,"E88_Sec"
"2221","E57aHJL","LM0197","5",0,-2.3887587822014,55490548.9593561,"E88_Sec"
"2231","E57aABU","LM0197","6",0,-3.13817330210772,71767937.573245,"E88_Sec"
"2241","E57aCNP","LM0197","7",0,-5.99531615925057,247868586.501118,"E88_Sec"
"2251","E57aJKZ","LM0197","8",775316.455696202,-1.40515222482434,1147856511.68376,"E88_Sec"
"2261","E57aLTU","LM0197","9",427631.578947368,-2.01405152224824,524709493.682072,"E88_Sec"
"2271","E57aLYZ","LM0197","10",39855.0724637681,-6.08899297423886,55851184.6072853,"E88_Sec"
"2281","E57aCOV","LM0197","11",0,-7.40046838407493,13205514.4353668,"E88_Sec"
"2291","E57aCNS","LM0198","0",0,0,328038.943584001,"E88_Sec"
"2301","E57aCQT","LM0198","1",0,0.679886685552394,0,"E88_Sec"
"2311","E57aOTV","LM0198","2",0,-0.453257790368282,50998189.9090022,"E88_Sec"
"2321","E57aOVY","LM0198","3",0,1.98300283286118,1126240.90187019,"E88_Sec"
"2331","E57aDEZ","LM0198","4",0,-4.36260623229464,0,"E88_Sec"
"2341","E57aMTY","LM0198","5",0,0.113314447592066,63057313.5769099,"E88_Sec"
"2351","E57aTXY","LM0198","6",0,-1.47308781869689,702616966.407384,"E88_Sec"
"2361","E57aJPV","LM0198","7",0,2.60623229461755,443918293.99257,"E88_Sec"
"2371","E57aAJQ","LM0198","8",496031.746031746,8.21529745042493,1310283764.49018,"E88_Sec"
"2381","E57aIKS","LM0198","9",92592.5925925926,10.1416430594901,657644415.889295,"E88_Sec"
"2391","E57aRXZ","LM0198","10",15957.4468085106,14.0509915014164,NA,"E88_Sec"
"2401","E57aEHR","LM0198","11",40697.6744186046,9.85835694050991,63121969.7683627,"E88_Sec"
"3131","E57aFRW","LM0228","0",46875,0,268189.99114867,"E88_Sec"
"3141","E57aMWY","LM0228","1",0,-5.01077586206896,140916948.396002,"E88_Sec"
"3151","E57aCKN","LM0228","2",0,-8.18965517241379,1239514.30274713,"E88_Sec"
"3161","E57aISW","LM0228","3",0,-12.4461206896552,4063798.13300104,"E88_Sec"
"3171","E57aBMX","LM0228","4",0,-11.6918103448276,903511.2917395,"E88_Sec"
"3181","E57aCEH","LM0228","5",0,-10.8297413793104,392389.42931356,"E88_Sec"
"3191","E57aEIY","LM0228","6",0,-7.05818965517243,NA,"E88_Sec"
"3201","E57aFIY","LM0228","7",9803.92156862745,0.107758620689653,471156907.588065,"E88_Sec"
"3211","E57aATY","LM0228","8",2235714.28571429,1.40086206896551,NA,"E88_Sec"
"3221","E57aIQU","LM0228","9",4e+05,1.61637931034481,401880391.515308,"E88_Sec"
"3231","E57aANO","LM0228","10",150000,-0.538793103448284,83560032.2263384,"E88_Sec"
"3241","E57aAIN","LM0228","11",29126.213592233,-9.64439655172415,1886731.81665343,"E88_Sec"
"433","E57aEUW","LM0238","0",101351.351351351,0,208893575.119704,"E88_Sec"
"434","E57aFQV","LM0238","1",0,-13.847158719791,NA,"E88_Sec"
"435","E57aDXY","LM0238","2",0,-12.1489222730242,102762095.087174,"E88_Sec"
"436","E57aDIS","LM0238","3",0,-11.8223383409536,0,"E88_Sec"
"437","E57aETZ","LM0238","4",0,-10.3853690398432,8344839.16283019,"E88_Sec"
"438","E57aENR","LM0238","5",0,-10.9732201175702,30081500.9243768,"E88_Sec"
"439","E57aIOY","LM0238","6",0,-15.0228608752449,64276787.6338394,"E88_Sec"
"440","E57aCJQ","LM0238","7",31914.8936170213,-6.13977792292619,1826822703.28385,"E88_Sec"
"441","E57aNQW","LM0238","8",2346153.84615385,3.72305682560418,NA,"E88_Sec"
"442","E57aHOU","LM0238","9",608695.652173913,5.22534291312868,NA,"E88_Sec"
"443","E57aIOX","LM0238","10",328125,-0.261267145656428,222016623.798221,"E88_Sec"
"444","E57aDMT","LM0238","11",72916.6666666667,-7.38079686479426,16223185.9288286,"E88_Sec"
"457","E57aCSX","LM0240","0",41353.3834586466,0,48828226.9817036,"E88_Sec"
"458","E57aFLQ","LM0240","1",0,-13.5886349598518,1794990.54396527,"E88_Sec"
"459","E57aRWY","LM0240","2",0,-7.16491661519457,43321.1260140684,"E88_Sec"
"460","E57aALU","LM0240","3",0,-12.1680049413218,27784783.0524578,"E88_Sec"
"461","E57aUWY","LM0240","4",0,-12.2297714638666,2928371.30963702,"E88_Sec"
"462","E57aHJR","LM0240","5",0,-13.6504014823965,21632714.2007851,"E88_Sec"
"463","E57aCKZ","LM0240","6",0,-11.7974058060531,165892437.230853,"E88_Sec"
"464","E57aKMX","LM0240","7",0,-7.6590487955528,230853804.400826,"E88_Sec"
"465","E57aAGU","LM0240","8",1473684.21052632,-4.81778875849288,NA,"E88_Sec"
"466","E57aHJT","LM0240","9",335106.382978723,5.12662137121681,146455502.164071,"E88_Sec"
"467","E57aENX","LM0240","10",NA,-9.38851142680667,3797410.07837217,"E88_Sec"
"468","E57aABL","LM0240","11",160714.285714286,-8.46201358863494,37077139.1595685,"E88_Sec"
"529","E57aAHJ","LM0246","0",18750,0,9282416.46868804,"E88_Sec"
"530","E57aAKO","LM0246","1",0,-3.84401114206129,36056243.7609465,"E88_Sec"
"531","E57aGHL","LM0246","2",0,-5.62674094707522,13924877.2763827,"E88_Sec"
"532","E57aBLN","LM0246","3",0,-10.2506963788301,882366.954197643,"E88_Sec"
"533","E57aRTV","LM0246","4",0,-11.142061281337,1642512.18787142,"E88_Sec"
"534","E57aIKZ","LM0246","5",0,-11.0306406685237,41655567.0484253,"E88_Sec"
"535","E57aTUY","LM0246","6",0,-13.0362116991643,379999759.786431,"E88_Sec"
"536","E57aBOY","LM0246","7",6578.94736842105,-7.68802228412256,NA,"E88_Sec"
"537","E57aAMS","LM0246","8",1245192.30769231,0.111420612813368,NA,"E88_Sec"
"538","E57aACY","LM0246","9",644736.842105263,2.06128133704736,858388436.421676,"E88_Sec"
"539","E57aKUY","LM0246","10",382352.941176471,3.78830083565459,NA,"E88_Sec"
"540","E57aBGU","LM0246","11",83333.3333333333,-5.62674094707522,17590662.1360764,"E88_Sec"
"541","E57aACP","LM0247","0",42056.0747663551,0,102968831.452163,"E88_Sec"
"542","E57aGLM","LM0247","1",0,2.02300674335582,11199965.0782574,"E88_Sec"
"543","E57aSUX","LM0247","2",0,3.09401031336772,8408950.29404867,"E88_Sec"
"544","E57aHLY","LM0247","3",0,2.49900833002778,29120201.303623,"E88_Sec"
"545","E57aKUX","LM0247","4",0,2.49900833002778,NA,"E88_Sec"
"546","E57aHOY","LM0247","5",0,3.33201110670369,5688073.96114404,"E88_Sec"
"547","E57aMNR","LM0247","6",0,2.57834192780643,56326263.6549444,"E88_Sec"
"548","E57aAIK","LM0247","7",NA,5.03768345894486,248403546.58123,"E88_Sec"
"549","E57aGQS","LM0247","8",2084615.38461538,7.65569218564062,NA,"E88_Sec"
"550","E57aCOW","LM0247","9",1221153.84615385,10.353034510115,882363178.080789,"E88_Sec"
"551","E57aOQY","LM0247","10",222222.222222222,8.68702895676319,78235895.7111093,"E88_Sec"
"552","E57aLRS","LM0247","11",154891.304347826,8.9646965489885,11432753.1175438,"E88_Sec"
"553","E57aJOT","LM0248","0",53571.4285714286,0,0,"E88_Sec"
"554","E57aCMW","LM0248","1",0,-5.83657587548639,NA,"E88_Sec"
"555","E57aDQV","LM0248","2",0,-1.22290161200668,0,"E88_Sec"
"556","E57aAUZ","LM0248","3",0,-6.44802668148972,0,"E88_Sec"
"557","E57aHJM","LM0248","4",0,-5.83657587548639,2146817.11127873,"E88_Sec"
"558","E57aDOU","LM0248","5",0,-6.83713173985548,0,"E88_Sec"
"559","E57aEFG","LM0248","6",0,-8.61589772095609,0,"E88_Sec"
"560","E57aJLX","LM0248","7",28846.1538461538,-6.00333518621457,0,"E88_Sec"
"561","E57aAIV","LM0248","8",2801310.04366812,-8.78265703168428,NA,"E88_Sec"
"562","E57aDEW","LM0248","9",551779.935275081,-12.2846025569761,170636177.415846,"E88_Sec"
"563","E57aCJO","LM0248","10",121827.411167513,-6.17009449694276,0,"E88_Sec"
"564","E57aAHV","LM0248","11",4807.69230769231,-12.0066703724291,0,"E88_Sec"
