EH_ID,labels,dpi,weight,weight_dpi0,weightloss,fecweight_flot,Expe,Eimeria,fecweight_DNA,Conc_DNA,P260_280,P260_230,V_H2O,Moist,oocyst_sq1,oocyst_sq2,oocyst_sq3,oocyst_sq4,dilution,mean_Neubauer,oocysts.per.tube,OPG,Locality,Genome,Strain,IDD,Dam,Gen,Sir,IDS,Sir.1,Gen.1,Born,Fpar,LS,MM,FF,ID,PIN,Sex,Gen.2,Wean,BW10,BW20,Clip,Parent1,Parent2,HybridStatus,ageAtdpi0expe1a,Batch,Total_DNA,Microbial_density,Genome_copies_mean,Tm_mean,Infection,Genome_copies_ngDNA,DNA_sample,DNA_g_feces,Genome_copies_gFaeces
LM0204,KRW,4,18.62,19.26,3.3229491173,1.75,Expe005_1b,E64,0.114,102,1.9,0.99,52,0,0,1,1,2,2,1,20000,11428.57142857143,PWD x BUSNA,mus x mus,PWD_BUSNA,SY,2996,46,BUSNA,SY,6113,60,2018-03-23,6,9,4,5,EX,726,M,F1,1M,4.44,7.53,P2,PWD,BUSNA,outbred hybrids,15.4285714286,1,3.06,0.026842105263157896,609423.5626497337,74.5,Positive,12188.471252994676,3060,26842.105263157893,327164228.3698571
LM0204,KOT,7,20.19,19.26,-4.8286604361,1.43,Expe005_1b,E64,0.081,118.6,1.91,2.41,68.6,1,48,55,53,58,2,53.5,1070000,748251.7482517483,PWD x BUSNA,mus x mus,PWD_BUSNA,SY,2996,46,BUSNA,SY,6113,60,2018-03-23,6,9,4,5,EX,726,M,F1,1M,4.44,7.53,P2,PWD,BUSNA,outbred hybrids,15.4285714286,1,3.5580000000000003,0.04392592592592593,98548.87911964112,74.5,Positive,1970.9775823928223,3558,43925.92592592593,86577015.28584768
LM0204,ILQ,1,19.08,19.26,0.9345794393,NA,Expe005_1b,E64,0.283,39.9,1.81,0.32,NA,1,NA,NA,NA,NA,NA,NA,NA,0,PWD x BUSNA,mus x mus,PWD_BUSNA,SY,2996,46,BUSNA,SY,6113,60,2018-03-23,6,9,4,5,EX,726,M,F1,1M,4.44,7.53,P2,PWD,BUSNA,outbred hybrids,15.4285714286,1,1.197,0.004229681978798587,0,0,Negative,0,1197,4229.681978798587,0
LM0204,AEF,2,19.36,19.26,-0.5192107996,NA,Expe005_1b,E64,0.14,131.6,1.87,2.23,81.6,1,NA,NA,NA,NA,NA,NA,NA,0,PWD x BUSNA,mus x mus,PWD_BUSNA,SY,2996,46,BUSNA,SY,6113,60,2018-03-23,6,9,4,5,EX,726,M,F1,1M,4.44,7.53,P2,PWD,BUSNA,outbred hybrids,15.4285714286,1,3.948,0.0282,0,0,Negative,0,3948,28199.999999999996,0
LM0204,CIO,0,19.26,19.26,0,2.15,Expe005_1b,E64,0.105,90.7,1.91,1.03,40.7,1,0,0,0,0,1,0,0,0,PWD x BUSNA,mus x mus,PWD_BUSNA,SY,2996,46,BUSNA,SY,6113,60,2018-03-23,6,9,4,5,EX,726,M,F1,1M,4.44,7.53,P2,PWD,BUSNA,outbred hybrids,15.4285714286,1,2.721,0.025914285714285716,0,0,Negative,0,2721,25914.285714285714,0
LM0204,AKU,6,19.92,19.26,-3.4267912773,1.5,Expe005_1b,E64,0.129,121.4,1.89,1.48,71.4,1,388,342,414,380,1,381,3810000,2540000,PWD x BUSNA,mus x mus,PWD_BUSNA,SY,2996,46,BUSNA,SY,6113,60,2018-03-23,6,9,4,5,EX,726,M,F1,1M,4.44,7.53,P2,PWD,BUSNA,outbred hybrids,15.4285714286,1,3.642,0.02823255813953488,583539.7015432746,74.33333333333333,Positive,11670.79403086549,3642,28232.55813953488,329496371.01094663
LM0204,MTU,10,20.22,19.26,-4.984423676,1.38,Expe005_1b,E64,NA,NA,NA,NA,NA,NA,0,0,0,0,1,0,0,0,PWD x BUSNA,mus x mus,PWD_BUSNA,SY,2996,46,BUSNA,SY,6113,60,2018-03-23,6,9,4,5,EX,726,M,F1,1M,4.44,7.53,P2,PWD,BUSNA,outbred hybrids,15.4285714286,1,NA,NA,NA,NA,NA,NA,NA,NA,NA
LM0204,JMO,8,20.42,19.26,-6.0228452752,1.76,Expe005_1b,E64,0.146,126.5,1.84,1.57,76.5,0,1,0,1,5,1,1.75,17500,9943.181818181818,PWD x BUSNA,mus x mus,PWD_BUSNA,SY,2996,46,BUSNA,SY,6113,60,2018-03-23,6,9,4,5,EX,726,M,F1,1M,4.44,7.53,P2,PWD,BUSNA,outbred hybrids,15.4285714286,1,3.795,0.025993150684931507,9188.831851429635,74.5,Positive,183.77663702859272,3795,25993.15068493151,4776933.818654174
LM0204,FWY,9,20.55,19.26,-6.6978193146,1.64,Expe005_1b,E64,0.147,127.3,1.92,2.11,77.3,1,0,0,0,0,1,0,0,0,PWD x BUSNA,mus x mus,PWD_BUSNA,SY,2996,46,BUSNA,SY,6113,60,2018-03-23,6,9,4,5,EX,726,M,F1,1M,4.44,7.53,P2,PWD,BUSNA,outbred hybrids,15.4285714286,1,3.819,0.025979591836734695,745.5786858814081,74.5,Positive,14.911573717628162,3819,25979.591836734697,387396.59882736026
LM0204,HLV,3,19.99,19.26,-3.790238837,1.05,Expe005_1b,E64,0.095,146.8,1.86,0.52,96.8,0,0,0,0,0,1,0,0,0,PWD x BUSNA,mus x mus,PWD_BUSNA,SY,2996,46,BUSNA,SY,6113,60,2018-03-23,6,9,4,5,EX,726,M,F1,1M,4.44,7.53,P2,PWD,BUSNA,outbred hybrids,15.4285714286,1,4.404,0.046357894736842105,3903.4492099619306,74.16666666666667,Positive,78.06898419923861,4404,46357.89473684211,3619113.751720493
LM0204,HLP,5,18.73,19.26,2.7518172378,0.79,Expe005_1b,E64,0.111,112,1.82,2.15,62,0,3,4,4,4,1,3.75,37500,47468.354430379746,PWD x BUSNA,mus x mus,PWD_BUSNA,SY,2996,46,BUSNA,SY,6113,60,2018-03-23,6,9,4,5,EX,726,M,F1,1M,4.44,7.53,P2,PWD,BUSNA,outbred hybrids,15.4285714286,1,3.36,0.03027027027027027,1578785.8165520946,74.5,Positive,31575.716331041895,3360,30270.27027027027,955805467.3180249
LM0206,BEM,6,16.29,16.97,4.0070713023,1.33,Expe005_1b,E64,0.117,133.5,1.87,1.73,83.5,1,519,396,575,455,1,486.25,4862500,3656015.037593985,Buskovice,mus,BUSNA_BUSNA,SY,8209,62,BUSNA,SY,8208,62,2018-04-20,1,3,1,2,EX,873,F,63,1F,5.1,8.63,L4,BUSNA,BUSNA,parental strains,11.4285714286,1,4.005,0.03423076923076923,1491866.6328562507,74.5,Positive,29837.332657125015,4005,34230.76923076923,1021354848.6477407
LM0206,ERU,1,17.39,16.97,-2.4749558044,NA,Expe005_1b,E64,0.067,134.9,1.87,2,84.9,0,NA,NA,NA,NA,NA,NA,NA,0,Buskovice,mus,BUSNA_BUSNA,SY,8209,62,BUSNA,SY,8208,62,2018-04-20,1,3,1,2,EX,873,F,63,1F,5.1,8.63,L4,BUSNA,BUSNA,parental strains,11.4285714286,1,4.047,0.06040298507462686,0,0,Negative,0,4047,60402.985074626864,0
LM0206,LOW,3,17.4,16.97,-2.5338833235,0.69,Expe005_1b,E64,0.155,94.2,1.85,2.23,44.2,1,0,0,0,0,1,0,0,0,Buskovice,mus,BUSNA_BUSNA,SY,8209,62,BUSNA,SY,8208,62,2018-04-20,1,3,1,2,EX,873,F,63,1F,5.1,8.63,L4,BUSNA,BUSNA,parental strains,11.4285714286,1,2.826,0.01823225806451613,477.3656220941535,74.5,Positive,9.54731244188307,2826,18232.25806451613,174069.06426297777
LM0206,MWZ,8,16.23,16.97,4.3606364172,1.35,Expe005_1b,E64,0.132,95.3,1.86,1.47,45.3,0,1,0,2,1,1,1,10000,7407.407407407407,Buskovice,mus,BUSNA_BUSNA,SY,8209,62,BUSNA,SY,8208,62,2018-04-20,1,3,1,2,EX,873,F,63,1F,5.1,8.63,L4,BUSNA,BUSNA,parental strains,11.4285714286,1,2.859,0.02165909090909091,7254.889623351979,74.16666666666667,Positive,145.09779246703957,2859,21659.090909090908,3142686.2777520157
LM0206,DHK,9,16.75,16.97,1.2964054213,0.68,Expe005_1b,E64,0.078,160.3,1.92,2.28,110.3,0,0,0,0,0,1,0,0,0,Buskovice,mus,BUSNA_BUSNA,SY,8209,62,BUSNA,SY,8208,62,2018-04-20,1,3,1,2,EX,873,F,63,1F,5.1,8.63,L4,BUSNA,BUSNA,parental strains,11.4285714286,1,4.809,0.061653846153846156,1069.0016610188047,74.5,Positive,21.380033220376095,4809,61653.846153846156,1318161.2789331877
LM0206,KOX,0,16.97,16.97,0,1.47,Expe005_1b,E64,0.081,156.4,1.9,2.19,106.4,0,0,0,0,0,1,0,0,0,Buskovice,mus,BUSNA_BUSNA,SY,8209,62,BUSNA,SY,8208,62,2018-04-20,1,3,1,2,EX,873,F,63,1F,5.1,8.63,L4,BUSNA,BUSNA,parental strains,11.4285714286,1,4.692,0.05792592592592593,0,0,Negative,0,4692,57925.92592592593,0
LM0206,FJL,10,16.22,16.97,4.4195639364,1.26,Expe005_1b,E64,NA,NA,NA,NA,NA,NA,0,0,0,0,1,0,0,0,Buskovice,mus,BUSNA_BUSNA,SY,8209,62,BUSNA,SY,8208,62,2018-04-20,1,3,1,2,EX,873,F,63,1F,5.1,8.63,L4,BUSNA,BUSNA,parental strains,11.4285714286,1,NA,NA,NA,NA,NA,NA,NA,NA,NA
LM0206,BUV,5,15.27,16.97,10.0176782557,0.6,Expe005_1b,E64,0.141,118.4,1.84,1.53,68.4,1,0,0,0,1,1,0,0,0,Buskovice,mus,BUSNA_BUSNA,SY,8209,62,BUSNA,SY,8208,62,2018-04-20,1,3,1,2,EX,873,F,63,1F,5.1,8.63,L4,BUSNA,BUSNA,parental strains,11.4285714286,1,3.552,0.025191489361702128,2225899.535265838,74.5,Positive,44517.990705316755,3552,25191.48936170213,1121474489.2573414
LM0206,AIS,4,15.86,16.97,6.5409546258,0.88,Expe005_1b,E64,0.221,94.7,1.95,0.43,44.7,1,0,0,0,0,1,0,0,0,Buskovice,mus,BUSNA_BUSNA,SY,8209,62,BUSNA,SY,8208,62,2018-04-20,1,3,1,2,EX,873,F,63,1F,5.1,8.63,L4,BUSNA,BUSNA,parental strains,11.4285714286,1,2.841,0.012855203619909503,1170218.3980043624,74.5,Positive,23404.367960087246,2841,12855.203619909502,300867915.72220755
LM0206,FIW,2,16.21,16.97,4.4784914555,NA,Expe005_1b,E64,0.168,70.8,1.88,1.41,20.8,1,NA,NA,NA,NA,NA,NA,NA,0,Buskovice,mus,BUSNA_BUSNA,SY,8209,62,BUSNA,SY,8208,62,2018-04-20,1,3,1,2,EX,873,F,63,1F,5.1,8.63,L4,BUSNA,BUSNA,parental strains,11.4285714286,1,2.124,0.012642857142857143,0,0,Negative,0,2124,12642.857142857141,0
LM0206,BPU,7,16.89,16.97,0.4714201532,0.9,Expe005_1b,E64,0.069,157.4,1.92,2.37,107.4,0,28,25,51,47,1,37.75,377500,419444.44444444444,Buskovice,mus,BUSNA_BUSNA,SY,8209,62,BUSNA,SY,8208,62,2018-04-20,1,3,1,2,EX,873,F,63,1F,5.1,8.63,L4,BUSNA,BUSNA,parental strains,11.4285714286,1,4.722,0.06843478260869566,46512.904050937905,74.5,Positive,930.258081018758,4722,68434.78260869565,63662009.54450109
LM0207,BNW,8,17.2,17.27,0.4053271569,0.83,Expe005_1b,E64,0.112,47.3,1.91,1.32,NA,0,17,36,30,29,1,28,280000,337349.3975903615,Prague,mus,PWD_PWD,SY,5343,42,PWD,SY,5340,42,2018-03-07,3,9,5,4,EX,664,M,43,1M,4.53,5.37,P3,PWD,PWD,parental strains,17.7142857143,1,1.419,0.012669642857142857,67035.89684614689,74.33333333333333,Positive,1340.7179369229377,1419,12669.642857142857,16986417.432979006
LM0207,KTU,6,15.62,17.27,9.5541401274,0.53,Expe005_1b,E64,0.068,97.1,1.93,1.48,47.1,1,95,109,145,124,1,118.25,1182500,2231132.075471698,Prague,mus,PWD_PWD,SY,5343,42,PWD,SY,5340,42,2018-03-07,3,9,5,4,EX,664,M,43,1M,4.53,5.37,P3,PWD,PWD,parental strains,17.7142857143,1,2.9130000000000003,0.04283823529411765,3485288.575892523,74.5,Positive,69705.77151785046,2913,42838.23529411764,2986072241.639682
LM0207,FOX,2,16.72,17.27,3.1847133758,NA,Expe005_1b,E64,0.071,85.9,1.88,1.79,35.9,0,NA,NA,NA,NA,NA,NA,NA,0,Prague,mus,PWD_PWD,SY,5343,42,PWD,SY,5340,42,2018-03-07,3,9,5,4,EX,664,M,43,1M,4.53,5.37,P3,PWD,PWD,parental strains,17.7142857143,1,2.577,0.03629577464788732,0,0,Negative,0,2577,36295.77464788733,0
LM0207,ADP,9,17.39,17.27,-0.6948465547,0.76,Expe005_1b,E64,0.09,96.6,1.96,1.99,46.6,1,20,9,8,8,1,11.25,112500,148026.31578947368,Prague,mus,PWD_PWD,SY,5343,42,PWD,SY,5340,42,2018-03-07,3,9,5,4,EX,664,M,43,1M,4.53,5.37,P3,PWD,PWD,parental strains,17.7142857143,1,2.898,0.0322,80099.7846855857,74.5,Positive,1601.995693711714,2898,32200,51584261.337517194
LM0207,BHT,5,16,17.27,7.3537927041,0.25,Expe005_1b,E64,0.133,132.5,1.87,1.94,82.5,1,7,15,13,13,1,12,120000,480000,Prague,mus,PWD_PWD,SY,5343,42,PWD,SY,5340,42,2018-03-07,3,9,5,4,EX,664,M,43,1M,4.53,5.37,P3,PWD,PWD,parental strains,17.7142857143,1,3.975,0.02988721804511278,3057150.5650424026,74.5,Positive,61143.011300848055,3975,29887.21804511278,1827394510.6832407
LM0207,ANQ,3,17.25,17.27,0.1158077591,0.53,Expe005_1b,E64,0.058,88.4,1.87,2.09,38.4,0,0,0,0,0,1,0,0,0,Prague,mus,PWD_PWD,SY,5343,42,PWD,SY,5340,42,2018-03-07,3,9,5,4,EX,664,M,43,1M,4.53,5.37,P3,PWD,PWD,parental strains,17.7142857143,1,2.652,0.045724137931034484,2722.8551824887077,74.5,Positive,54.457103649774155,2652,45724.13793103448,2490004.1186069148
LM0207,CPY,0,17.27,17.27,0,1.03,Expe005_1b,E64,0.092,NA,NA,NA,NA,1,0,0,0,0,1,0,0,0,Prague,mus,PWD_PWD,SY,5343,42,PWD,SY,5340,42,2018-03-07,3,9,5,4,EX,664,M,43,1M,4.53,5.37,P3,PWD,PWD,parental strains,17.7142857143,1,NA,NA,NA,NA,NA,NA,NA,NA,NA
LM0207,EHM,10,17.61,17.27,-1.968731905,0.85,Expe005_1b,E64,NA,NA,NA,NA,NA,NA,0,0,0,0,1,0,0,0,Prague,mus,PWD_PWD,SY,5343,42,PWD,SY,5340,42,2018-03-07,3,9,5,4,EX,664,M,43,1M,4.53,5.37,P3,PWD,PWD,parental strains,17.7142857143,1,NA,NA,NA,NA,NA,NA,NA,NA,NA
LM0207,BEP,7,16.71,17.27,3.2426172554,0.91,Expe005_1b,E64,0.046,86,1.93,2.41,36,0,138,102,156,87,1,120.75,1207500,1326923.0769230768,Prague,mus,PWD_PWD,SY,5343,42,PWD,SY,5340,42,2018-03-07,3,9,5,4,EX,664,M,43,1M,4.53,5.37,P3,PWD,PWD,parental strains,17.7142857143,1,2.58,0.05608695652173913,1553473.6379963646,74.5,Positive,31069.472759927292,2580,56086.95652173913,1742592167.8394003
LM0207,JKO,4,16.79,17.27,2.7793862189,0.96,Expe005_1b,E64,0.066,64.5,1.87,2.26,14.5,1,0,1,0,0,1,0,0,0,Prague,mus,PWD_PWD,SY,5343,42,PWD,SY,5340,42,2018-03-07,3,9,5,4,EX,664,M,43,1M,4.53,5.37,P3,PWD,PWD,parental strains,17.7142857143,1,1.935,0.02931818181818182,437350.67063477985,74.5,Positive,8747.013412695596,1935,29318.181818181816,256446529.5994845
LM0207,FNU,1,17.8,17.27,-3.0689056167,NA,Expe005_1b,E64,0.075,58.8,1.84,1.87,8.8,0,NA,NA,NA,NA,NA,NA,NA,0,Prague,mus,PWD_PWD,SY,5343,42,PWD,SY,5340,42,2018-03-07,3,9,5,4,EX,664,M,43,1M,4.53,5.37,P3,PWD,PWD,parental strains,17.7142857143,1,1.764,0.02352,0,0,Negative,0,1764,23520,0
LM0208,LOU,9,23.24,22.82,-1.8404907975,1.2,Expe005_1b,E64,0.108,98.1,1.86,2.45,48.1,1,25,15,16,16,1,18,180000,150000,STRA x SCHUNT,dom,STRA_SCHUNT,SY,5825,55,SCHUNT,SY,3470,36,2018-03-21,3,11,7,4,EX,709,M,F1,1M,5.74,11.35,P2,STRA,SCHUNT,outbred hybrids,15.7142857143,1,2.943,0.02725,17621.787224328997,74.5,Positive,352.43574448657995,2943,27250,9603874.037259303
LM0208,PSV,5,22.06,22.82,3.3304119194,0.96,Expe005_1b,E64,0.147,58.6,1.93,1.65,8.6,1,0,24,10,4,1,9.5,95000,98958.33333333334,STRA x SCHUNT,dom,STRA_SCHUNT,SY,5825,55,SCHUNT,SY,3470,36,2018-03-21,3,11,7,4,EX,709,M,F1,1M,5.74,11.35,P2,STRA,SCHUNT,outbred hybrids,15.7142857143,1,1.758,0.011959183673469388,3575660.7447457667,74.5,Positive,71513.21489491533,1758,11959.183673469388,855239672.0085794
LM0208,FHX,7,22.66,22.82,0.7011393514,1.64,Expe005_1b,E64,0.06,130.2,1.9,2.38,80.2,0,81,89,100,97,2,91.75,1835000,1118902.4390243904,STRA x SCHUNT,dom,STRA_SCHUNT,SY,5825,55,SCHUNT,SY,3470,36,2018-03-21,3,11,7,4,EX,709,M,F1,1M,5.74,11.35,P2,STRA,SCHUNT,outbred hybrids,15.7142857143,1,3.9059999999999997,0.06509999999999999,1070293.8309113553,74.5,Positive,21405.876618227107,3905.9999999999995,65099.99999999999,1393522567.8465846
LM0208,MTZ,10,22.87,22.82,-0.2191060473,1.28,Expe005_1b,E64,0.199,87.6,1.88,1.15,37.6,1,0,0,1,0,1,0,0,0,STRA x SCHUNT,dom,STRA_SCHUNT,SY,5825,55,SCHUNT,SY,3470,36,2018-03-21,3,11,7,4,EX,709,M,F1,1M,5.74,11.35,P2,STRA,SCHUNT,outbred hybrids,15.7142857143,1,2.628,0.01320603015075377,1529.539451896499,74.5,Positive,30.59078903792998,2628,13206.030150753768,403982.8823702512
LM0208,FHR,8,23.44,22.82,-2.7169149869,1.78,Expe005_1b,E64,0.124,148.7,1.83,1.92,98.7,0,22,10,15,16,1,15.75,157500,88483.14606741573,STRA x SCHUNT,dom,STRA_SCHUNT,SY,5825,55,SCHUNT,SY,3470,36,2018-03-21,3,11,7,4,EX,709,M,F1,1M,5.74,11.35,P2,STRA,SCHUNT,outbred hybrids,15.7142857143,1,4.461,0.035975806451612906,268851.7222550602,74.5,Positive,5377.034445101204,4461,35975.8064516129,193443150.4806167
LM0208,AFV,4,22.74,22.82,0.3505696757,1.7,Expe005_1b,E64,0.173,95.6,1.89,1.97,45.6,1,1,0,0,0,1,0,0,0,STRA x SCHUNT,dom,STRA_SCHUNT,SY,5825,55,SCHUNT,SY,3470,36,2018-03-21,3,11,7,4,EX,709,M,F1,1M,5.74,11.35,P2,STRA,SCHUNT,outbred hybrids,15.7142857143,1,2.868,0.016578034682080925,2864574.9570359173,74.5,Positive,57291.49914071835,2868,16578.034682080925,949780459.7432382
LM0208,DIT,1,23.15,22.82,-1.4460999124,NA,Expe005_1b,E64,0.15,77.4,1.87,1.69,27.4,0,NA,NA,NA,NA,NA,NA,NA,0,STRA x SCHUNT,dom,STRA_SCHUNT,SY,5825,55,SCHUNT,SY,3470,36,2018-03-21,3,11,7,4,EX,709,M,F1,1M,5.74,11.35,P2,STRA,SCHUNT,outbred hybrids,15.7142857143,1,2.322,0.01548,0,0,Negative,0,2322,15480,0
LM0208,IOV,2,23.39,22.82,-2.4978089395,NA,Expe005_1b,E64,0.127,80.9,1.89,1.95,30.9,1,NA,NA,NA,NA,NA,NA,NA,0,STRA x SCHUNT,dom,STRA_SCHUNT,SY,5825,55,SCHUNT,SY,3470,36,2018-03-21,3,11,7,4,EX,709,M,F1,1M,5.74,11.35,P2,STRA,SCHUNT,outbred hybrids,15.7142857143,1,2.427,0.01911023622047244,0,0,Negative,0,2427,19110.23622047244,0
LM0208,GQU,0,22.82,22.82,0,1.94,Expe005_1b,E64,0.134,64.5,1.85,0.2,14.5,1,0,0,0,0,1,0,0,0,STRA x SCHUNT,dom,STRA_SCHUNT,SY,5825,55,SCHUNT,SY,3470,36,2018-03-21,3,11,7,4,EX,709,M,F1,1M,5.74,11.35,P2,STRA,SCHUNT,outbred hybrids,15.7142857143,1,1.935,0.014440298507462687,0,0,Negative,0,1935,14440.298507462685,0
LM0208,DPV,6,21.83,22.82,4.3382997371,0.68,Expe005_1b,E64,0.126,131.6,1.89,0.5,81.6,1,59,48,72,54,1,58.25,582500,856617.6470588235,STRA x SCHUNT,dom,STRA_SCHUNT,SY,5825,55,SCHUNT,SY,3470,36,2018-03-21,3,11,7,4,EX,709,M,F1,1M,5.74,11.35,P2,STRA,SCHUNT,outbred hybrids,15.7142857143,1,3.948,0.03133333333333333,3280044.319823586,73.83333333333333,Positive,65600.88639647172,3948,31333.333333333332,2055494440.4227803
LM0208,LOX,3,24.15,22.82,-5.8282208589,1.31,Expe005_1b,E64,0.139,76.2,1.95,0.48,26.2,1,0,0,0,0,1,0,0,0,STRA x SCHUNT,dom,STRA_SCHUNT,SY,5825,55,SCHUNT,SY,3470,36,2018-03-21,3,11,7,4,EX,709,M,F1,1M,5.74,11.35,P2,STRA,SCHUNT,outbred hybrids,15.7142857143,1,2.286,0.016446043165467626,988.5992306154919,74.5,Positive,19.77198461230984,2286,16446.043165467625,325170.9124010093
LM0209,ASY,10,22.55,22.09,-2.0823902218,1.24,Expe005_1b,E64,0.204,115.4,1.85,1.45,65.4,1,0,0,0,0,1,0,0,0,Straas2,dom,STRA_STRA,SY,8113,56,STRA,SY,8111,56,2018-04-03,1,9,2,7,EX,772,F,57,1F,5.71,9.23,P5,STRA,STRA,parental strains,13.8571428571,1,3.462,0.01697058823529412,2085.845621249474,73.33333333333333,Positive,41.71691242498948,3462,16970.58823529412,707960.5432123216
LM0209,HPQ,0,22.09,22.09,0,1.08,Expe005_1b,E64,0.17,18.6,1.7,0.76,NA,1,0,0,0,0,1,0,0,0,Straas2,dom,STRA_STRA,SY,8113,56,STRA,SY,8111,56,2018-04-03,1,9,2,7,EX,772,F,57,1F,5.71,9.23,P5,STRA,STRA,parental strains,13.8571428571,1,0.558,0.003282352941176471,0,0,Negative,0,558,3282.3529411764703,0
LM0209,LMY,8,22.94,22.09,-3.8478949751,1.26,Expe005_1b,E64,0.206,44.6,1.83,1.74,NA,1,1,3,1,2,1,1.75,17500,13888.888888888889,Straas2,dom,STRA_STRA,SY,8113,56,STRA,SY,8111,56,2018-04-03,1,9,2,7,EX,772,F,57,1F,5.71,9.23,P5,STRA,STRA,parental strains,13.8571428571,1,1.338,0.006495145631067962,7122.329233148882,74.5,Positive,142.44658466297764,1338,6495.145631067961,925211.3120342917
LM0209,AFO,5,20.32,22.09,8.0126754187,1.11,Expe005_1b,E64,0.132,85.3,1.83,1.76,35.3,1,3,5,6,9,1,5.75,57500,51801.8018018018,Straas2,dom,STRA_STRA,SY,8113,56,STRA,SY,8111,56,2018-04-03,1,9,2,7,EX,772,F,57,1F,5.71,9.23,P5,STRA,STRA,parental strains,13.8571428571,1,2.559,0.01938636363636364,1885292.3029755454,74.5,Positive,37705.846059510906,2559,19386.363636363636,730979242.9264274
LM0209,GNX,4,21.54,22.09,2.4898143957,1.72,Expe005_1b,E64,0.137,75.8,1.83,2.21,25.8,1,0,0,0,1,1.5,0,0,0,Straas2,dom,STRA_STRA,SY,8113,56,STRA,SY,8111,56,2018-04-03,1,9,2,7,EX,772,F,57,1F,5.71,9.23,P5,STRA,STRA,parental strains,13.8571428571,1,2.274,0.016598540145985403,3155677.689478181,74.5,Positive,63113.553789563615,2274,16598.5401459854,1047592856.3318807
LM0209,HIM,3,22.22,22.09,-0.5885015844,1.14,Expe005_1b,E64,0.233,65.6,1.86,0.5,15.6,0,0,0,0,0,1,0,0,0,Straas2,dom,STRA_STRA,SY,8113,56,STRA,SY,8111,56,2018-04-03,1,9,2,7,EX,772,F,57,1F,5.71,9.23,P5,STRA,STRA,parental strains,13.8571428571,1,1.9679999999999997,0.00844635193133047,1133.084874315399,74.5,Positive,22.66169748630798,1967.9999999999998,8446.351931330471,191408.67233070428
LM0209,IUY,2,22.59,22.09,-2.2634676324,NA,Expe005_1b,E64,0.118,89.1,1.86,1.56,39.1,0,NA,NA,NA,NA,NA,NA,NA,0,Straas2,dom,STRA_STRA,SY,8113,56,STRA,SY,8111,56,2018-04-03,1,9,2,7,EX,772,F,57,1F,5.71,9.23,P5,STRA,STRA,parental strains,13.8571428571,1,2.673,0.022652542372881355,0,0,Negative,0,2673,22652.54237288136,0
LM0209,DHQ,6,21.71,22.09,1.7202354006,1.38,Expe005_1b,E64,0.163,101.3,1.88,2.05,51.3,1,80,79,83,95,1,84.25,842500,610507.2463768116,Straas2,dom,STRA_STRA,SY,8113,56,STRA,SY,8111,56,2018-04-03,1,9,2,7,EX,772,F,57,1F,5.71,9.23,P5,STRA,STRA,parental strains,13.8571428571,1,3.039,0.018644171779141107,423684.8629960666,74.5,Positive,8473.697259921331,3039,18644.171779141103,157985067.31841058
LM0209,GKL,9,23.11,22.09,-4.6174739701,1.26,Expe005_1b,E64,0.093,50,1.9,1.51,0,1,0,0,1,0,1,0,0,0,Straas2,dom,STRA_STRA,SY,8113,56,STRA,SY,8111,56,2018-04-03,1,9,2,7,EX,772,F,57,1F,5.71,9.23,P5,STRA,STRA,parental strains,13.8571428571,1,1.5,0.016129032258064516,4983.9173781846575,74.5,Positive,99.67834756369315,1500,16129.032258064517,1607715.2832853736
LM0209,FOZ,1,21.96,22.09,0.5885015844,NA,Expe005_1b,E64,0.238,81.6,1.84,2.18,31.6,1,NA,NA,NA,NA,NA,NA,NA,0,Straas2,dom,STRA_STRA,SY,8113,56,STRA,SY,8111,56,2018-04-03,1,9,2,7,EX,772,F,57,1F,5.71,9.23,P5,STRA,STRA,parental strains,13.8571428571,1,2.448,0.010285714285714285,200.9672155019672,74.16666666666667,Positive,4.019344310039344,2448,10285.714285714286,41341.82718897611
LM0209,NOQ,7,22.57,22.09,-2.1729289271,1.29,Expe005_1b,E64,0.144,123.8,1.89,2.19,73.8,1,18,22,22,19,1,20.25,202500,156976.7441860465,Straas2,dom,STRA_STRA,SY,8113,56,STRA,SY,8111,56,2018-04-03,1,9,2,7,EX,772,F,57,1F,5.71,9.23,P5,STRA,STRA,parental strains,13.8571428571,1,3.714,0.025791666666666668,154584.3673209557,73.83333333333333,Positive,3091.687346419114,3714,25791.666666666668,79739769.47639298
LM0210,EKY,10,17.84,15.65,-13.9936102236,1.24,Expe005_1b,E64,0.187,59.2,1.87,2.04,9.2,1,0,0,0,1,1,0,0,0,PWD x SCHUNT,mus x dom,PWD_SCHUNT,SY,5681,42,SCHUNT,SY,8172,37,2018-05-07,5,8,4,4,EX,978,M,F1,1M,5.42,9.25,L4,PWD,SCHUNT,inter subsp. hybrids,9,1,1.776,0.009497326203208556,1695.815976415551,74.5,Positive,33.91631952831102,1776,9497.326203208557,322114.35017262236
LM0210,ALT,9,17.48,15.65,-11.6932907348,1,Expe005_1b,E64,0.05,71.9,1.98,1.4,21.9,0,1,0,0,0,1,0,0,0,PWD x SCHUNT,mus x dom,PWD_SCHUNT,SY,5681,42,SCHUNT,SY,8172,37,2018-05-07,5,8,4,4,EX,978,M,F1,1M,5.42,9.25,L4,PWD,SCHUNT,inter subsp. hybrids,9,1,2.157,0.04314,2846.1297953331123,74.5,Positive,56.922595906662245,2157,43140,2455640.7874134094
LM0210,BOU,0,15.65,15.65,0,1.43,Expe005_1b,E64,0.172,31.6,1.76,2.18,NA,1,0,0,0,0,1,0,0,0,PWD x SCHUNT,mus x dom,PWD_SCHUNT,SY,5681,42,SCHUNT,SY,8172,37,2018-05-07,5,8,4,4,EX,978,M,F1,1M,5.42,9.25,L4,PWD,SCHUNT,inter subsp. hybrids,9,1,0.9480000000000001,0.005511627906976744,0,0,Negative,0,948,5511.627906976744,0
LM0210,HQY,2,15.53,15.65,0.7667731629,NA,Expe005_1b,E64,0.099,101.4,1.91,2.33,51.4,1,NA,NA,NA,NA,NA,NA,NA,0,PWD x SCHUNT,mus x dom,PWD_SCHUNT,SY,5681,42,SCHUNT,SY,8172,37,2018-05-07,5,8,4,4,EX,978,M,F1,1M,5.42,9.25,L4,PWD,SCHUNT,inter subsp. hybrids,9,1,3.0420000000000003,0.03072727272727273,247.94376746474364,74.5,Positive,4.958875349294873,3042,30727.272727272724,152372.71527833334
LM0210,FGI,4,16.07,15.65,-2.6837060703,0.96,Expe005_1b,E64,0.083,57.4,1.93,1.14,NA,1,0,0,0,0,1,0,0,0,PWD x SCHUNT,mus x dom,PWD_SCHUNT,SY,5681,42,SCHUNT,SY,8172,37,2018-05-07,5,8,4,4,EX,978,M,F1,1M,5.42,9.25,L4,PWD,SCHUNT,inter subsp. hybrids,9,1,1.722,0.020746987951807228,114194.45897568279,74.5,Positive,2283.889179513656,1722,20746.987951807227,47383821.29063272
LM0210,GRU,5,15.94,15.65,-1.8530351438,0.64,Expe005_1b,E64,0.104,72.1,1.74,1.12,22.1,0,5,17,8,20,1,12.5,125000,195312.5,PWD x SCHUNT,mus x dom,PWD_SCHUNT,SY,5681,42,SCHUNT,SY,8172,37,2018-05-07,5,8,4,4,EX,978,M,F1,1M,5.42,9.25,L4,PWD,SCHUNT,inter subsp. hybrids,9,1,2.1630000000000003,0.020798076923076926,1213397.2513645035,74.5,Positive,24267.945027290072,2163,20798.076923076926,504726587.44258106
LM0210,CWX,6,16.15,15.65,-3.1948881789,0.91,Expe005_1b,E64,0.069,70.9,1.85,1.17,20.9,0,30,32,45,50,1,39.25,392500,431318.6813186813,PWD x SCHUNT,mus x dom,PWD_SCHUNT,SY,5681,42,SCHUNT,SY,8172,37,2018-05-07,5,8,4,4,EX,978,M,F1,1M,5.42,9.25,L4,PWD,SCHUNT,inter subsp. hybrids,9,1,2.1270000000000002,0.030826086956521743,947553.4566071364,74.5,Positive,18951.06913214273,2127,30826.086956521736,584187304.9864867
LM0210,LPX,8,16.9,15.65,-7.9872204473,1.06,Expe005_1b,E64,0.049,88.5,1.87,0.77,38.5,0,10,9,14,12,1,11.25,112500,106132.0754716981,PWD x SCHUNT,mus x dom,PWD_SCHUNT,SY,5681,42,SCHUNT,SY,8172,37,2018-05-07,5,8,4,4,EX,978,M,F1,1M,5.42,9.25,L4,PWD,SCHUNT,inter subsp. hybrids,9,1,2.6550000000000002,0.05418367346938776,129106.53987997143,74.5,Positive,2582.1307975994287,2655,54183.67346938775,139909331.9923772
LM0210,DRW,7,16.85,15.65,-7.6677316294,1.15,Expe005_1b,E64,0.067,101.3,1.9,2.3,51.3,0,77,73,99,82,1,82.75,827500,719565.2173913044,PWD x SCHUNT,mus x dom,PWD_SCHUNT,SY,5681,42,SCHUNT,SY,8172,37,2018-05-07,5,8,4,4,EX,978,M,F1,1M,5.42,9.25,L4,PWD,SCHUNT,inter subsp. hybrids,9,1,3.039,0.04535820895522388,142644.31871376664,74.5,Positive,2852.886374275333,3039,45358.208955223876,129401816.28989157
LM0210,BTY,1,15.95,15.65,-1.9169329073,NA,Expe005_1b,E64,0.109,74.2,1.87,1.84,24.2,0,NA,NA,NA,NA,NA,NA,NA,0,PWD x SCHUNT,mus x dom,PWD_SCHUNT,SY,5681,42,SCHUNT,SY,8172,37,2018-05-07,5,8,4,4,EX,978,M,F1,1M,5.42,9.25,L4,PWD,SCHUNT,inter subsp. hybrids,9,1,2.226,0.020422018348623852,195.62835544357372,74.16666666666667,Positive,3.9125671088714746,2226,20422.018348623853,79902.51728759543
LM0210,BKM,3,16.08,15.65,-2.7476038339,1,Expe005_1b,E64,0.059,68.7,1.85,1.88,18.7,0,0,0,0,0,1,0,0,0,PWD x SCHUNT,mus x dom,PWD_SCHUNT,SY,5681,42,SCHUNT,SY,8172,37,2018-05-07,5,8,4,4,EX,978,M,F1,1M,5.42,9.25,L4,PWD,SCHUNT,inter subsp. hybrids,9,1,2.061,0.03493220338983051,448.2110294317038,74.5,Positive,8.964220588634076,2061,34932.20338983051,313139.9768334717
LM0211,IOQ,7,15.05,17.42,13.6050516648,0.86,Expe005_1b,E64,0.054,102.9,1.89,0.96,52.9,0,119,117,123,130,1.5,122.25,1833750,2132267.4418604653,Prague,mus,PWD_PWD,SY,5343,42,PWD,SY,5340,42,2018-04-01,4,4,2,2,EX,757,M,43,1M,5.02,6.72,L3,PWD,PWD,parental strains,14.1428571429,1,3.087,0.05716666666666667,870549.6956246899,74.5,Positive,17410.9939124938,3087,57166.666666666664,995328485.3308954
LM0211,GHI,3,17.4,17.42,0.1148105626,1.04,Expe005_1b,E64,0.074,133.4,1.88,2.35,83.4,0,0,0,0,0,1,0,0,0,Prague,mus,PWD_PWD,SY,5343,42,PWD,SY,5340,42,2018-04-01,4,4,2,2,EX,757,M,43,1M,5.02,6.72,L3,PWD,PWD,parental strains,14.1428571429,1,4.002,0.054081081081081075,2630.6102594466306,74.5,Positive,52.61220518893261,4002,54081.08108108109,2845324.93467714
LM0211,FNP,4,17.05,17.42,2.1239954076,0.8,Expe005_1b,E64,0.131,70.2,1.85,0.89,20.2,1,0,0,0,0,1,0,0,0,Prague,mus,PWD_PWD,SY,5343,42,PWD,SY,5340,42,2018-04-01,4,4,2,2,EX,757,M,43,1M,5.02,6.72,L3,PWD,PWD,parental strains,14.1428571429,1,2.106,0.016076335877862596,627017.6047138011,74.5,Positive,12540.35209427602,2106,16076.335877862595,201602912.29423892
LM0211,OUW,2,17.76,17.42,-1.9517795637,NA,Expe005_1b,E64,0.073,101.7,1.87,1.88,51.7,0,NA,NA,NA,NA,1,NA,NA,0,Prague,mus,PWD_PWD,SY,5343,42,PWD,SY,5340,42,2018-04-01,4,4,2,2,EX,757,M,43,1M,5.02,6.72,L3,PWD,PWD,parental strains,14.1428571429,1,3.051,0.041794520547945205,4957.485553370237,74.5,Positive,99.14971106740474,3051,41794.520547945205,4143914.6365294773
LM0211,BKT,0,17.42,17.42,0,1.38,Expe005_1b,E64,0.069,96.2,1.89,0.83,46.2,0,0,0,0,0,1,0,0,0,Prague,mus,PWD_PWD,SY,5343,42,PWD,SY,5340,42,2018-04-01,4,4,2,2,EX,757,M,43,1M,5.02,6.72,L3,PWD,PWD,parental strains,14.1428571429,1,2.886,0.04182608695652174,0,0,Negative,0,2886,41826.086956521736,0
LM0211,FPS,8,17.26,17.42,0.9184845006,1.11,Expe005_1b,E64,0.065,101.8,1.89,2.23,51.8,0,13,12,17,11,1,13.25,132500,119369.36936936936,Prague,mus,PWD_PWD,SY,5343,42,PWD,SY,5340,42,2018-04-01,4,4,2,2,EX,757,M,43,1M,5.02,6.72,L3,PWD,PWD,parental strains,14.1428571429,1,3.0540000000000003,0.04698461538461539,197565.97862353863,74.5,Positive,3951.3195724707725,3054,46984.61538461538,185651230.37424213
LM0211,PVW,5,15.65,17.42,10.1607347876,0.35,Expe005_1b,E64,0.036,101.9,1.89,2.01,51.9,0,12,10,12,12,1,11.5,115000,328571.4285714286,Prague,mus,PWD_PWD,SY,5343,42,PWD,SY,5340,42,2018-04-01,4,4,2,2,EX,757,M,43,1M,5.02,6.72,L3,PWD,PWD,parental strains,14.1428571429,1,3.057,0.08491666666666667,5054126.106370708,74.33333333333333,Positive,101082.52212741417,3057,84916.66666666667,8583590837.319587
LM0211,FPY,1,17.7,17.42,-1.607347876,NA,Expe005_1b,E64,0.07,116.2,1.89,2.24,66.2,0,NA,NA,NA,NA,NA,NA,NA,0,Prague,mus,PWD_PWD,SY,5343,42,PWD,SY,5340,42,2018-04-01,4,4,2,2,EX,757,M,43,1M,5.02,6.72,L3,PWD,PWD,parental strains,14.1428571429,1,3.486,0.049800000000000004,0,0,Negative,0,3486,49799.99999999999,0
LM0211,APU,9,17.73,17.42,-1.7795637199,0.94,Expe005_1b,E64,0.044,95.6,1.92,1.3,45.6,0,3,0,4,3,1,2.5,25000,26595.744680851065,Prague,mus,PWD_PWD,SY,5343,42,PWD,SY,5340,42,2018-04-01,4,4,2,2,EX,757,M,43,1M,5.02,6.72,L3,PWD,PWD,parental strains,14.1428571429,1,2.868,0.06518181818181817,6575.359765346402,74.5,Positive,131.50719530692805,2868,65181.818181818184,8571878.094097039
LM0211,DJU,6,14.26,17.42,18.1400688863,0.2,Expe005_1b,E64,0.025,113.8,1.91,2.25,63.8,0,18,15,15,26,1,18.5,185000,925000,Prague,mus,PWD_PWD,SY,5343,42,PWD,SY,5340,42,2018-04-01,4,4,2,2,EX,757,M,43,1M,5.02,6.72,L3,PWD,PWD,parental strains,14.1428571429,1,3.414,0.13656000000000001,1328336.174906202,74.5,Positive,26566.723498124036,3414,136560,3627951760.9038186
LM0211,DKM,10,17.94,17.42,-2.9850746269,0.89,Expe005_1b,E64,0.141,108.4,1.9,2.16,58.4,0,0,1,1,2,1,1,10000,11235.955056179775,Prague,mus,PWD_PWD,SY,5343,42,PWD,SY,5340,42,2018-04-01,4,4,2,2,EX,757,M,43,1M,5.02,6.72,L3,PWD,PWD,parental strains,14.1428571429,1,3.2520000000000002,0.023063829787234043,1856.8684181926506,74.5,Positive,37.137368363853014,3252,23063.829787234044,856529.9426897164
LM0212,BOX,9,20.71,21.58,4.031510658,2.07,Expe005_1b,E64,0.105,94.8,1.92,0.53,44.8,1,6,4,3,4,1,4.25,42500,20531.400966183577,SCHUNT x STRA,dom,SCHUNT_STRA,SY,3472,36,STRA,SY,7281,56,2018-04-10,4,7,5,2,EX,813,M,F1,1M,5.52,9.89,L3,SCHUNT,STRA,outbred hybrids,12.8571428571,1,2.844,0.027085714285714286,3103.039325941342,74.5,Positive,62.060786518826845,2844,27085.714285714286,1680960.731995653
LM0212,CNR,8,20.18,21.58,6.4874884152,1.71,Expe005_1b,E64,0.104,117.8,1.88,1.89,67.8,0,10,8,8,12,1,9.5,95000,55555.555555555555,SCHUNT x STRA,dom,SCHUNT_STRA,SY,3472,36,STRA,SY,7281,56,2018-04-10,4,7,5,2,EX,813,M,F1,1M,5.52,9.89,L3,SCHUNT,STRA,outbred hybrids,12.8571428571,1,3.5340000000000003,0.03398076923076923,40149.61809015604,74.5,Positive,802.9923618031207,3534,33980.769230769234,27286298.1405022
LM0212,HTY,2,21.11,21.58,2.1779425394,NA,Expe005_1b,E64,0.134,72.9,1.89,0.83,22.9,1,NA,NA,NA,NA,NA,NA,NA,0,SCHUNT x STRA,dom,SCHUNT_STRA,SY,3472,36,STRA,SY,7281,56,2018-04-10,4,7,5,2,EX,813,M,F1,1M,5.52,9.89,L3,SCHUNT,STRA,outbred hybrids,12.8571428571,1,2.187,0.01632089552238806,271.9613610247346,74.5,Positive,5.439227220494692,2187,16320.895522388058,88773.05918822305
LM0212,GHT,1,21.55,21.58,0.1390176089,NA,Expe005_1b,E64,0.15,81.6,1.83,2.09,31.6,0,NA,NA,NA,NA,NA,NA,NA,0,SCHUNT x STRA,dom,SCHUNT_STRA,SY,3472,36,STRA,SY,7281,56,2018-04-10,4,7,5,2,EX,813,M,F1,1M,5.52,9.89,L3,SCHUNT,STRA,outbred hybrids,12.8571428571,1,2.448,0.01632,0,0,Negative,0,2448,16320,0
LM0212,DIK,10,20.68,21.58,4.1705282669,1.34,Expe005_1b,E64,0.1,47.1,1.81,1.69,NA,0,2,0,2,0,1,1,10000,7462.686567164179,SCHUNT x STRA,dom,SCHUNT_STRA,SY,3472,36,STRA,SY,7281,56,2018-04-10,4,7,5,2,EX,813,M,F1,1M,5.52,9.89,L3,SCHUNT,STRA,outbred hybrids,12.8571428571,1,1.413,0.01413,638.6909754230508,74.5,Positive,12.773819508461015,1413,14130,180494.06965455416
LM0212,HLO,4,19.42,21.58,10.0092678406,1.59,Expe005_1b,E64,0.247,46.7,1.9,0.12,NA,1,0,0,0,1,1,0,0,0,SCHUNT x STRA,dom,SCHUNT_STRA,SY,3472,36,STRA,SY,7281,56,2018-04-10,4,7,5,2,EX,813,M,F1,1M,5.52,9.89,L3,SCHUNT,STRA,outbred hybrids,12.8571428571,1,1.401,0.005672064777327936,719536.5791938852,74.33333333333333,Positive,14390.731583877705,1401,5672.064777327935,81625161.73689339
LM0212,DNY,7,19.67,21.58,8.8507877665,1.5,Expe005_1b,E64,0.108,88.7,1.87,1.06,38.7,0,31,24,38,35,1,32,320000,213333.33333333334,SCHUNT x STRA,dom,SCHUNT_STRA,SY,3472,36,STRA,SY,7281,56,2018-04-10,4,7,5,2,EX,813,M,F1,1M,5.52,9.89,L3,SCHUNT,STRA,outbred hybrids,12.8571428571,1,2.661,0.02463888888888889,657536.1757022544,74.5,Positive,13150.723514045088,2661,24638.88888888889,324019215.4710554
LM0212,ABY,6,18.68,21.58,13.4383688601,0.85,Expe005_1b,E64,0.056,122.9,1.91,2.13,72.9,1,171,125,240,203,1,184.75,1847500,2173529.411764706,SCHUNT x STRA,dom,SCHUNT_STRA,SY,3472,36,STRA,SY,7281,56,2018-04-10,4,7,5,2,EX,813,M,F1,1M,5.52,9.89,L3,SCHUNT,STRA,outbred hybrids,12.8571428571,1,3.6870000000000003,0.06583928571428573,1075675.5469731425,74.5,Positive,21513.510939462853,3687,65839.28571428571,1416434193.460706
LM0212,HJQ,0,21.58,21.58,0,1.29,Expe005_1b,E64,0.15,71,1.9,0.26,21,1,0,0,0,0,1,0,0,0,SCHUNT x STRA,dom,SCHUNT_STRA,SY,3472,36,STRA,SY,7281,56,2018-04-10,4,7,5,2,EX,813,M,F1,1M,5.52,9.89,L3,SCHUNT,STRA,outbred hybrids,12.8571428571,1,2.13,0.014199999999999999,0,0,Negative,0,2130,14200,0
LM0212,NOP,5,19.1,21.58,11.4921223355,0.46,Expe005_1b,E64,0.055,101.3,1.85,2.22,51.3,0,8,4,11,5,1,7,70000,152173.91304347824,SCHUNT x STRA,dom,SCHUNT_STRA,SY,3472,36,STRA,SY,7281,56,2018-04-10,4,7,5,2,EX,813,M,F1,1M,5.52,9.89,L3,SCHUNT,STRA,outbred hybrids,12.8571428571,1,3.039,0.05525454545454546,3831989.759302352,74.5,Positive,76639.79518604703,3039,55254.545454545456,4234697046.73449
LM0212,GKV,3,21.06,21.58,2.4096385542,1.22,Expe005_1b,E64,0.142,69.5,1.95,0.26,19.5,0,0,0,0,0,1,0,0,0,SCHUNT x STRA,dom,SCHUNT_STRA,SY,3472,36,STRA,SY,7281,56,2018-04-10,4,7,5,2,EX,813,M,F1,1M,5.52,9.89,L3,SCHUNT,STRA,outbred hybrids,12.8571428571,1,2.085,0.014683098591549296,1039.3862411857067,74.5,Positive,20.787724823714132,2085,14683.098591549297,305228.21308059135
LM0213,DRT,9,16.67,15.39,-8.3170890188,0.92,Expe005_1b,E64,NA,NA,NA,NA,NA,NA,2,4,11,6,1,5.75,57500,62500,Prague,mus,PWD_PWD,SY,5343,42,PWD,SY,5340,42,2018-03-07,3,9,5,4,EX,667,F,43,1F,4.34,4.99,L4,PWD,PWD,parental strains,17.7142857143,1,NA,NA,NA,NA,NA,NA,NA,NA,NA
LM0213,NST,8,16.57,15.39,-7.6673164392,0.98,Expe005_1b,E64,0.125,107.8,1.8,1.39,57.8,0,5,2,5,3,1,3.75,37500,38265.30612244898,Prague,mus,PWD_PWD,SY,5343,42,PWD,SY,5340,42,2018-03-07,3,9,5,4,EX,667,F,43,1F,4.34,4.99,L4,PWD,PWD,parental strains,17.7142857143,1,3.234,0.025872,61843.031569712344,74.5,Positive,1236.8606313942469,3234,25872,32000058.255431954
LM0213,DMY,7,15.43,15.39,-0.2599090318,0.84,Expe005_1b,E64,0.051,78.3,1.84,1.21,28.3,0,53,58,85,63,1,64.75,647500,770833.3333333334,Prague,mus,PWD_PWD,SY,5343,42,PWD,SY,5340,42,2018-03-07,3,9,5,4,EX,667,F,43,1F,4.34,4.99,L4,PWD,PWD,parental strains,17.7142857143,1,2.349,0.04605882352941177,536439.0861803102,74,Positive,10728.781723606204,2349,46058.82352941177,494155064.0931564
LM0213,DPZ,5,13.47,15.39,12.4756335283,0.23,Expe005_1b,E64,0.111,149.1,1.88,1.76,99.1,0,5,1,5,6,1,4.25,42500,184782.60869565216,Prague,mus,PWD_PWD,SY,5343,42,PWD,SY,5340,42,2018-03-07,3,9,5,4,EX,667,F,43,1F,4.34,4.99,L4,PWD,PWD,parental strains,17.7142857143,1,4.473,0.040297297297297294,1208399.214539545,74.5,Positive,24167.984290790897,4473,40297.2972972973,973904448.0424116
LM0213,FHV,0,15.39,15.39,0,1.4,Expe005_1b,E64,0.094,103,1.82,2.06,53,0,0,0,0,0,1,0,0,0,Prague,mus,PWD_PWD,SY,5343,42,PWD,SY,5340,42,2018-03-07,3,9,5,4,EX,667,F,43,1F,4.34,4.99,L4,PWD,PWD,parental strains,17.7142857143,1,3.09,0.032872340425531915,0,0,Negative,0,3090,32872.34042553192,0
LM0213,CGQ,4,14.74,15.39,4.2235217674,0.86,Expe005_1b,E64,0.165,76.3,1.78,0.25,26.3,0,2,1,1,0,1,1,10000,11627.906976744187,Prague,mus,PWD_PWD,SY,5343,42,PWD,SY,5340,42,2018-03-07,3,9,5,4,EX,667,F,43,1F,4.34,4.99,L4,PWD,PWD,parental strains,17.7142857143,1,2.289,0.013872727272727274,576225.2932456926,74.33333333333333,Positive,11524.505864913852,2289,13872.727272727272,159876326.81689578
LM0213,ABM,6,14.03,15.39,8.8369070825,0.49,Expe005_1b,E64,0.063,106.6,1.88,1.76,56.6,0,72,64,69,75,1,70,700000,1428571.4285714286,Prague,mus,PWD_PWD,SY,5343,42,PWD,SY,5340,42,2018-03-07,3,9,5,4,EX,667,F,43,1F,4.34,4.99,L4,PWD,PWD,parental strains,17.7142857143,1,3.198,0.05076190476190476,8327497.652311106,74.5,Positive,166549.95304622213,3198,50761.90476190476,8454392854.632038
LM0213,ORX,1,15.33,15.39,0.3898635478,NA,Expe005_1b,E64,0.08,66.7,1.83,2.11,16.7,0,NA,NA,NA,NA,NA,NA,NA,0,Prague,mus,PWD_PWD,SY,5343,42,PWD,SY,5340,42,2018-03-07,3,9,5,4,EX,667,F,43,1F,4.34,4.99,L4,PWD,PWD,parental strains,17.7142857143,1,2.001,0.0250125,0,0,Negative,0,2001,25012.5,0
LM0213,DJW,3,15.95,15.39,-3.6387264457,0.93,Expe005_1b,E64,0.047,98.6,1.87,2.1,48.6,0,0,0,0,0,1,0,0,0,Prague,mus,PWD_PWD,SY,5343,42,PWD,SY,5340,42,2018-03-07,3,9,5,4,EX,667,F,43,1F,4.34,4.99,L4,PWD,PWD,parental strains,17.7142857143,1,2.958,0.06293617021276596,1662.4938200774398,74.5,Positive,33.249876401548796,2958,62936.17021276596,2092619.880761305
LM0213,CFO,2,15.58,15.39,-1.2345679012,NA,Expe005_1b,E64,0.091,76.1,1.95,0.74,26.1,1,NA,NA,NA,NA,NA,NA,NA,0,Prague,mus,PWD_PWD,SY,5343,42,PWD,SY,5340,42,2018-03-07,3,9,5,4,EX,667,F,43,1F,4.34,4.99,L4,PWD,PWD,parental strains,17.7142857143,1,2.283,0.025087912087912088,0,0,Negative,0,2283,25087.91208791209,0
LM0213,TUW,10,15.75,15.39,-2.3391812865,0.56,Expe005_1b,E64,0.17,97.1,1.84,1.32,47.1,0,0,0,0,0,1,0,0,0,Prague,mus,PWD_PWD,SY,5343,42,PWD,SY,5340,42,2018-03-07,3,9,5,4,EX,667,F,43,1F,4.34,4.99,L4,PWD,PWD,parental strains,17.7142857143,1,2.9130000000000003,0.01713529411764706,1188.781619795801,74.5,Positive,23.77563239591602,2913,17135.294117647056,407402.45393707854
LM0214,DLQ,5,25.41,27.43,7.3641997813,0.92,Expe005_1b,E64,0.097,122.7,1.84,1.82,72.7,0,0,1,0,0,1,0,0,0,Straas2,dom,STRA_STRA,SY,4827,55,STRA,SY,4823,55,2018-04-03,3,7,2,5,EX,773,M,56,1M,7.05,11.98,P2,STRA,STRA,parental strains,13.8571428571,1,3.681,0.037948453608247425,3167484.917310072,74.5,Positive,63349.69834620144,3681,37948.45360824742,2404023088.787294
LM0214,KPT,3,28.3,27.43,-3.1717098068,1.73,Expe005_1b,E64,0.227,78.8,1.83,0.3,28.8,1,0,0,0,0,1.5,0,0,0,Straas2,dom,STRA_STRA,SY,4827,55,STRA,SY,4823,55,2018-04-03,3,7,2,5,EX,773,M,56,1M,7.05,11.98,P2,STRA,STRA,parental strains,13.8571428571,1,2.364,0.010414096916299558,2834.7681417740896,74.5,Positive,56.695362835481795,2364,10414.096916299559,590431.0032734756
LM0214,EIJ,10,28.34,27.43,-3.317535545,1.15,Expe005_1b,E64,0.209,95.4,1.87,1.86,45.5,1,0,0,2,0,1,0.5,5000,4347.826086956522,Straas2,dom,STRA_STRA,SY,4827,55,STRA,SY,4823,55,2018-04-03,3,7,2,5,EX,773,M,56,1M,7.05,11.98,P2,STRA,STRA,parental strains,13.8571428571,1,2.862,0.01369377990430622,487.69070100300246,74,Positive,9.75381402006005,2862,13693.77990430622,133566.58241823857
LM0214,NXZ,8,26.88,27.43,2.0051039008,1.67,Expe005_1b,E64,0.139,91.5,1.86,1.84,41.5,0,8,1,7,5,2,5.25,105000,62874.25149700599,Straas2,dom,STRA_STRA,SY,4827,55,STRA,SY,4823,55,2018-04-03,3,7,2,5,EX,773,M,56,1M,7.05,11.98,P2,STRA,STRA,parental strains,13.8571428571,1,2.745,0.019748201438848922,19788.97325154089,74.5,Positive,395.7794650308178,2745,19748.20143884892,7815932.600788451
LM0214,FLM,1,27.03,27.43,1.4582573824,NA,Expe005_1b,E64,0.174,81.4,1.89,1.92,31.4,0,NA,NA,NA,NA,NA,NA,NA,0,Straas2,dom,STRA_STRA,SY,4827,55,STRA,SY,4823,55,2018-04-03,3,7,2,5,EX,773,M,56,1M,7.05,11.98,P2,STRA,STRA,parental strains,13.8571428571,1,2.442,0.014034482758620691,NA,NA,NA,NA,2442,14034.48275862069,NA
LM0214,DES,0,27.43,27.43,0,1.12,Expe005_1b,E64,0.136,60.4,1.83,0.21,10.4,0,0,0,0,0,1,0,0,0,Straas2,dom,STRA_STRA,SY,4827,55,STRA,SY,4823,55,2018-04-03,3,7,2,5,EX,773,M,56,1M,7.05,11.98,P2,STRA,STRA,parental strains,13.8571428571,1,1.812,0.013323529411764706,0,0,Negative,0,1812,13323.529411764704,0
LM0214,ADQ,2,27.31,27.43,0.4374772147,NA,Expe005_1b,E64,0.179,82.6,1.9,1.85,32.6,0,NA,NA,NA,NA,NA,NA,NA,0,Straas2,dom,STRA_STRA,SY,4827,55,STRA,SY,4823,55,2018-04-03,3,7,2,5,EX,773,M,56,1M,7.05,11.98,P2,STRA,STRA,parental strains,13.8571428571,1,2.478,0.013843575418994414,109.30207570998326,75,Positive,2.186041514199665,2478,13843.575418994415,30262.630570875812
LM0214,CEY,9,28.05,27.43,-2.2602989428,1.27,Expe005_1b,E64,NA,NA,NA,NA,NA,NA,6,6,3,9,2,6,120000,94488.18897637795,Straas2,dom,STRA_STRA,SY,4827,55,STRA,SY,4823,55,2018-04-03,3,7,2,5,EX,773,M,56,1M,7.05,11.98,P2,STRA,STRA,parental strains,13.8571428571,1,NA,NA,NA,NA,NA,NA,NA,NA,NA
LM0214,EUV,7,24.93,27.43,9.1141086402,2.39,Expe005_1b,E64,0.108,100,1.94,1.93,50,1,51,41,70,56,2,54.5,1090000,456066.94560669456,Straas2,dom,STRA_STRA,SY,4827,55,STRA,SY,4823,55,2018-04-03,3,7,2,5,EX,773,M,56,1M,7.05,11.98,P2,STRA,STRA,parental strains,13.8571428571,1,3,0.027777777777777776,1211785.4079750322,74.5,Positive,24235.708159500646,3000,27777.777777777777,673214115.5416846
LM0214,PRY,4,26.54,27.43,3.2446226759,2.14,Expe005_1b,E64,0.14,125.4,1.96,1.18,75.4,1,0,0,0,0,2,0,0,0,Straas2,dom,STRA_STRA,SY,4827,55,STRA,SY,4823,55,2018-04-03,3,7,2,5,EX,773,M,56,1M,7.05,11.98,P2,STRA,STRA,parental strains,13.8571428571,1,3.762,0.02687142857142857,386695.40210714506,74.5,Positive,7733.908042142901,3762,26871.42857142857,207821157.53243992
LM0214,OTZ,6,24.34,27.43,11.2650382793,0.29,Expe005_1b,E64,0.084,206.9,1.84,0.85,156.9,0,50,40,30,39,1,39.75,397500,1370689.655172414,Straas2,dom,STRA_STRA,SY,4827,55,STRA,SY,4823,55,2018-04-03,3,7,2,5,EX,773,M,56,1M,7.05,11.98,P2,STRA,STRA,parental strains,13.8571428571,1,6.207,0.07389285714285714,1962309.03186865,74.5,Positive,39246.180637373,6207,73892.85714285714,2900012419.240169
LM0215,DGQ,3,24.29,23.9,-1.6317991632,1.84,Expe005_1b,E64,0.098,109.5,1.84,0.54,59.5,1,0,0,0,0,1,0,0,0,BUSNA x STRA,mus x dom,BUSNA_STRA,SY,6114,60,STRA,SY,6345,55,2018-02-23,2,3,0,3,EX,622,F,F1,1F,7.76,13.35,L4,BUSNA,STRA,inter subsp. hybrids,19.4285714286,1,3.285,0.033520408163265306,4603.622380141469,74.5,Positive,92.072447602829385,3285,33520.4081632653,3086306.024237699
LM0215,PRZ,2,24.17,23.9,-1.129707113,NA,Expe005_1b,E64,0.104,120.4,1.95,0.68,70.4,0,NA,NA,NA,NA,NA,NA,NA,0,BUSNA x STRA,mus x dom,BUSNA_STRA,SY,6114,60,STRA,SY,6345,55,2018-02-23,2,3,0,3,EX,622,F,F1,1F,7.76,13.35,L4,BUSNA,STRA,inter subsp. hybrids,19.4285714286,1,3.612,0.03473076923076923,415.11307500480876,74.5,Positive,8.302261500096176,3612,34730.769230769234,288343.9282533403
LM0215,KQY,10,25.05,23.9,-4.8117154812,0.96,Expe005_1b,E64,0.17,98,1.89,1.81,48,1,0,0,0,0,1,0,0,0,BUSNA x STRA,mus x dom,BUSNA_STRA,SY,6114,60,STRA,SY,6345,55,2018-02-23,2,3,0,3,EX,622,F,F1,1F,7.76,13.35,L4,BUSNA,STRA,inter subsp. hybrids,19.4285714286,1,2.94,0.017294117647058824,488.356891645155,74.5,Positive,9.7671378329031,2940,17294.11764705882,168914.03075726534
LM0215,KNW,8,24.82,23.9,-3.8493723849,1.52,Expe005_1b,E64,0.071,61.1,1.89,2.19,22.4,0,2,7,8,4,1,5.25,52500,34539.47368421053,BUSNA x STRA,mus x dom,BUSNA_STRA,SY,6114,60,STRA,SY,6345,55,2018-02-23,2,3,0,3,EX,622,F,F1,1F,7.76,13.35,L4,BUSNA,STRA,inter subsp. hybrids,19.4285714286,1,1.833,0.025816901408450704,12947.531774976738,74,Positive,258.95063549953477,1833,25816.901408450707,6685303.0263471445
LM0215,EQZ,9,25.25,23.9,-5.6485355649,1.47,Expe005_1b,E64,0.143,112.2,1.9,2.34,62.2,1,0,0,0,0,1,0,0,0,BUSNA x STRA,mus x dom,BUSNA_STRA,SY,6114,60,STRA,SY,6345,55,2018-02-23,2,3,0,3,EX,622,F,F1,1F,7.76,13.35,L4,BUSNA,STRA,inter subsp. hybrids,19.4285714286,1,3.366,0.02353846153846154,263.7313988686236,74.5,Positive,5.2746279773724725,3366,23538.46153846154,124156.62777507512
LM0215,ELT,0,23.9,23.9,0,1.73,Expe005_1b,E64,0.165,61.6,1.84,0.38,11.6,0,0,0,0,0,1,0,0,0,BUSNA x STRA,mus x dom,BUSNA_STRA,SY,6114,60,STRA,SY,6345,55,2018-02-23,2,3,0,3,EX,622,F,F1,1F,7.76,13.35,L4,BUSNA,STRA,inter subsp. hybrids,19.4285714286,1,1.848,0.0112,0,0,Negative,0,1848,11200,0
LM0215,GMN,1,23.94,23.9,-0.1673640167,NA,Expe005_1b,E64,0.203,41.3,1.83,1.84,NA,1,NA,NA,NA,NA,NA,NA,NA,0,BUSNA x STRA,mus x dom,BUSNA_STRA,SY,6114,60,STRA,SY,6345,55,2018-02-23,2,3,0,3,EX,622,F,F1,1F,7.76,13.35,L4,BUSNA,STRA,inter subsp. hybrids,19.4285714286,1,1.239,0.006103448275862069,0,0,Negative,0,1239,6103.448275862069,0
LM0215,GMX,6,23.61,23.9,1.2133891213,1.32,Expe005_1b,E64,0.077,86.2,1.89,2.05,36.2,1,265,291,312,268,1,284,2840000,2151515.1515151514,BUSNA x STRA,mus x dom,BUSNA_STRA,SY,6114,60,STRA,SY,6345,55,2018-02-23,2,3,0,3,EX,622,F,F1,1F,7.76,13.35,L4,BUSNA,STRA,inter subsp. hybrids,19.4285714286,1,2.586,0.033584415584415585,643681.371023034,74.5,Positive,12873.62742046068,2586,33584.41558441558,432353253.3676794
LM0215,EWX,4,22.96,23.9,3.9330543933,1.76,Expe005_1b,E64,0.24,87.4,1.87,1.31,37.4,1,1,1,2,2,2,1.5,30000,17045.454545454544,BUSNA x STRA,mus x dom,BUSNA_STRA,SY,6114,60,STRA,SY,6345,55,2018-02-23,2,3,0,3,EX,622,F,F1,1F,7.76,13.35,L4,BUSNA,STRA,inter subsp. hybrids,19.4285714286,1,2.622,0.010924999999999999,630749.466061245,74.5,Positive,12614.989321224899,2622,10925,137818758.33438203
LM0215,CPS,5,22.3,23.9,6.6945606695,0.7,Expe005_1b,E64,0.12,114.3,1.85,1.45,64.3,0,2,4,3,6,1,3.75,37500,53571.42857142857,BUSNA x STRA,mus x dom,BUSNA_STRA,SY,6114,60,STRA,SY,6345,55,2018-02-23,2,3,0,3,EX,622,F,F1,1F,7.76,13.35,L4,BUSNA,STRA,inter subsp. hybrids,19.4285714286,1,3.4290000000000003,0.028575000000000003,2169999.7701284415,74.5,Positive,43399.99540256883,3429,28575,1240154868.6284041
LM0215,ENO,7,25.42,23.9,-6.359832636,1.29,Expe005_1b,E64,0.123,103.8,1.86,1.91,53.8,0,33,26,42,20,1,30.25,302500,234496.12403100776,BUSNA x STRA,mus x dom,BUSNA_STRA,SY,6114,60,STRA,SY,6345,55,2018-02-23,2,3,0,3,EX,622,F,F1,1F,7.76,13.35,L4,BUSNA,STRA,inter subsp. hybrids,19.4285714286,1,3.114,0.025317073170731706,118931.02992291773,74.5,Positive,2378.620598458355,3114,25317.073170731706,60219711.73657981
LM0216,JOW,7,17.88,18.37,2.6673924878,1.85,Expe005_1b,E64,0.086,127.5,1.88,1.34,77.5,0,11,12,16,13,2,13,260000,140540.54054054053,Buskovice,mus,BUSNA_BUSNA,SY,5146,59,BUSNA,SY,5144,59,2018-04-26,7,4,1+?,2+?,EX,1038,F,60,1F,"6,,08",8.91,P4,BUSNA,BUSNA,parental strains,10.5714285714,1,3.825,0.04447674418604652,38220.48915269447,74.5,Positive,764.4097830538894,3825,44476.74418604652,33998458.37419916
LM0216,JMW,3,16.84,18.37,8.3287969516,1.16,Expe005_1b,E64,0.102,129.6,1.86,2.27,79.6,0,0,0,0,0,1,0,0,0,Buskovice,mus,BUSNA_BUSNA,SY,5146,59,BUSNA,SY,5144,59,2018-04-26,7,4,1+?,2+?,EX,1038,F,60,1F,"6,,08",8.91,P4,BUSNA,BUSNA,parental strains,10.5714285714,1,3.888,0.03811764705882353,5906.197913673535,74.5,Positive,118.1239582734707,3888,38117.64705882353,4502607.350659355
LM0216,BDV,5,15.06,18.37,18.0185084377,0.39,Expe005_1b,E64,0.054,115.5,1.83,1.5,65.5,0,9,12,16,8,1,11.25,112500,288461.53846153844,Buskovice,mus,BUSNA_BUSNA,SY,5146,59,BUSNA,SY,5144,59,2018-04-26,7,4,1+?,2+?,EX,1038,F,60,1F,"6,,08",8.91,P4,BUSNA,BUSNA,parental strains,10.5714285714,1,3.465,0.06416666666666666,4801477.987664294,74.5,Positive,96029.5597532859,3465,64166.666666666664,6161896750.835845
LM0216,ABJ,2,16.49,18.37,10.2340772999,NA,Expe005_1b,E64,0.115,124.3,1.83,2.17,74.3,0,NA,NA,NA,NA,NA,NA,NA,0,Buskovice,mus,BUSNA_BUSNA,SY,5146,59,BUSNA,SY,5144,59,2018-04-26,7,4,1+?,2+?,EX,1038,F,60,1F,"6,,08",8.91,P4,BUSNA,BUSNA,parental strains,10.5714285714,1,3.729,0.03242608695652174,481.65014314410587,74.33333333333333,Positive,9.633002862882117,3729,32426.086956521736,312360.58848423837
LM0216,ALW,8,17.04,18.37,7.2400653239,1.62,Expe005_1b,E64,0.078,158.1,1.84,2.04,108.1,0,0,0,0,0,1,0,0,0,Buskovice,mus,BUSNA_BUSNA,SY,5146,59,BUSNA,SY,5144,59,2018-04-26,7,4,1+?,2+?,EX,1038,F,60,1F,"6,,08",8.91,P4,BUSNA,BUSNA,parental strains,10.5714285714,1,4.743,0.06080769230769231,8576.215170714471,74.16666666666667,Positive,171.52430341428942,4743,60807.692307692305,10429997.065307368
LM0216,NVW,9,17.65,18.37,3.9194338596,0.74,Expe005_1b,E64,0.11,152.9,1.88,2.4,102.9,0,0,1,1,1,1,0.75,7500,10135.135135135135,Buskovice,mus,BUSNA_BUSNA,SY,5146,59,BUSNA,SY,5144,59,2018-04-26,7,4,1+?,2+?,EX,1038,F,60,1F,"6,,08",8.91,P4,BUSNA,BUSNA,parental strains,10.5714285714,1,4.587,0.0417,0,0,Negative,0,4587,41700,0
LM0216,BFX,6,16.92,18.37,7.8933043005,1.26,Expe005_1b,E64,0.068,152.6,1.93,2.2,102.6,0,208,204,224,211,1,211.75,2117500,1680555.5555555555,Buskovice,mus,BUSNA_BUSNA,SY,5146,59,BUSNA,SY,5144,59,2018-04-26,7,4,1+?,2+?,EX,1038,F,60,1F,"6,,08",8.91,P4,BUSNA,BUSNA,parental strains,10.5714285714,1,4.578,0.06732352941176471,653188.337633443,74.5,Positive,13063.766752668858,4578,67323.5294117647,879498885.2017357
LM0216,AMT,10,17.79,18.37,3.1573217202,0.93,Expe005_1b,E64,0.16,102.8,1.83,1.84,52.8,1,0,1,0,1,1,0.5,5000,5376.344086021505,Buskovice,mus,BUSNA_BUSNA,SY,5146,59,BUSNA,SY,5144,59,2018-04-26,7,4,1+?,2+?,EX,1038,F,60,1F,"6,,08",8.91,P4,BUSNA,BUSNA,parental strains,10.5714285714,1,3.084,0.019275,430.7930994708604,74.5,Positive,8.615861989417208,3084,19275,166070.7398460167
LM0216,NSU,0,18.37,18.37,0,1.26,Expe005_1b,E64,0.137,61.4,1.85,2,11.4,1,0,0,0,0,1,0,0,0,Buskovice,mus,BUSNA_BUSNA,SY,5146,59,BUSNA,SY,5144,59,2018-04-26,7,4,1+?,2+?,EX,1038,F,60,1F,"6,,08",8.91,P4,BUSNA,BUSNA,parental strains,10.5714285714,1,1.842,0.013445255474452555,0,0,Negative,0,1842,13445.255474452553,0
LM0216,SVY,1,17.12,18.37,6.8045726728,NA,Expe005_1b,E64,0.228,104.4,1.86,2.01,54.4,1,NA,NA,NA,NA,1,NA,NA,0,Buskovice,mus,BUSNA_BUSNA,SY,5146,59,BUSNA,SY,5144,59,2018-04-26,7,4,1+?,2+?,EX,1038,F,60,1F,"6,,08",8.91,P4,BUSNA,BUSNA,parental strains,10.5714285714,1,3.132,0.013736842105263158,0,0,Negative,0,3132,13736.842105263157,0
LM0216,GIQ,4,16.29,18.37,11.3228089276,1.05,Expe005_1b,E64,0.302,103.3,1.87,1.04,53.3,0,0,0,0,2,1,0.5,5000,4761.9047619047615,Buskovice,mus,BUSNA_BUSNA,SY,5146,59,BUSNA,SY,5144,59,2018-04-26,7,4,1+?,2+?,EX,1038,F,60,1F,"6,,08",8.91,P4,BUSNA,BUSNA,parental strains,10.5714285714,1,3.099,0.01026158940397351,1316990.2180788696,74.5,Positive,26339.804361577393,3099,10261.58940397351,270288257.3394978
LM0217,CDS,3,17.41,17.74,1.8602029312,1.2,Expe005_1b,E64,0.102,67.5,1.83,2.05,17.5,1,0,0,0,0,1,0,0,0,Buskovice,mus,BUSNA_BUSNA,SY,5146,59,BUSNA,SY,5144,59,2018-04-26,7,4,1+?,2+?,EX,1036,M,60,1M,6.86,9.81,P2,BUSNA,BUSNA,parental strains,10.5714285714,1,2.025,0.019852941176470587,12402.202458062384,74.5,Positive,248.04404916124767,2025,19852.94117647059,4924403.917171829
LM0217,CEV,2,17.49,17.74,1.4092446449,NA,Expe005_1b,E64,0.09,140.4,1.87,1.84,90.4,1,NA,NA,NA,NA,NA,NA,NA,0,Buskovice,mus,BUSNA_BUSNA,SY,5146,59,BUSNA,SY,5144,59,2018-04-26,7,4,1+?,2+?,EX,1036,M,60,1M,6.86,9.81,P2,BUSNA,BUSNA,parental strains,10.5714285714,1,4.212,0.046799999999999994,0,0,Negative,0,4212,46800,0
LM0217,MXY,4,16.77,17.74,5.4678692221,0.93,Expe005_1b,E64,0.181,102.4,1.83,0.39,52.4,1,0,0,1,1,1,0.5,5000,5376.344086021505,Buskovice,mus,BUSNA_BUSNA,SY,5146,59,BUSNA,SY,5144,59,2018-04-26,7,4,1+?,2+?,EX,1036,M,60,1M,6.86,9.81,P2,BUSNA,BUSNA,parental strains,10.5714285714,1,3.072,0.016972375690607736,5130955.045766606,74.33333333333333,Positive,102619.10091533212,3072,16972.375690607736,1741689933.767405
LM0217,FKY,0,17.74,17.74,0,1.3,Expe005_1b,E64,0.094,69,1.86,0.97,19,0,0,0,0,0,1,0,0,0,Buskovice,mus,BUSNA_BUSNA,SY,5146,59,BUSNA,SY,5144,59,2018-04-26,7,4,1+?,2+?,EX,1036,M,60,1M,6.86,9.81,P2,BUSNA,BUSNA,parental strains,10.5714285714,1,2.07,0.02202127659574468,0,0,Negative,0,2070,22021.27659574468,0
LM0217,MQY,5,16.9,17.74,4.7350620068,0.39,Expe005_1b,E64,0.079,117.8,1.87,1.63,67.8,0,19,27,16,25,1,21.75,217500,557692.3076923076,Buskovice,mus,BUSNA_BUSNA,SY,5146,59,BUSNA,SY,5144,59,2018-04-26,7,4,1+?,2+?,EX,1036,M,60,1M,6.86,9.81,P2,BUSNA,BUSNA,parental strains,10.5714285714,1,3.5340000000000003,0.04473417721518988,1438811.4178211982,74.5,Positive,28776.228356423966,3534,44734.17721518987,1287280898.8810415
LM0217,OVW,9,18.82,17.74,-6.0879368658,1.52,Expe005_1b,E64,0.177,78,1.88,2.48,28,1,0,3,0,0,1,0.75,7500,4934.210526315789,Buskovice,mus,BUSNA_BUSNA,SY,5146,59,BUSNA,SY,5144,59,2018-04-26,7,4,1+?,2+?,EX,1036,M,60,1M,6.86,9.81,P2,BUSNA,BUSNA,parental strains,10.5714285714,1,2.34,0.013220338983050847,0,0,Negative,0,2340,13220.338983050848,0
LM0217,LPV,8,18.32,17.74,-3.2694475761,1.03,Expe005_1b,E64,0.161,95.9,1.85,1.64,45.9,1,1,1,1,0,1,0.75,7500,7281.553398058252,Buskovice,mus,BUSNA_BUSNA,SY,5146,59,BUSNA,SY,5144,59,2018-04-26,7,4,1+?,2+?,EX,1036,M,60,1M,6.86,9.81,P2,BUSNA,BUSNA,parental strains,10.5714285714,1,2.8770000000000002,0.017869565217391307,13452.173016210141,73.66666666666667,Positive,269.04346032420284,2877,17869.565217391304,4807689.660575973
LM0217,OPW,7,18.44,17.74,-3.9458850056,1.19,Expe005_1b,E64,0.097,112.4,1.88,0.41,62.4,0,32,27,32,29,1,30,300000,252100.84033613445,Buskovice,mus,BUSNA_BUSNA,SY,5146,59,BUSNA,SY,5144,59,2018-04-26,7,4,1+?,2+?,EX,1036,M,60,1M,6.86,9.81,P2,BUSNA,BUSNA,parental strains,10.5714285714,1,3.372,0.03476288659793814,324414.7374202191,74.5,Positive,6488.2947484043825,3372,34762.886597938144,225551854.55277917
LM0217,OTY,1,17.54,17.74,1.1273957159,NA,Expe005_1b,E64,0.189,89.8,1.85,0.76,39.8,1,NA,NA,NA,NA,NA,NA,NA,0,Buskovice,mus,BUSNA_BUSNA,SY,5146,59,BUSNA,SY,5144,59,2018-04-26,7,4,1+?,2+?,EX,1036,M,60,1M,6.86,9.81,P2,BUSNA,BUSNA,parental strains,10.5714285714,1,2.694,0.014253968253968253,0,0,Negative,0,2694,14253.968253968254,0
LM0217,DFN,6,17.4,17.74,1.916572717,1.31,Expe005_1b,E64,0.072,126.1,1.91,2.08,76.1,0,187,184,182,278,1,207.75,2077500,1585877.8625954199,Buskovice,mus,BUSNA_BUSNA,SY,5146,59,BUSNA,SY,5144,59,2018-04-26,7,4,1+?,2+?,EX,1036,M,60,1M,6.86,9.81,P2,BUSNA,BUSNA,parental strains,10.5714285714,1,3.783,0.05254166666666667,540447.3201324346,74.5,Positive,10808.946402648691,3783,52541.66666666667,567920058.9058334
LM0217,HMZ,10,19.45,17.74,-9.6392333709,1.18,Expe005_1b,E64,0.093,128.9,1.8,1.67,78.9,1,0,0,0,0,1,0,0,0,Buskovice,mus,BUSNA_BUSNA,SY,5146,59,BUSNA,SY,5144,59,2018-04-26,7,4,1+?,2+?,EX,1036,M,60,1M,6.86,9.81,P2,BUSNA,BUSNA,parental strains,10.5714285714,1,3.867,0.04158064516129032,525.2606191282849,74.16666666666667,Positive,10.505212382565698,3867,41580.645161290326,436813.5084234576
LM0218,AEL,8,20.95,20.36,-2.8978388998,1.57,Expe005_1b,E64,0.185,55.3,1.8,1.22,5.3,1,4,4,3,3,2,3.5,70000,44585.987261146496,PWD x SCHUNT,mus x dom,PWD_SCHUNT,SY,5681,42,SCHUNT,SY,8172,37,2018-05-07,5,8,4,4,EX,976,M,F1,1M,5.83,9.66,L2,PWD,SCHUNT,inter subsp. hybrids,9,1,1.659,0.008967567567567569,5527.941326036604,74.5,Positive,110.55882652073207,1659,8967.567567567568,991443.7470156461
LM0218,JLZ,0,20.36,20.36,0,1.32,Expe005_1b,E64,0.161,79.5,1.89,0.28,29.5,1,0,0,0,0,1,0,0,0,PWD x SCHUNT,mus x dom,PWD_SCHUNT,SY,5681,42,SCHUNT,SY,8172,37,2018-05-07,5,8,4,4,EX,976,M,F1,1M,5.83,9.66,L2,PWD,SCHUNT,inter subsp. hybrids,9,1,2.3850000000000002,0.014813664596273294,0,0,Negative,0,2385,14813.664596273291,0
LM0218,INU,6,20.12,20.36,1.1787819253,1.18,Expe005_1b,E64,0.117,104.6,1.89,0.93,54.6,1,21,22,33,22,1,24.5,245000,207627.1186440678,PWD x SCHUNT,mus x dom,PWD_SCHUNT,SY,5681,42,SCHUNT,SY,8172,37,2018-05-07,5,8,4,4,EX,976,M,F1,1M,5.83,9.66,L2,PWD,SCHUNT,inter subsp. hybrids,9,1,3.138,0.02682051282051282,1245300.3219913146,74.16666666666667,Positive,24906.00643982629,3138,26820.51282051282,667991865.0271358
LM0218,AJX,9,20.4,20.36,-0.1964636542,1.17,Expe005_1b,E64,0.077,125.3,1.87,1.89,75.3,1,0,0,0,0,1,0,0,0,PWD x SCHUNT,mus x dom,PWD_SCHUNT,SY,5681,42,SCHUNT,SY,8172,37,2018-05-07,5,8,4,4,EX,976,M,F1,1M,5.83,9.66,L2,PWD,SCHUNT,inter subsp. hybrids,9,1,3.759,0.048818181818181816,3299.999471589735,74.66666666666667,Positive,65.9999894317947,3759,48818.181818181816,3221999.484079432
LM0218,EFV,1,20.44,20.36,-0.3929273084,NA,Expe005_1b,E64,0.118,47,1.76,1.25,NA,0,NA,NA,NA,NA,NA,NA,NA,0,PWD x SCHUNT,mus x dom,PWD_SCHUNT,SY,5681,42,SCHUNT,SY,8172,37,2018-05-07,5,8,4,4,EX,976,M,F1,1M,5.83,9.66,L2,PWD,SCHUNT,inter subsp. hybrids,9,1,1.41,0.01194915254237288,0,0,Negative,0,1410,11949.152542372882,0
LM0218,AKV,7,20.83,20.36,-2.3084479371,1.78,Expe005_1b,E64,0.074,117.3,1.88,1.35,67.3,0,39,40,34,40,1,38.25,382500,214887.6404494382,PWD x SCHUNT,mus x dom,PWD_SCHUNT,SY,5681,42,SCHUNT,SY,8172,37,2018-05-07,5,8,4,4,EX,976,M,F1,1M,5.83,9.66,L2,PWD,SCHUNT,inter subsp. hybrids,9,1,3.519,0.04755405405405406,335134.03404237045,74.5,Positive,6702.680680847409,3519,47554.05405405405,318739639.4040815
LM0218,MUW,4,20.6,20.36,-1.1787819253,1.57,Expe005_1b,E64,0.13,67.7,1.86,0.63,17.7,0,0,0,0,1,2,0,0,0,PWD x SCHUNT,mus x dom,PWD_SCHUNT,SY,5681,42,SCHUNT,SY,8172,37,2018-05-07,5,8,4,4,EX,976,M,F1,1M,5.83,9.66,L2,PWD,SCHUNT,inter subsp. hybrids,9,1,2.031,0.015623076923076924,207525.90339424045,74.5,Positive,4150.518067884809,2031,15623.076923076922,64843863.04518498
LM0218,AOQ,2,20.75,20.36,-1.9155206287,NA,Expe005_1b,E64,0.116,56.4,1.86,0.75,6.4,0,NA,NA,NA,NA,NA,NA,NA,0,PWD x SCHUNT,mus x dom,PWD_SCHUNT,SY,5681,42,SCHUNT,SY,8172,37,2018-05-07,5,8,4,4,EX,976,M,F1,1M,5.83,9.66,L2,PWD,SCHUNT,inter subsp. hybrids,9,1,1.692,0.014586206896551724,0,0,Negative,0,1692,14586.206896551723,0
LM0218,CGX,3,20.2,20.36,0.7858546169,1.74,Expe005_1b,E64,0.076,93,1.84,2.14,43,0,0,0,0,0,2,0,0,0,PWD x SCHUNT,mus x dom,PWD_SCHUNT,SY,5681,42,SCHUNT,SY,8172,37,2018-05-07,5,8,4,4,EX,976,M,F1,1M,5.83,9.66,L2,PWD,SCHUNT,inter subsp. hybrids,9,1,2.79,0.03671052631578947,792.483220524502,74.5,Positive,15.84966441049004,2790,36710.52631578947,581849.5224377265
LM0218,BOS,5,19.9,20.36,2.2593320236,0.72,Expe005_1b,E64,0.099,28.9,1.83,1.13,NA,1,14,22,9,12,1,14.25,142500,197916.6666666667,PWD x SCHUNT,mus x dom,PWD_SCHUNT,SY,5681,42,SCHUNT,SY,8172,37,2018-05-07,5,8,4,4,EX,976,M,F1,1M,5.83,9.66,L2,PWD,SCHUNT,inter subsp. hybrids,9,1,0.867,0.008757575757575757,111764.54468760517,74.5,Positive,2235.2908937521033,867,8757.575757575758,19575729.342253268
LM0218,GKS,10,20.92,20.36,-2.7504911591,1.28,Expe005_1b,E64,0.182,51.6,1.86,0.96,1.6,0,1,1,1,0,1,0.75,7500,5859.375,PWD x SCHUNT,mus x dom,PWD_SCHUNT,SY,5681,42,SCHUNT,SY,8172,37,2018-05-07,5,8,4,4,EX,976,M,F1,1M,5.83,9.66,L2,PWD,SCHUNT,inter subsp. hybrids,9,1,1.548,0.008505494505494506,39.21898810337616,74.66666666666667,Positive,0.7843797620675232,1548,8505.494505494506,6671.537756486407
LM0219,ABG,3,19.05,19,-0.2631578947,1.65,Expe005_1b,E64,0.096,111.1,1.89,1.31,61.1,0,0,0,0,0,1,0,0,0,SCHUNT x PWD,dom x mus,SCHUNT_PWD,SY,6904,37,PWD,SY,5342,42,2018-03-23,1,7,5,2,EX,721,M,F1,1M,5.37,9.71,P3,SCHUNT,PWD,inter subsp. hybrids,15.4285714286,1,3.333,0.03471875,1631.9626800550634,74.16666666666667,Positive,32.63925360110127,3333,34718.75,1133194.0859632345
LM0219,OXY,4,19.49,19,-2.5789473684,1.57,Expe005_1b,E64,0.147,62.9,1.83,1.88,12.9,0,0,0,0,0,2,0,0,0,SCHUNT x PWD,dom x mus,SCHUNT_PWD,SY,6904,37,PWD,SY,5342,42,2018-03-23,1,7,5,2,EX,721,M,F1,1M,5.37,9.71,P3,SCHUNT,PWD,inter subsp. hybrids,15.4285714286,1,1.887,0.012836734693877552,465900.3338138076,74.5,Positive,9318.00667627615,1887,12836.734693877552,119612779.57913671
LM0219,DFV,10,19.4,19,-2.1052631579,1.78,Expe005_1b,E64,0.103,96.5,1.85,1.01,46.5,1,0,0,0,0,1,0,0,0,SCHUNT x PWD,dom x mus,SCHUNT_PWD,SY,6904,37,PWD,SY,5342,42,2018-03-23,1,7,5,2,EX,721,M,F1,1M,5.37,9.71,P3,SCHUNT,PWD,inter subsp. hybrids,15.4285714286,1,2.895,0.028106796116504854,1253.9024461200672,74.5,Positive,25.078048922401344,2895,28106.796116504855,704863.6080616688
LM0219,EJL,7,20.45,19,-7.6315789474,1.64,Expe005_1b,E64,0.082,75.3,1.92,1.81,25.3,0,65,56,40,48,1,52.25,522500,318597.56097560975,SCHUNT x PWD,dom x mus,SCHUNT_PWD,SY,6904,37,PWD,SY,5342,42,2018-03-23,1,7,5,2,EX,721,M,F1,1M,5.37,9.71,P3,SCHUNT,PWD,inter subsp. hybrids,15.4285714286,1,2.259,0.027548780487804878,196871.48914210818,74.5,Positive,3937.4297828421636,2259,27548.780487804877,108471388.773664
LM0219,ACQ,2,20.39,19,-7.3157894737,NA,Expe005_1b,E64,0.103,22.5,1.88,1.51,NA,1,NA,NA,NA,NA,NA,NA,NA,0,SCHUNT x PWD,dom x mus,SCHUNT_PWD,SY,6904,37,PWD,SY,5342,42,2018-03-23,1,7,5,2,EX,721,M,F1,1M,5.37,9.71,P3,SCHUNT,PWD,inter subsp. hybrids,15.4285714286,1,0.675,0.006553398058252427,0,0,Negative,0,675,6553.398058252427,0
LM0219,ALS,1,20.11,19,-5.8421052632,NA,Expe005_1b,E64,0.113,63.6,1.85,1.63,13.6,0,NA,NA,NA,NA,NA,NA,NA,0,SCHUNT x PWD,dom x mus,SCHUNT_PWD,SY,6904,37,PWD,SY,5342,42,2018-03-23,1,7,5,2,EX,721,M,F1,1M,5.37,9.71,P3,SCHUNT,PWD,inter subsp. hybrids,15.4285714286,1,1.9080000000000001,0.01688495575221239,0,0,Negative,0,1908,16884.95575221239,0
LM0219,CDZ,9,20.66,19,-8.7368421053,1.11,Expe005_1b,E64,0.069,142.1,1.81,1.46,92.1,0,0,0,1,0,1,0,0,0,SCHUNT x PWD,dom x mus,SCHUNT_PWD,SY,6904,37,PWD,SY,5342,42,2018-03-23,1,7,5,2,EX,721,M,F1,1M,5.37,9.71,P3,SCHUNT,PWD,inter subsp. hybrids,15.4285714286,1,4.263,0.06178260869565217,1797.638858317459,74.66666666666667,Positive,35.95277716634918,4263,61782.60869565217,2221256.3631905294
LM0219,CHN,0,19,19,0,1.67,Expe005_1b,E64,0.142,56.6,1.87,1.88,6.6,1,0,0,0,0,1,0,0,0,SCHUNT x PWD,dom x mus,SCHUNT_PWD,SY,6904,37,PWD,SY,5342,42,2018-03-23,1,7,5,2,EX,721,M,F1,1M,5.37,9.71,P3,SCHUNT,PWD,inter subsp. hybrids,15.4285714286,1,1.698,0.01195774647887324,0,0,Negative,0,1698,11957.746478873241,0
LM0219,CER,5,19.03,19,-0.1578947368,0.7,Expe005_1b,E64,0.086,78.6,1.88,2.15,28.6,0,0,1,2,1,1,1,10000,14285.714285714286,SCHUNT x PWD,dom x mus,SCHUNT_PWD,SY,6904,37,PWD,SY,5342,42,2018-03-23,1,7,5,2,EX,721,M,F1,1M,5.37,9.71,P3,SCHUNT,PWD,inter subsp. hybrids,15.4285714286,1,2.358,0.027418604651162793,201670.50090194467,74.5,Positive,4033.4100180388937,2358,27418.604651162794,110590474.68064782
LM0219,TUX,8,20.71,19,-9,1.35,Expe005_1b,E64,0.147,76.2,1.87,1.91,26.2,0,3,1,2,2,1,2,20000,14814.814814814814,SCHUNT x PWD,dom x mus,SCHUNT_PWD,SY,6904,37,PWD,SY,5342,42,2018-03-23,1,7,5,2,EX,721,M,F1,1M,5.37,9.71,P3,SCHUNT,PWD,inter subsp. hybrids,15.4285714286,1,2.286,0.015551020408163266,4901.335288344353,74.5,Positive,98.02670576688706,2286,15551.020408163266,1524415.3019258764
LM0219,CGL,6,20.11,19,-5.8421052632,1.48,Expe005_1b,E64,0.06,43,1.95,1.93,NA,0,213,189,306,284,1,248,2480000,1675675.6756756757,SCHUNT x PWD,dom x mus,SCHUNT_PWD,SY,6904,37,PWD,SY,5342,42,2018-03-23,1,7,5,2,EX,721,M,F1,1M,5.37,9.71,P3,SCHUNT,PWD,inter subsp. hybrids,15.4285714286,1,1.29,0.021500000000000002,3739242.8662900142,74.5,Positive,74784.85732580029,1290,21500,1607874432.5047061
LM0220,EPS,2,20.31,19.72,-2.9918864097,NA,Expe005_1b,E64,0.211,15.7,1.8,1.25,NA,1,NA,NA,NA,NA,NA,NA,NA,0,BUSNA x PWD,mus x mus,BUSNA_PWD,SY,6115,60,PWD,SY,7040,43,2018-04-01,3,4,2,2,EX,754,F,F1,1F,6.6,11.19,L2,BUSNA,PWD,outbred hybrids,14.1428571429,1,0.47100000000000003,0.002232227488151659,0,0,Negative,0,471,2232.2274881516587,0
LM0220,CEJ,9,19.66,19.72,0.3042596349,1.16,Expe005_1b,E64,0.102,67.3,1.92,1.26,17.3,1,0,2,0,1,1,0.75,7500,6465.517241379311,BUSNA x PWD,mus x mus,BUSNA_PWD,SY,6115,60,PWD,SY,7040,43,2018-04-01,3,4,2,2,EX,754,F,F1,1F,6.6,11.19,L2,BUSNA,PWD,outbred hybrids,14.1428571429,1,2.019,0.019794117647058823,1552.58280548728,74.66666666666667,Positive,31.0516561097456,2019,19794.117647058825,614640.1341723173
LM0220,BLW,7,19.1,19.72,3.1440162272,1.02,Expe005_1b,E64,0.049,86.1,1.89,0.66,36.1,0,36,38,38,28,1,35,350000,343137.2549019608,BUSNA x PWD,mus x mus,BUSNA_PWD,SY,6115,60,PWD,SY,7040,43,2018-04-01,3,4,2,2,EX,754,F,F1,1F,6.6,11.19,L2,BUSNA,PWD,outbred hybrids,14.1428571429,1,2.583,0.05271428571428572,274406.2909821718,74.5,Positive,5488.1258196434355,2583,52714.28571428571,289302632.4926325
LM0220,BDM,4,19.38,19.72,1.724137931,1.23,Expe005_1b,E64,0.064,60.1,1.88,1.73,10.1,0,1,1,0,0,1.5,0.5,7500,6097.5609756097565,BUSNA x PWD,mus x mus,BUSNA_PWD,SY,6115,60,PWD,SY,7040,43,2018-04-01,3,4,2,2,EX,754,F,F1,1F,6.6,11.19,L2,BUSNA,PWD,outbred hybrids,14.1428571429,1,1.803,0.028171875,36437.60545504924,74.5,Positive,728.7521091009849,1803,28171.875,20530313.323579308
LM0220,DFL,5,18.19,19.72,7.7586206897,0.74,Expe005_1b,E64,0.059,53.8,1.86,1.98,3.3,0,8,37,17,26,1,22,220000,297297.2972972973,BUSNA x PWD,mus x mus,BUSNA_PWD,SY,6115,60,PWD,SY,7040,43,2018-04-01,3,4,2,2,EX,754,F,F1,1F,6.6,11.19,L2,BUSNA,PWD,outbred hybrids,14.1428571429,1,1.614,0.027355932203389832,5305145.804007529,73.66666666666667,Positive,106102.91608015058,1614,27355.93220338983,2902544178.87056
LM0220,AKR,6,19.2,19.72,2.6369168357,1.21,Expe005_1b,E64,0.077,64.4,1.89,1.39,14.4,0,227,266,329,330,1,288,2880000,2380165.2892561983,BUSNA x PWD,mus x mus,BUSNA_PWD,SY,6115,60,PWD,SY,7040,43,2018-04-01,3,4,2,2,EX,754,F,F1,1F,6.6,11.19,L2,BUSNA,PWD,outbred hybrids,14.1428571429,1,1.9320000000000002,0.025090909090909094,2250673.1524833613,74.5,Positive,45013.463049667225,1932.0000000000002,25090.909090909096,1129428709.246196
LM0220,BQS,10,19.72,19.72,0,0.9,Expe005_1b,E64,0.157,18.8,1.57,0.75,NA,0,2,2,0,1,1,1.25,12500,13888.888888888889,BUSNA x PWD,mus x mus,BUSNA_PWD,SY,6115,60,PWD,SY,7040,43,2018-04-01,3,4,2,2,EX,754,F,F1,1F,6.6,11.19,L2,BUSNA,PWD,outbred hybrids,14.1428571429,1,0.5640000000000001,0.0035923566878980897,0,0,Negative,0,564,3592.356687898089,0
LM0220,MRU,8,19.69,19.72,0.1521298174,1.44,Expe005_1b,E64,0.149,71.1,1.9,1.75,21.1,0,2,2,3,2,2.5,2.25,56250,39062.5,BUSNA x PWD,mus x mus,BUSNA_PWD,SY,6115,60,PWD,SY,7040,43,2018-04-01,3,4,2,2,EX,754,F,F1,1F,6.6,11.19,L2,BUSNA,PWD,outbred hybrids,14.1428571429,1,2.133,0.014315436241610737,10354.518326299112,74.33333333333333,Positive,207.09036652598223,2133,14315.43624161074,2964588.9382544975
LM0220,AGO,0,19.72,19.72,0,1.41,Expe005_1b,E64,0.084,80.6,1.84,0.83,30.6,0,0,0,0,0,1,0,0,0,BUSNA x PWD,mus x mus,BUSNA_PWD,SY,6115,60,PWD,SY,7040,43,2018-04-01,3,4,2,2,EX,754,F,F1,1F,6.6,11.19,L2,BUSNA,PWD,outbred hybrids,14.1428571429,1,2.418,0.028785714285714286,0,0,Negative,0,2418,28785.714285714283,0
LM0220,DGN,1,19.99,19.72,-1.369168357,NA,Expe005_1b,E64,0.129,21.9,1.99,0.83,NA,0,NA,NA,NA,NA,NA,NA,NA,0,BUSNA x PWD,mus x mus,BUSNA_PWD,SY,6115,60,PWD,SY,7040,43,2018-04-01,3,4,2,2,EX,754,F,F1,1F,6.6,11.19,L2,BUSNA,PWD,outbred hybrids,14.1428571429,1,0.657,0.005093023255813954,0,0,Negative,0,657,5093.023255813953,0
LM0220,CIM,3,19,19.72,3.6511156187,1.4,Expe005_1b,E64,0.057,85.6,1.73,1.57,35.6,0,0,0,0,0,2.5,0,0,0,BUSNA x PWD,mus x mus,BUSNA_PWD,SY,6115,60,PWD,SY,7040,43,2018-04-01,3,4,2,2,EX,754,F,F1,1F,6.6,11.19,L2,BUSNA,PWD,outbred hybrids,14.1428571429,1,2.568,0.04505263157894737,650.9597526063333,74.5,Positive,13.019195052126666,2568,45052.63157894737,586548.9981379171
LM0221,BFN,8,18.63,19.73,5.5752660922,1.45,Expe005_1b,E64,0.082,56.7,1.88,1.1,6.7,1,3,3,4,3,1,3.25,32500,22413.793103448275,Schweben 2,dom,SCHUNT_SCHUNT,SY,7907,37,SCHUNT,SY,7904,37,2018-05-01,3,6,5,1,EX,922,M,38,1M,5.51,9.03,L4,SCHUNT,SCHUNT,parental strains,9.8571428571,1,1.701,0.02074390243902439,305865.0859378489,74.5,Positive,6117.301718756978,1701,20743.90243902439,126896710.04397096
LM0221,KNV,10,18.72,19.73,5.1191079574,1.06,Expe005_1b,E64,0.097,75.1,1.83,1.75,25.1,0,0,0,0,0,1,0,0,0,Schweben 2,dom,SCHUNT_SCHUNT,SY,7907,37,SCHUNT,SY,7904,37,2018-05-01,3,6,5,1,EX,922,M,38,1M,5.51,9.03,L4,SCHUNT,SCHUNT,parental strains,9.8571428571,1,2.253,0.02322680412371134,1184.5799922321057,74.5,Positive,23.691599844642113,2253,23226.80412371134,550280.1489688524
LM0221,HOZ,6,18.45,19.73,6.4875823619,0.9,Expe005_1b,E64,0.049,142.6,1.89,2.02,92.6,0,14,14,26,29,1,20.75,207500,230555.55555555556,Schweben 2,dom,SCHUNT_SCHUNT,SY,7907,37,SCHUNT,SY,7904,37,2018-05-01,3,6,5,1,EX,922,M,38,1M,5.51,9.03,L4,SCHUNT,SCHUNT,parental strains,9.8571428571,1,4.2780000000000005,0.0873061224489796,1082322.7515934566,74.5,Positive,21646.455031869133,4278,87306.12244897959,1889868053.5986967
LM0221,GTU,7,18.91,19.73,4.1561074506,1.3,Expe005_1b,E64,0.122,120.3,1.84,1.01,70.3,1,85,60,70,73,1,72,720000,553846.1538461539,Schweben 2,dom,SCHUNT_SCHUNT,SY,7907,37,SCHUNT,SY,7904,37,2018-05-01,3,6,5,1,EX,922,M,38,1M,5.51,9.03,L4,SCHUNT,SCHUNT,parental strains,9.8571428571,1,3.609,0.029581967213114756,379018.36361347267,74.5,Positive,7580.367272269454,3609,29581.967213114756,224242176.1116431
LM0221,QUX,5,18.85,19.73,4.4602128738,0.48,Expe005_1b,E64,0.122,121.7,1.84,2.33,71.7,1,4,3,9,3,1,4.75,47500,98958.33333333334,Schweben 2,dom,SCHUNT_SCHUNT,SY,7907,37,SCHUNT,SY,7904,37,2018-05-01,3,6,5,1,EX,922,M,38,1M,5.51,9.03,L4,SCHUNT,SCHUNT,parental strains,9.8571428571,1,3.6510000000000002,0.029926229508196723,955628.8805571042,74.5,Positive,19112.577611142086,3651,29926.22950819672,571967384.0842602
LM0221,OTW,1,19.58,19.73,0.760263558,NA,Expe005_1b,E64,0.168,68.6,1.82,1.49,18.6,0,NA,NA,NA,NA,NA,NA,NA,0,Schweben 2,dom,SCHUNT_SCHUNT,SY,7907,37,SCHUNT,SY,7904,37,2018-05-01,3,6,5,1,EX,922,M,38,1M,5.51,9.03,L4,SCHUNT,SCHUNT,parental strains,9.8571428571,1,2.058,0.012249999999999999,0,0,Negative,0,2058,12250,0
LM0221,FQS,0,19.73,19.73,0,1.54,Expe005_1b,E64,0.12,78.2,1.9,1.82,28.2,1,0,0,0,0,1,0,0,0,Schweben 2,dom,SCHUNT_SCHUNT,SY,7907,37,SCHUNT,SY,7904,37,2018-05-01,3,6,5,1,EX,922,M,38,1M,5.51,9.03,L4,SCHUNT,SCHUNT,parental strains,9.8571428571,1,2.346,0.01955,0,0,Negative,0,2346,19550,0
LM0221,AQR,3,19.16,19.73,2.8890015205,1.05,Expe005_1b,E64,0.161,99.5,1.86,1.35,49.5,1,0,0,0,0,1,0,0,0,Schweben 2,dom,SCHUNT_SCHUNT,SY,7907,37,SCHUNT,SY,7904,37,2018-05-01,3,6,5,1,EX,922,M,38,1M,5.51,9.03,L4,SCHUNT,SCHUNT,parental strains,9.8571428571,1,2.985,0.018540372670807454,6354.49368765797,74.5,Positive,127.08987375315941,2985,18540.372670807454,2356293.6220694464
LM0221,PQU,4,19.9,19.73,-0.8616320324,1.3,Expe005_1b,E64,0.139,76.7,1.9,2.09,26.7,1,0,0,0,0,2,0,0,0,Schweben 2,dom,SCHUNT_SCHUNT,SY,7907,37,SCHUNT,SY,7904,37,2018-05-01,3,6,5,1,EX,922,M,38,1M,5.51,9.03,L4,SCHUNT,SCHUNT,parental strains,9.8571428571,1,2.301,0.016553956834532375,272951.4859853578,74.5,Positive,5459.029719707156,2301,16553.95683453237,90368542.33846161
LM0221,LTV,9,18.4,19.73,6.7410035479,1.04,Expe005_1b,E64,0.088,86,1.88,1.09,36,1,3,1,2,1,1,1.75,17500,16826.923076923078,Schweben 2,dom,SCHUNT_SCHUNT,SY,7907,37,SCHUNT,SY,7904,37,2018-05-01,3,6,5,1,EX,922,M,38,1M,5.51,9.03,L4,SCHUNT,SCHUNT,parental strains,9.8571428571,1,2.58,0.02931818181818182,1813.9689546931872,74.5,Positive,36.279379093863746,2580,29318.18181818182,1063645.4325246417
LM0221,DEI,2,20.02,19.73,-1.4698428789,NA,Expe005_1b,E64,0.127,114.4,1.91,1.23,64.4,0,NA,NA,NA,NA,NA,NA,NA,0,Schweben 2,dom,SCHUNT_SCHUNT,SY,7907,37,SCHUNT,SY,7904,37,2018-05-01,3,6,5,1,EX,922,M,38,1M,5.51,9.03,L4,SCHUNT,SCHUNT,parental strains,9.8571428571,1,3.432,0.027023622047244095,201.25562080039495,74.5,Positive,4.025112416007899,3432,27023.622047244095,108773.11662786701
LM0222,HJN,7,21.91,23.99,8.670279283,1.27,Expe005_1b,E64,0.201,83.8,1.91,2.23,33.8,1,168,139,165,157,1,157.25,1572500,1238188.9763779528,STRA x BUSNA,dom x mus,STRA_BUSNA,SY,6346,55,BUSNA,SY,6111,60,2018-03-07,2,5,2,3,EX,659,M,F1,1M,7.57,10.51,P3,STRA,BUSNA,inter subsp. hybrids,17.7142857143,1,2.5140000000000002,0.012507462686567165,189309.97427977057,74.5,Positive,3786.1994855954113,2514,12507.462686567163,47355748.7899844
LM0222,CRW,0,23.99,23.99,0,2.47,Expe005_1b,E64,0.12,52.1,1.8,0.34,2.1,1,0,0,0,0,1,0,0,0,STRA x BUSNA,dom x mus,STRA_BUSNA,SY,6346,55,BUSNA,SY,6111,60,2018-03-07,2,5,2,3,EX,659,M,F1,1M,7.57,10.51,P3,STRA,BUSNA,inter subsp. hybrids,17.7142857143,1,1.563,0.013025,0,0,Negative,0,1563,13025,0
LM0222,AKQ,6,21.38,23.99,10.8795331388,0.87,Expe005_1b,E64,0.126,62.5,1.9,0.64,12.5,0,20,30,16,26,1,23,230000,264367.816091954,STRA x BUSNA,dom x mus,STRA_BUSNA,SY,6346,55,BUSNA,SY,6111,60,2018-03-07,2,5,2,3,EX,659,M,F1,1M,7.57,10.51,P3,STRA,BUSNA,inter subsp. hybrids,17.7142857143,1,1.875,0.01488095238095238,1001891.05208628,74.16666666666667,Positive,20037.821041725598,1875,14880.952380952382,298181860.73996425
LM0222,FVX,8,23.38,23.99,2.5427261359,1.5,Expe005_1b,E64,0.126,118.3,1.91,2.4,68.3,0,23,11,14,18,1,16.5,165000,110000,STRA x BUSNA,dom x mus,STRA_BUSNA,SY,6346,55,BUSNA,SY,6111,60,2018-03-07,2,5,2,3,EX,659,M,F1,1M,7.57,10.51,P3,STRA,BUSNA,inter subsp. hybrids,17.7142857143,1,3.549,0.028166666666666666,19763.25488685566,74.5,Positive,395.2650977371132,3549,28166.666666666668,11133300.25292869
LM0222,FIU,5,21.62,23.99,9.8791162985,0.54,Expe005_1b,E64,0.094,77.3,1.89,1.92,27.3,1,2,4,3,3,1,3,30000,55555.555555555555,STRA x BUSNA,dom x mus,STRA_BUSNA,SY,6346,55,BUSNA,SY,6111,60,2018-03-07,2,5,2,3,EX,659,M,F1,1M,7.57,10.51,P3,STRA,BUSNA,inter subsp. hybrids,17.7142857143,1,2.319,0.024670212765957447,1756663.6041777045,74.5,Positive,35133.27208355409,2319,24670.212765957447,866745297.4655524
LM0222,JMZ,9,23.71,23.99,1.1671529804,1.36,Expe005_1b,E64,0.146,73.8,1.81,2.08,23.8,1,5,4,11,7,1,6.75,67500,49632.35294117647,STRA x BUSNA,dom x mus,STRA_BUSNA,SY,6346,55,BUSNA,SY,6111,60,2018-03-07,2,5,2,3,EX,659,M,F1,1M,7.57,10.51,P3,STRA,BUSNA,inter subsp. hybrids,17.7142857143,1,2.214,0.015164383561643836,1134.8506294942076,74.5,Positive,22.697012589884153,2214,15164.383561643837,344186.20461646246
LM0222,IJU,4,22.35,23.99,6.8361817424,0.92,Expe005_1b,E64,0.328,1.8,2.52,0.36,NA,1,0,1,1,0,1,0.5,5000,5434.782608695652,STRA x BUSNA,dom x mus,STRA_BUSNA,SY,6346,55,BUSNA,SY,6111,60,2018-03-07,2,5,2,3,EX,659,M,F1,1M,7.57,10.51,P3,STRA,BUSNA,inter subsp. hybrids,17.7142857143,1,0.054,1.6463414634146343e-4,4293.9579051996225,74.66666666666667,Positive,85.87915810399245,54,164.6341463414634,14138.641882974367
LM0222,BIN,3,22.48,23.99,6.2942892872,1.3,Expe005_1b,E64,0.119,3.7,1.49,0.41,NA,0,0,0,0,0,1.5,0,0,0,STRA x BUSNA,dom x mus,STRA_BUSNA,SY,6346,55,BUSNA,SY,6111,60,2018-03-07,2,5,2,3,EX,659,M,F1,1M,7.57,10.51,P3,STRA,BUSNA,inter subsp. hybrids,17.7142857143,1,0.111,9.327731092436974e-4,0,0,Negative,0,111,932.7731092436975,0
LM0222,DGM,2,23.83,23.99,0.6669445602,NA,Expe005_1b,E64,0.123,12.3,1.85,1.08,NA,1,NA,NA,NA,NA,NA,NA,NA,0,STRA x BUSNA,dom x mus,STRA_BUSNA,SY,6346,55,BUSNA,SY,6111,60,2018-03-07,2,5,2,3,EX,659,M,F1,1M,7.57,10.51,P3,STRA,BUSNA,inter subsp. hybrids,17.7142857143,1,0.369,0.003,0,0,Negative,0,369,3000,0
LM0222,PQV,1,23.86,23.99,0.5418924552,NA,Expe005_1b,E64,0.12,49.7,1.88,2.09,NA,0,NA,NA,NA,NA,NA,NA,NA,0,STRA x BUSNA,dom x mus,STRA_BUSNA,SY,6346,55,BUSNA,SY,6111,60,2018-03-07,2,5,2,3,EX,659,M,F1,1M,7.57,10.51,P3,STRA,BUSNA,inter subsp. hybrids,17.7142857143,1,1.491,0.012425,0,0,Negative,0,1491,12425,0
LM0222,BQX,10,23.87,23.99,0.5002084202,1.1,Expe005_1b,E64,0.139,57.6,1.84,1.65,7.6,1,0,0,0,0,1,0,0,0,STRA x BUSNA,dom x mus,STRA_BUSNA,SY,6346,55,BUSNA,SY,6111,60,2018-03-07,2,5,2,3,EX,659,M,F1,1M,7.57,10.51,P3,STRA,BUSNA,inter subsp. hybrids,17.7142857143,1,1.728,0.012431654676258992,296.2229760320564,74.5,Positive,5.924459520641128,1728,12431.654676258991,73650.83490408538
LM0223,QVW,9,22.06,20.73,-6.4158224795,0.78,Expe005_1b,E64,0.083,138.7,1.84,2.21,88.7,1,0,0,0,0,1,0,0,0,Schweben 2,dom,SCHUNT_SCHUNT,SY,5726,36,SCHUNT,SY,5725,36,2018-04-13,5,5,2,3,EX,822,M,37,1M,6.5,10.5,L3,SCHUNT,SCHUNT,parental strains,12.4285714286,1,4.1610000000000005,0.05013253012048193,1593.6287137432118,74.5,Positive,31.872574274864238,4161,50132.530120481926,1597852.7898519288
LM0223,RXY,0,20.73,20.73,0,2.44,Expe005_1b,E64,0.12,56.8,1.79,0.27,6.8,1,0,0,0,0,1,0,0,0,Schweben 2,dom,SCHUNT_SCHUNT,SY,5726,36,SCHUNT,SY,5725,36,2018-04-13,5,5,2,3,EX,822,M,37,1M,6.5,10.5,L3,SCHUNT,SCHUNT,parental strains,12.4285714286,1,1.704,0.014199999999999999,0,0,Negative,0,1704,14200,0
LM0223,KOQ,1,21.41,20.73,-3.2802701399,NA,Expe005_1b,E64,0.208,75.7,1.81,1.46,25.7,1,NA,NA,NA,NA,NA,NA,NA,0,Schweben 2,dom,SCHUNT_SCHUNT,SY,5726,36,SCHUNT,SY,5725,36,2018-04-13,5,5,2,3,EX,822,M,37,1M,6.5,10.5,L3,SCHUNT,SCHUNT,parental strains,12.4285714286,1,2.271,0.01091826923076923,271.1410694840022,74.33333333333333,Positive,5.422821389680044,2271,10918.26923076923,59207.82392290086
LM0223,BWY,6,21.57,20.73,-4.0520984081,1.17,Expe005_1b,E64,0.043,95.9,1.89,1.67,45.9,0,8,7,5,8,1,7,70000,59829.059829059835,Schweben 2,dom,SCHUNT_SCHUNT,SY,5726,36,SCHUNT,SY,5725,36,2018-04-13,5,5,2,3,EX,822,M,37,1M,6.5,10.5,L3,SCHUNT,SCHUNT,parental strains,12.4285714286,1,2.8770000000000002,0.06690697674418605,1615794.508700906,74.5,Positive,32315.89017401812,2877,66906.97674418605,2162158512.3407006
LM0223,FGK,4,21.42,20.73,-3.3285094067,1.1,Expe005_1b,E64,0.103,101.3,1.92,2.15,51.3,0,1,1,0,2,1,1,10000,9090.90909090909,Schweben 2,dom,SCHUNT_SCHUNT,SY,5726,36,SCHUNT,SY,5725,36,2018-04-13,5,5,2,3,EX,822,M,37,1M,6.5,10.5,L3,SCHUNT,SCHUNT,parental strains,12.4285714286,1,3.039,0.02950485436893204,277959.36370647396,74.5,Positive,5559.187274129479,3039,29504.85436893204,164023010.93281054
LM0223,AIR,5,21.4,20.73,-3.2320308731,0.65,Expe005_1b,E64,0.06,140.5,1.89,2.12,90.5,0,4,2,3,5,1,3.5,35000,53846.153846153844,Schweben 2,dom,SCHUNT_SCHUNT,SY,5726,36,SCHUNT,SY,5725,36,2018-04-13,5,5,2,3,EX,822,M,37,1M,6.5,10.5,L3,SCHUNT,SCHUNT,parental strains,12.4285714286,1,4.215,0.07024999999999999,2048090.5470000594,74.5,Positive,40961.81094000119,4215,70250,2877567218.5350833
LM0223,AGM,2,21.77,20.73,-5.0168837434,NA,Expe005_1b,E64,0.149,154.4,1.75,3.36,104.4,1,NA,NA,NA,NA,NA,NA,NA,0,Schweben 2,dom,SCHUNT_SCHUNT,SY,5726,36,SCHUNT,SY,5725,36,2018-04-13,5,5,2,3,EX,822,M,37,1M,6.5,10.5,L3,SCHUNT,SCHUNT,parental strains,12.4285714286,1,4.632,0.03108724832214765,0,0,Negative,0,4632,31087.248322147654,0
LM0223,JLW,7,21.9,20.73,-5.6439942113,1.42,Expe005_1b,E64,0.061,119.7,1.89,2.48,69.7,0,11,7,5,8,2,7.75,155000,109154.92957746479,Schweben 2,dom,SCHUNT_SCHUNT,SY,5726,36,SCHUNT,SY,5725,36,2018-04-13,5,5,2,3,EX,822,M,37,1M,6.5,10.5,L3,SCHUNT,SCHUNT,parental strains,12.4285714286,1,3.591,0.058868852459016394,241943.00805631105,74.5,Positive,4838.860161126221,3591,58868.852459016394,284858144.8951518
LM0223,AOU,3,20.46,20.73,1.3024602026,1.13,Expe005_1b,E64,0.106,94.5,1.88,1.03,44.5,1,0,0,0,0,2,0,0,0,Schweben 2,dom,SCHUNT_SCHUNT,SY,5726,36,SCHUNT,SY,5725,36,2018-04-13,5,5,2,3,EX,822,M,37,1M,6.5,10.5,L3,SCHUNT,SCHUNT,parental strains,12.4285714286,1,2.835,0.026745283018867923,1960.0909791481442,74.5,Positive,39.201819582962884,2835,26745.283018867925,1048463.7596009413
LM0223,ALQ,8,21.24,20.73,-2.4602026049,0.95,Expe005_1b,E64,0.093,51.8,1.94,1.59,1.8,1,1,1,0,0,1,0.5,5000,5263.1578947368425,Schweben 2,dom,SCHUNT_SCHUNT,SY,5726,36,SCHUNT,SY,5725,36,2018-04-13,5,5,2,3,EX,822,M,37,1M,6.5,10.5,L3,SCHUNT,SCHUNT,parental strains,12.4285714286,1,1.554,0.016709677419354838,1752.9009816443863,74.5,Positive,35.05801963288773,1554,16709.677419354837,585808.1990269626
LM0223,UXY,10,22.28,20.73,-7.4770863483,0.93,Expe005_1b,E64,0.164,115.8,1.91,2.07,65.8,1,2,0,1,0,1,0.75,7500,8064.516129032258,Schweben 2,dom,SCHUNT_SCHUNT,SY,5726,36,SCHUNT,SY,5725,36,2018-04-13,5,5,2,3,EX,822,M,37,1M,6.5,10.5,L3,SCHUNT,SCHUNT,parental strains,12.4285714286,1,3.474,0.021182926829268294,0,0,Negative,0,3474,21182.92682926829,0
LM0224,NOV,8,20.78,19.21,-8.1728266528,1.52,Expe005_1b,E64,0.114,54.8,1.86,2.65,4.8,0,1,3,3,1,1,2,20000,13157.894736842105,BUSNA x PWD,mus x mus,BUSNA_PWD,SY,6115,60,PWD,SY,7040,43,2018-04-01,3,4,2,2,EX,753,M,F1,1M,6.55,11.17,P3,BUSNA,PWD,outbred hybrids,14.1428571429,1,1.6440000000000001,0.014421052631578949,75540.56227292909,74.16666666666667,Positive,1510.8112454585819,1644,14421.052631578947,21787488.48713955
LM0224,IMR,6,18.09,19.21,5.8302967205,1.29,Expe005_1b,E64,0.099,98.9,1.89,1.43,48.9,1,21,20,25,24,1,22.5,225000,174418.60465116278,BUSNA x PWD,mus x mus,BUSNA_PWD,SY,6115,60,PWD,SY,7040,43,2018-04-01,3,4,2,2,EX,753,M,F1,1M,6.55,11.17,P3,BUSNA,PWD,outbred hybrids,14.1428571429,1,2.967,0.02996969696969697,1669613.374506243,74.33333333333333,Positive,33392.26749012486,2967,29969.696969696968,1000756137.8101057
LM0224,BNY,10,19.63,19.21,-2.1863612702,1.75,Expe005_1b,E64,0.137,88.7,1.87,2.06,38.7,0,2,1,0,0,1,0.75,7500,4285.714285714285,BUSNA x PWD,mus x mus,BUSNA_PWD,SY,6115,60,PWD,SY,7040,43,2018-04-01,3,4,2,2,EX,753,M,F1,1M,6.55,11.17,P3,BUSNA,PWD,outbred hybrids,14.1428571429,1,2.661,0.019423357664233577,958.1181391825203,74.5,Positive,19.162362783650405,2661,19423.357664233576,372197.4260386403
LM0224,GTX,4,18.9,19.21,1.6137428423,2.01,Expe005_1b,E64,0.117,1.4,2.9,0.03,NA,1,2,2,3,3,1,2.5,25000,12437.810945273633,BUSNA x PWD,mus x mus,BUSNA_PWD,SY,6115,60,PWD,SY,7040,43,2018-04-01,3,4,2,2,EX,753,M,F1,1M,6.55,11.17,P3,BUSNA,PWD,outbred hybrids,14.1428571429,1,0.042,3.58974358974359e-4,6042.486985957356,74.5,Positive,120.84973971914712,42,358.97435897435895,43381.957847898964
LM0224,FMY,2,19.92,19.21,-3.695991671,NA,Expe005_1b,E64,0.075,88.4,1.93,0.47,38.4,0,NA,NA,NA,NA,NA,NA,NA,0,BUSNA x PWD,mus x mus,BUSNA_PWD,SY,6115,60,PWD,SY,7040,43,2018-04-01,3,4,2,2,EX,753,M,F1,1M,6.55,11.17,P3,BUSNA,PWD,outbred hybrids,14.1428571429,1,2.652,0.03536,120.45422884978909,74.5,Positive,2.409084576995782,2652,35360,85185.23064257085
LM0224,OPS,7,19.89,19.21,-3.5398230088,1.55,Expe005_1b,E64,0.091,102.3,1.89,2.35,52.3,0,11,11,18,13,1,13.25,132500,85483.87096774194,BUSNA x PWD,mus x mus,BUSNA_PWD,SY,6115,60,PWD,SY,7040,43,2018-04-01,3,4,2,2,EX,753,M,F1,1M,6.55,11.17,P3,BUSNA,PWD,outbred hybrids,14.1428571429,1,3.069,0.03372527472527472,729839.6631677843,74.5,Positive,14596.793263355687,3069,33725.27472527473,492280862.91471
LM0224,AMW,9,19.56,19.21,-1.8219677251,1.96,Expe005_1b,E64,0.125,92.7,1.92,1.36,42.7,1,0,2,1,2,1,1.25,12500,6377.551020408164,BUSNA x PWD,mus x mus,BUSNA_PWD,SY,6115,60,PWD,SY,7040,43,2018-04-01,3,4,2,2,EX,753,M,F1,1M,6.55,11.17,P3,BUSNA,PWD,outbred hybrids,14.1428571429,1,2.781,0.022248,8625.35312782739,74.5,Positive,172.5070625565478,2781,22248,3837937.1277580755
LM0224,KVZ,0,19.21,19.21,0,1.64,Expe005_1b,E64,0.091,40,1.91,0.75,NA,0,0,0,0,0,1,0,0,0,BUSNA x PWD,mus x mus,BUSNA_PWD,SY,6115,60,PWD,SY,7040,43,2018-04-01,3,4,2,2,EX,753,M,F1,1M,6.55,11.17,P3,BUSNA,PWD,outbred hybrids,14.1428571429,1,1.2,0.013186813186813187,0,0,Negative,0,1200,13186.813186813188,0
LM0224,EGN,3,17.97,19.21,6.4549713691,1.4,Expe005_1b,E64,0.114,60.1,1.8,0.25,10.1,0,0,0,0,0,1,0,0,0,BUSNA x PWD,mus x mus,BUSNA_PWD,SY,6115,60,PWD,SY,7040,43,2018-04-01,3,4,2,2,EX,753,M,F1,1M,6.55,11.17,P3,BUSNA,PWD,outbred hybrids,14.1428571429,1,1.803,0.01581578947368421,1064.8682721520202,74.5,Positive,21.297365443040402,1803,15815.78947368421,336834.6481912442
LM0224,EIL,5,18.41,19.21,4.1644976575,0.78,Expe005_1b,E64,0.184,55.6,1.91,1.81,5.6,0,6,6,1,4,1,4.25,42500,54487.179487179485,BUSNA x PWD,mus x mus,BUSNA_PWD,SY,6115,60,PWD,SY,7040,43,2018-04-01,3,4,2,2,EX,753,M,F1,1M,6.55,11.17,P3,BUSNA,PWD,outbred hybrids,14.1428571429,1,1.668,0.009065217391304347,3390455.141336376,74.16666666666667,Positive,67809.10282672751,1668,9065.217391304348,614704258.233595
LM0224,EMQ,1,19.96,19.21,-3.9042165539,NA,Expe005_1b,E64,0.118,25.6,1.84,1.53,NA,0,NA,NA,NA,NA,NA,NA,NA,0,BUSNA x PWD,mus x mus,BUSNA_PWD,SY,6115,60,PWD,SY,7040,43,2018-04-01,3,4,2,2,EX,753,M,F1,1M,6.55,11.17,P3,BUSNA,PWD,outbred hybrids,14.1428571429,1,0.768,0.006508474576271186,0,0,Negative,0,768,6508.474576271186,0
LM0225,DUX,1,27.75,28.05,1.0695187166,NA,Expe005_1b,E64,0.218,16.1,1.43,1.37,NA,0,NA,NA,NA,NA,NA,NA,NA,0,Straas2,dom,STRA_STRA,SY,4827,55,STRA,SY,4823,55,2018-04-03,3,7,2,5,EX,774,M,56,1M,7.36,12.51,P3,STRA,STRA,parental strains,13.8571428571,1,0.48300000000000004,0.0022155963302752297,23.367729196302836,74.5,Positive,0.4673545839260567,483.00000000000006,2215.59633027523,1035.469101083878
LM0225,NTY,4,27.81,28.05,0.8556149733,2.15,Expe005_1b,E64,0.162,71.2,1.77,0.89,21.2,1,0,0,1,0,1,0,0,0,Straas2,dom,STRA_STRA,SY,4827,55,STRA,SY,4823,55,2018-04-03,3,7,2,5,EX,774,M,56,1M,7.36,12.51,P3,STRA,STRA,parental strains,13.8571428571,1,2.136,0.013185185185185185,968275.0625033779,74.5,Positive,19365.50125006756,2136,13185.185185185184,255337720.18607593
LM0225,ELY,2,28.64,28.05,-2.1033868093,NA,Expe005_1b,E64,0.171,66.4,1.89,0.47,16.4,1,NA,NA,NA,NA,NA,NA,NA,0,Straas2,dom,STRA_STRA,SY,4827,55,STRA,SY,4823,55,2018-04-03,3,7,2,5,EX,774,M,56,1M,7.36,12.51,P3,STRA,STRA,parental strains,13.8571428571,1,1.9920000000000002,0.011649122807017544,157.14388053295025,74.33333333333333,Positive,3.142877610659005,1992.0000000000002,11649.122807017544,36611.76725399262
LM0225,WXZ,9,28.97,28.05,-3.2798573975,1.18,Expe005_1b,E64,0.075,109.3,1.9,2.29,59.3,1,0,0,0,1,1,0,0,0,Straas2,dom,STRA_STRA,SY,4827,55,STRA,SY,4823,55,2018-04-03,3,7,2,5,EX,774,M,56,1M,7.36,12.51,P3,STRA,STRA,parental strains,13.8571428571,1,3.279,0.04372,2260.021216694533,74.5,Positive,45.20042433389066,3279,43720,1976162.5518776996
LM0225,GIL,6,27.58,28.05,1.6755793226,1.82,Expe005_1b,E64,0.077,126.3,1.9,2.09,76.3,1,11,5,10,8,2,8.5,170000,93406.5934065934,Straas2,dom,STRA_STRA,SY,4827,55,STRA,SY,4823,55,2018-04-03,3,7,2,5,EX,774,M,56,1M,7.36,12.51,P3,STRA,STRA,parental strains,13.8571428571,1,3.789,0.04920779220779221,843386.8580448366,74.5,Positive,16867.73716089673,3789,49207.792207792205,830024105.2290611
LM0225,OQX,5,27,28.05,3.743315508,1.12,Expe005_1b,E64,0.234,120.5,1.87,2.08,70.5,1,3,11,4,11,1,7.25,72500,64732.14285714285,Straas2,dom,STRA_STRA,SY,4827,55,STRA,SY,4823,55,2018-04-03,3,7,2,5,EX,774,M,56,1M,7.36,12.51,P3,STRA,STRA,parental strains,13.8571428571,1,3.615,0.01544871794871795,8803625.28516392,74.5,Positive,176072.5057032784,3615,15448.717948717947,2720094479.1339803
LM0225,MWX,7,28.57,28.05,-1.8538324421,1.25,Expe005_1b,E64,0.063,131.3,1.88,2.35,81.3,0,19,20,22,29,1,22.5,225000,180000,Straas2,dom,STRA_STRA,SY,4827,55,STRA,SY,4823,55,2018-04-03,3,7,2,5,EX,774,M,56,1M,7.36,12.51,P3,STRA,STRA,parental strains,13.8571428571,1,3.9390000000000005,0.06252380952380954,579816.8851094876,74.5,Positive,11596.337702189752,3939.0000000000005,62523.809523809534,725047209.6654832
LM0225,BHY,10,28.64,28.05,-2.1033868093,1.01,Expe005_1b,E64,0.196,106.4,1.87,1.79,56.4,1,0,0,1,0,1,0,0,0,Straas2,dom,STRA_STRA,SY,4827,55,STRA,SY,4823,55,2018-04-03,3,7,2,5,EX,774,M,56,1M,7.36,12.51,P3,STRA,STRA,parental strains,13.8571428571,1,3.192,0.016285714285714285,5691.175795384576,74.5,Positive,113.82351590769153,3192,16285.714285714284,1853697.259068119
LM0225,GLO,3,30.2,28.05,-7.6648841355,1.59,Expe005_1b,E64,0.366,71.2,1.85,0.9,21.2,1,0,0,0,0,1,0,0,0,Straas2,dom,STRA_STRA,SY,4827,55,STRA,SY,4823,55,2018-04-03,3,7,2,5,EX,774,M,56,1M,7.36,12.51,P3,STRA,STRA,parental strains,13.8571428571,1,2.136,0.005836065573770492,3298.2285701856945,74.5,Positive,65.96457140371389,2136,5836.065573770492,384973.5642577401
LM0225,FGT,0,28.05,28.05,0,1.28,Expe005_1b,E64,0.074,129.8,1.86,2.05,79.8,0,0,0,0,0,1,0,0,0,Straas2,dom,STRA_STRA,SY,4827,55,STRA,SY,4823,55,2018-04-03,3,7,2,5,EX,774,M,56,1M,7.36,12.51,P3,STRA,STRA,parental strains,13.8571428571,1,3.8940000000000006,0.05262162162162163,0,0,Negative,0,3894.0000000000005,52621.62162162163,0
LM0225,AGH,8,29.04,28.05,-3.5294117647,1.2,Expe005_1b,E64,0.154,157.3,1.91,2.31,107.3,1,0,2,2,0,1,1,10000,8333.333333333334,Straas2,dom,STRA_STRA,SY,4827,55,STRA,SY,4823,55,2018-04-03,3,7,2,5,EX,774,M,56,1M,7.36,12.51,P3,STRA,STRA,parental strains,13.8571428571,1,4.719,0.030642857142857145,9883.605942190508,74.5,Positive,197.67211884381015,4719,30642.857142857145,6057238.498856754
LM0226,EFW,8,15.96,15.16,-5.2770448549,1.52,Expe005_1b,E64,0.149,111.6,1.93,2.31,61.6,1,4,1,1,2,1,2,20000,13157.894736842105,Schweben 2,dom,SCHUNT_SCHUNT,SY,5726,36,SCHUNT,SY,5725,36,2018-04-13,5,5,2,3,EX,825,F,37,1F,5.56,9.42,P2,SCHUNT,SCHUNT,parental strains,12.4285714286,1,3.348,0.02246979865771812,85636.78622796525,74.5,Positive,1712.735724559305,3348,22469.798657718122,38484826.88472854
LM0226,BXY,1,15.24,15.16,-0.5277044855,NA,Expe005_1b,E64,0.126,44.4,1.87,1.27,NA,0,NA,NA,NA,NA,NA,NA,NA,0,Schweben 2,dom,SCHUNT_SCHUNT,SY,5726,36,SCHUNT,SY,5725,36,2018-04-13,5,5,2,3,EX,825,F,37,1F,5.56,9.42,P2,SCHUNT,SCHUNT,parental strains,12.4285714286,1,1.332,0.010571428571428572,0,0,Negative,0,1332,10571.42857142857,0
LM0226,EFJ,9,15.77,15.16,-4.0237467018,1.66,Expe005_1b,E64,0.173,109.4,1.87,2.39,59.4,1,5,3,3,3,1,3.5,35000,21084.337349397592,Schweben 2,dom,SCHUNT_SCHUNT,SY,5726,36,SCHUNT,SY,5725,36,2018-04-13,5,5,2,3,EX,825,F,37,1F,5.56,9.42,P2,SCHUNT,SCHUNT,parental strains,12.4285714286,1,3.282,0.018971098265895953,5870.423129905889,74.5,Positive,117.40846259811778,3282,18971.098265895955,2227367.4811966624
LM0226,CSV,7,16.06,15.16,-5.9366754617,0.97,Expe005_1b,E64,0.083,126.3,1.91,2.42,76.3,0,17,13,14,20,1,16,160000,164948.45360824742,Schweben 2,dom,SCHUNT_SCHUNT,SY,5726,36,SCHUNT,SY,5725,36,2018-04-13,5,5,2,3,EX,825,F,37,1F,5.56,9.42,P2,SCHUNT,SCHUNT,parental strains,12.4285714286,1,3.789,0.04565060240963856,338055.13116397127,74.5,Positive,6761.102623279426,3789,45650.60240963855,308648407.7060933
LM0226,ETX,4,15.08,15.16,0.5277044855,1.94,Expe005_1b,E64,0.159,36.1,1.82,0.6,NA,1,0,0,0,0,1,0,0,0,Schweben 2,dom,SCHUNT_SCHUNT,SY,5726,36,SCHUNT,SY,5725,36,2018-04-13,5,5,2,3,EX,825,F,37,1F,5.56,9.42,P2,SCHUNT,SCHUNT,parental strains,12.4285714286,1,1.083,0.006811320754716981,35392.31072836366,74.5,Positive,707.8462145672731,1083,6811.320754716981,4821367.612429917
LM0226,HQU,2,15.69,15.16,-3.4960422164,NA,Expe005_1b,E64,0.09,79.8,1.94,0.61,29.8,1,NA,NA,NA,NA,NA,NA,NA,0,Schweben 2,dom,SCHUNT_SCHUNT,SY,5726,36,SCHUNT,SY,5725,36,2018-04-13,5,5,2,3,EX,825,F,37,1F,5.56,9.42,P2,SCHUNT,SCHUNT,parental strains,12.4285714286,1,2.394,0.026600000000000002,0,0,Negative,0,2394,26600,0
LM0226,BLR,3,15.66,15.16,-3.2981530343,1.43,Expe005_1b,E64,0.115,107.7,1.92,2.1,57.7,1,0,0,0,0,1,0,0,0,Schweben 2,dom,SCHUNT_SCHUNT,SY,5726,36,SCHUNT,SY,5725,36,2018-04-13,5,5,2,3,EX,825,F,37,1F,5.56,9.42,P2,SCHUNT,SCHUNT,parental strains,12.4285714286,1,3.231,0.028095652173913042,28218.875409312324,74.5,Positive,564.3775081862465,3231,28095.652173913044,15856554.164780542
LM0226,DER,10,15.79,15.16,-4.1556728232,1.56,Expe005_1b,E64,0.131,122.6,1.86,2.15,72.6,0,0,0,0,1,1,0,0,0,Schweben 2,dom,SCHUNT_SCHUNT,SY,5726,36,SCHUNT,SY,5725,36,2018-04-13,5,5,2,3,EX,825,F,37,1F,5.56,9.42,P2,SCHUNT,SCHUNT,parental strains,12.4285714286,1,3.678,0.028076335877862596,3954.2924415872826,74.5,Positive,79.08584883174565,3678,28076.335877862595,2220440.854985958
LM0226,JNR,6,15.79,15.16,-4.1556728232,0.66,Expe005_1b,E64,0.061,122.9,1.91,1.82,72.9,0,2,1,1,0,1,1,10000,15151.51515151515,Schweben 2,dom,SCHUNT_SCHUNT,SY,5726,36,SCHUNT,SY,5725,36,2018-04-13,5,5,2,3,EX,825,F,37,1F,5.56,9.42,P2,SCHUNT,SCHUNT,parental strains,12.4285714286,1,3.6870000000000003,0.060442622950819674,1085092.5253524336,74.5,Positive,21701.85050704867,3687,60442.62295081967,1311716767.5325975
LM0226,KNO,0,15.16,15.16,0,1.21,Expe005_1b,E64,0.071,96.6,1.87,1.96,46.6,1,0,0,0,0,1,0,0,0,Schweben 2,dom,SCHUNT_SCHUNT,SY,5726,36,SCHUNT,SY,5725,36,2018-04-13,5,5,2,3,EX,825,F,37,1F,5.56,9.42,P2,SCHUNT,SCHUNT,parental strains,12.4285714286,1,2.898,0.040816901408450706,0,0,Negative,0,2898,40816.90140845071,0
LM0226,IQW,5,14.33,15.16,5.4749340369,0.36,Expe005_1b,E64,0.088,95.7,1.89,2.13,45.7,0,0,3,3,9,1,3.75,37500,104166.66666666667,Schweben 2,dom,SCHUNT_SCHUNT,SY,5726,36,SCHUNT,SY,5725,36,2018-04-13,5,5,2,3,EX,825,F,37,1F,5.56,9.42,P2,SCHUNT,SCHUNT,parental strains,12.4285714286,1,2.871,0.032625,3143706.9363103537,74.5,Positive,62874.13872620707,2871,32625.000000000004,2051268775.9425058
