"Well","Well Position","Omit","Sample","Target","Task","Reporter","Quencher","Amp Status","Amp Score","Curve Quality","Result Quality Issues","Cq","Cq Confidence","Cq Mean","Cq SD","Auto Threshold","Threshold","Auto Baseline","Baseline Start","Baseline End","Tm1","Tm2","Tm3","Tm4","plate"
"1","A1","FALSE","AEQ","Eim","UNKNOWN","SYBR","None","Amp","1.4638777608936100",NA,NA,"22.95342374806570","0.9815675124130860","22.732957477248100","0.23846572683765500","TRUE","0.10407224011139400","TRUE","3","19","75.40100860595700",NA,NA,NA,"27_09_EIM_E64_a_DB.eds"
"2","A2","FALSE","AEQ","Eim","UNKNOWN","SYBR","None","Amp","1.4615962607025200",NA,NA,"22.76559445925370","0.9824817799835690","22.732957477248100","0.23846572683765500","TRUE","0.10407224011139400","TRUE","3","18","75.40100860595700",NA,NA,NA,"27_09_EIM_E64_a_DB.eds"
"3","A3","FALSE","AEQ","Eim","UNKNOWN","SYBR","None","Amp","1.4445095614335100",NA,NA,"22.479854224424900","0.9821547560335530","22.732957477248100","0.23846572683765500","TRUE","0.10407224011139400","TRUE","3","19","75.40100860595700",NA,NA,NA,"27_09_EIM_E64_a_DB.eds"
"4","A4","FALSE","JXZ","Eim","UNKNOWN","SYBR","None","Amp","1.4327226717671",NA,NA,"16.09011675473610","0.9863745768306900","15.87406719245640","0.19088888984706400","TRUE","0.10407224011139400","TRUE","3","12","75.24995422363280",NA,NA,NA,"27_09_EIM_E64_a_DB.eds"
"5","A5","FALSE","JXZ","Eim","UNKNOWN","SYBR","None","Amp","1.4492962058225300",NA,NA,"15.803864471626700","0.9859814672232090","15.87406719245640","0.19088888984706400","TRUE","0.10407224011139400","TRUE","3","11","75.25452423095700",NA,NA,NA,"27_09_EIM_E64_a_DB.eds"
"6","A6","FALSE","JXZ","Eim","UNKNOWN","SYBR","None","Amp","1.4302240245271400",NA,NA,"15.728220351006400","0.9850909942056800","15.87406719245640","0.19088888984706400","TRUE","0.10407224011139400","TRUE","3","11","75.25452423095700",NA,NA,NA,"27_09_EIM_E64_a_DB.eds"
"7","A7","FALSE","GTW","Eim","UNKNOWN","SYBR","None","Amp","1.5754273095438600",NA,NA,"28.5862049659547","0.9233266930628290","28.624808348529800","0.4697608323535030","TRUE","0.10407224011139400","TRUE","3","25","77.21897888183590",NA,NA,NA,"27_09_EIM_E64_a_DB.eds"
"8","A8","FALSE","GTW","Eim","UNKNOWN","SYBR","None","Amp","1.559582715647390",NA,NA,"29.11267975048340","0.9093188607741610","28.624808348529800","0.4697608323535030","TRUE","0.10407224011139400","TRUE","3","25","77.21897888183590","86.58793640136720","82.65901947021480","90.06350708007810","27_09_EIM_E64_a_DB.eds"
"9","A9","FALSE","GTW","Eim","UNKNOWN","SYBR","None","Amp","1.562094536497140",NA,NA,"28.17554032915150","0.9177068366906870","28.624808348529800","0.4697608323535030","TRUE","0.10407224011139400","TRUE","3","24","77.23542785644530","86.61272430419920",NA,NA,"27_09_EIM_E64_a_DB.eds"
"10","A10","FALSE","DKM","Eim","UNKNOWN","SYBR","None","Amp","1.5713309850744500",NA,NA,"32.12310860160650","0.9162996955173820","31.905657154032700","0.2844426036211220","TRUE","0.10407224011139400","TRUE","3","28","87.21771240234380",NA,NA,NA,"27_09_EIM_E64_a_DB.eds"
"11","A11","FALSE","DKM","Eim","UNKNOWN","SYBR","None","Amp","1.576154319254030",NA,NA,"32.010106817465100","0.9090815189745330","31.905657154032700","0.2844426036211220","TRUE","0.10407224011139400","TRUE","3","28","87.21771240234380",NA,NA,NA,"27_09_EIM_E64_a_DB.eds"
"12","A12","FALSE","DKM","Eim","UNKNOWN","SYBR","None","Amp","1.6032006999448500",NA,NA,"31.583756043026400","0.9362931636786020","31.905657154032700","0.2844426036211220","TRUE","0.10407224011139400","TRUE","3","27","87.52020263671880",NA,NA,NA,"27_09_EIM_E64_a_DB.eds"
"13","B1","FALSE","AFV","Eim","UNKNOWN","SYBR","None","Amp","1.410854601114030",NA,NA,"31.172881396330000","0.8568594337275000","31.482319131175500","0.4933070803146280","TRUE","0.10407224011139400","TRUE","3","28","75.40100860595700","81.7454833984375",NA,NA,"27_09_EIM_E64_a_DB.eds"
"14","B2","FALSE","AFV","Eim","UNKNOWN","SYBR","None","Amp","1.3639515284420200",NA,NA,"32.051209571354100","0.8335611367790760","31.482319131175500","0.4933070803146280","TRUE","0.10407224011139400","TRUE","3","28","75.40100860595700","81.7454833984375",NA,NA,"27_09_EIM_E64_a_DB.eds"
"15","B3","FALSE","AFV","Eim","UNKNOWN","SYBR","None","Amp","1.3755138533776300",NA,NA,"31.22286642584230","0.7887617421962880","31.482319131175500","0.4933070803146280","TRUE","0.10407224011139400","TRUE","3","28","75.40100860595700",NA,NA,NA,"27_09_EIM_E64_a_DB.eds"
"16","B4","FALSE","PQY","Eim","UNKNOWN","SYBR","None","Amp","1.370777988933520",NA,NA,"34.49418443576860","0.8919577645426310","34.00196782625080","0.4275447552770730","TRUE","0.10407224011139400","TRUE","3","30","80.08383178710940",NA,NA,NA,"27_09_EIM_E64_a_DB.eds"
"17","B5","FALSE","PQY","Eim","UNKNOWN","SYBR","None","Amp","1.359558277030960",NA,NA,"33.722895529756","0.9028326656435940","34.00196782625080","0.4275447552770730","TRUE","0.10407224011139400","TRUE","3","28","78.12565612792970",NA,NA,NA,"27_09_EIM_E64_a_DB.eds"
"18","B6","FALSE","PQY","Eim","UNKNOWN","SYBR","None","Amp","1.2498938633707100",NA,NA,"33.78882351322790","0.8739899766578120","34.00196782625080","0.4275447552770730","TRUE","0.10407224011139400","TRUE","3","29","79.93899536132810","71.47672271728520",NA,NA,"27_09_EIM_E64_a_DB.eds"
"19","B7","FALSE","ITX","Eim","UNKNOWN","SYBR","None","Amp","1.5801800579055800",NA,NA,"27.849446867517100","0.9731728308208820","27.90760363714890","0.15929331187163800","TRUE","0.10407224011139400","TRUE","3","24","77.3700942993164",NA,NA,NA,"27_09_EIM_E64_a_DB.eds"
"20","B8","FALSE","ITX","Eim","UNKNOWN","SYBR","None","Amp","1.57482798495605",NA,NA,"27.785560541636400","0.9658880784487370","27.90760363714890","0.15929331187163800","TRUE","0.10407224011139400","TRUE","3","23","77.3700942993164",NA,NA,NA,"27_09_EIM_E64_a_DB.eds"
"21","B9","FALSE","ITX","Eim","UNKNOWN","SYBR","None","Amp","1.5835436863333400",NA,NA,"28.087803502293200","0.9688408247270390","27.90760363714890","0.15929331187163800","TRUE","0.10407224011139400","TRUE","3","23","77.38667297363280",NA,NA,NA,"27_09_EIM_E64_a_DB.eds"
"22","B10","FALSE","HJW","Eim","UNKNOWN","SYBR","None","Amp","1.5763963344334100",NA,NA,"31.701967585846800","0.9762404289131550","32.05270006041880","0.30414825465961600","TRUE","0.10407224011139400","TRUE","3","28","87.06646728515630",NA,NA,NA,"27_09_EIM_E64_a_DB.eds"
"23","B11","FALSE","HJW","Eim","UNKNOWN","SYBR","None","Amp","1.5876084330189600",NA,NA,"32.212375240600600","0.9760532517650850","32.05270006041880","0.30414825465961600","TRUE","0.10407224011139400","TRUE","3","28","87.06646728515630",NA,NA,NA,"27_09_EIM_E64_a_DB.eds"
"24","B12","FALSE","HJW","Eim","UNKNOWN","SYBR","None","Amp","1.5986390858396600",NA,NA,"32.24375735480890","0.9799225446748670","32.05270006041880","0.30414825465961600","TRUE","0.10407224011139400","TRUE","3","28","87.06646728515630","82.37782287597660",NA,NA,"27_09_EIM_E64_a_DB.eds"
"25","C1","FALSE","GHI","Eim","UNKNOWN","SYBR","None","Amp","1.4451055103874200",NA,NA,"23.211846035212000","0.9502441983278140","22.74899810159510","0.6292161027759480","TRUE","0.10407224011139400","TRUE","3","18","75.24995422363280",NA,NA,NA,"27_09_EIM_E64_a_DB.eds"
"26","C2","FALSE","GHI","Eim","UNKNOWN","SYBR","None","Amp","1.4403545894475700",NA,NA,"23.002591399172600","0.9597732806482820","22.74899810159510","0.6292161027759480","TRUE","0.10407224011139400","TRUE","3","18","75.24995422363280",NA,NA,NA,"27_09_EIM_E64_a_DB.eds"
"27","C3","FALSE","GHI","Eim","UNKNOWN","SYBR","None","Amp","1.412336447546910",NA,NA,"22.032556870400700","0.9139383466212650","22.74899810159510","0.6292161027759480","TRUE","0.10407224011139400","TRUE","3","17","75.24995422363280",NA,NA,NA,"27_09_EIM_E64_a_DB.eds"
"28","C4","FALSE","ALR","Eim","UNKNOWN","SYBR","None","Amp","1.3473165115524600",NA,NA,"32.70827587214190","0.777894255050129","32.74803930420300","0.042341494729658400","TRUE","0.10407224011139400","TRUE","3","28","75.55207061767580","80.38595581054690","71.77559661865230","62.25888442993160","27_09_EIM_E64_a_DB.eds"
"29","C5","FALSE","ALR","Eim","UNKNOWN","SYBR","None","Amp","1.3407639235690700",NA,NA,"32.79255746232740","0.7856774311861600","32.74803930420300","0.042341494729658400","TRUE","0.10407224011139400","TRUE","3","28","82.20568084716800","71.9300537109375",NA,NA,"27_09_EIM_E64_a_DB.eds"
"30","C6","FALSE","ALR","Eim","UNKNOWN","SYBR","None","Amp","1.3532665175083900",NA,NA,"32.74328457813960","0.7550306811121540","32.74803930420300","0.042341494729658400","TRUE","0.10407224011139400","TRUE","3","29","75.55674743652340","79.18344116210940","71.9300537109375","62.10776901245120","27_09_EIM_E64_a_DB.eds"
"31","C7","FALSE","JTZ","Eim","UNKNOWN","SYBR","None","Amp","1.5795789499379100",NA,NA,"17.598944110736000","0.9859391943973480","17.513570336452900","0.0766521950347231","TRUE","0.10407224011139400","TRUE","3","14","77.06787109375",NA,NA,NA,"27_09_EIM_E64_a_DB.eds"
"32","C8","FALSE","JTZ","Eim","UNKNOWN","SYBR","None","Amp","1.5813545609659300",NA,NA,"17.491108384469600","0.9709739112283000","17.513570336452900","0.0766521950347231","TRUE","0.10407224011139400","TRUE","3","13","77.06787109375",NA,NA,NA,"27_09_EIM_E64_a_DB.eds"
"33","C9","FALSE","JTZ","Eim","UNKNOWN","SYBR","None","Amp","1.573575611125480",NA,NA,"17.45065851415320","0.9788272739297","17.513570336452900","0.0766521950347231","TRUE","0.10407224011139400","TRUE","3","13","76.93293762207030",NA,NA,NA,"27_09_EIM_E64_a_DB.eds"
"34","C10","FALSE","EIV","Eim","UNKNOWN","SYBR","None","Amp","1.5613920475527500",NA,NA,"32.21153824323150","0.9283791416352810","32.41110069100160","0.17882140846526700","TRUE","0.10407224011139400","TRUE","3","29","86.91522216796880",NA,NA,NA,"27_09_EIM_E64_a_DB.eds"
"35","C11","FALSE","EIV","Eim","UNKNOWN","SYBR","None","Amp","1.5795132758667100",NA,NA,"32.464966577522600","0.9231376264424520","32.41110069100160","0.17882140846526700","TRUE","0.10407224011139400","TRUE","3","28","86.91522216796880",NA,NA,NA,"27_09_EIM_E64_a_DB.eds"
"36","C12","FALSE","EIV","Eim","UNKNOWN","SYBR","None","Amp","1.5853442012087100",NA,NA,"32.556797252250900","0.9147822567115510","32.41110069100160","0.17882140846526700","TRUE","0.10407224011139400","TRUE","3","28","87.06646728515630",NA,NA,NA,"27_09_EIM_E64_a_DB.eds"
"37","D1","FALSE","GHL","Eim","UNKNOWN","SYBR","None","Amp","1.4296508160851900",NA,NA,"17.86343472216240","0.9225698410352290","17.786123404795700","0.4093864588793890","TRUE","0.10407224011139400","TRUE","3","14","75.09889221191410",NA,NA,NA,"27_09_EIM_E64_a_DB.eds"
"38","D2","FALSE","GHL","Eim","UNKNOWN","SYBR","None","Amp","1.4456691286921400",NA,NA,"18.151342098936400","0.9347362361264720","17.786123404795700","0.4093864588793890","TRUE","0.10407224011139400","TRUE","3","14","75.09889221191410",NA,NA,NA,"27_09_EIM_E64_a_DB.eds"
"39","D3","FALSE","GHL","Eim","UNKNOWN","SYBR","None","Amp","1.4346005229370800",NA,NA,"17.343593393288300","0.8939570873082040","17.786123404795700","0.4093864588793890","TRUE","0.10407224011139400","TRUE","3","13","75.09889221191410",NA,NA,NA,"27_09_EIM_E64_a_DB.eds"
"40","D4","FALSE","CLS","Eim","UNKNOWN","SYBR","None","Amp","1.4306624785233000",NA,NA,"17.452332189170600","0.9632319255428840","17.150745407719000","0.3497463613193470","TRUE","0.10407224011139400","TRUE","3","12","74.94783020019530",NA,NA,NA,"27_09_EIM_E64_a_DB.eds"
"41","D5","FALSE","CLS","Eim","UNKNOWN","SYBR","None","Amp","1.4323656409282100",NA,NA,"17.232560222343600","0.9442229933272860","17.150745407719000","0.3497463613193470","TRUE","0.10407224011139400","TRUE","3","13","75.10340881347660",NA,NA,NA,"27_09_EIM_E64_a_DB.eds"
"42","D6","FALSE","CLS","Eim","UNKNOWN","SYBR","None","Amp","1.4198794170507600",NA,NA,"16.767343811642800","0.9274197463830750","17.150745407719000","0.3497463613193470","TRUE","0.10407224011139400","TRUE","3","12","74.95230102539060",NA,NA,NA,"27_09_EIM_E64_a_DB.eds"
"43","D7","FALSE","NUY","Eim","UNKNOWN","SYBR","None","Amp","1.5691681790168700",NA,NA,"20.0727262205886","0.9431571309348060","19.96548636067970","0.09304368564296880","TRUE","0.10407224011139400","TRUE","3","16","77.52120971679690",NA,NA,NA,"27_09_EIM_E64_a_DB.eds"
"44","D8","FALSE","NUY","Eim","UNKNOWN","SYBR","None","Amp","1.5705789121818000",NA,NA,"19.917508839157400","0.9802910073942450","19.96548636067970","0.09304368564296880","TRUE","0.10407224011139400","TRUE","3","16","77.52120971679690",NA,NA,NA,"27_09_EIM_E64_a_DB.eds"
"45","D9","FALSE","NUY","Eim","UNKNOWN","SYBR","None","Amp","1.5714272855975300",NA,NA,"19.90622402229300","0.9568849197016950","19.96548636067970","0.09304368564296880","TRUE","0.10407224011139400","TRUE","3","15","77.68917083740230",NA,NA,NA,"27_09_EIM_E64_a_DB.eds"
"46","D10","FALSE","LOT","Eim","UNKNOWN","SYBR","None","Amp","1.5779724461571800",NA,NA,"32.662285613084500","0.9595749687745270","32.84642409772610","0.397691272486941","TRUE","0.10407224011139400","TRUE","3","28","86.76397705078130","77.08418273925780",NA,NA,"27_09_EIM_E64_a_DB.eds"
"47","D11","FALSE","LOT","Eim","UNKNOWN","SYBR","None","Amp","1.531092728518410",NA,NA,"33.30281203578970","0.9496483219524510","32.84642409772610","0.397691272486941","TRUE","0.10407224011139400","TRUE","3","30","86.76397705078130","79.95787048339840",NA,NA,"27_09_EIM_E64_a_DB.eds"
"48","D12","FALSE","LOT","Eim","UNKNOWN","SYBR","None","Amp","1.59689450572389",NA,NA,"32.57417464430410","0.9299176864435720","32.84642409772610","0.397691272486941","TRUE","0.10407224011139400","TRUE","3","28","87.21771240234380","77.08418273925780",NA,NA,"27_09_EIM_E64_a_DB.eds"
"49","E1","FALSE","HVW","Eim","UNKNOWN","SYBR","None","Amp","1.4364158692913100",NA,NA,"24.105381638147500","0.9225900707568960","23.984603755154400","0.31298008233622400","TRUE","0.10407224011139400","TRUE","3","20","75.24995422363280",NA,NA,NA,"27_09_EIM_E64_a_DB.eds"
"50","E2","FALSE","HVW","Eim","UNKNOWN","SYBR","None","Amp","1.4181420542481100",NA,NA,"24.219199659326400","0.9193070947342250","23.984603755154400","0.31298008233622400","TRUE","0.10407224011139400","TRUE","3","19","75.24995422363280",NA,NA,NA,"27_09_EIM_E64_a_DB.eds"
"51","E3","FALSE","HVW","Eim","UNKNOWN","SYBR","None","Amp","1.4272114385775800",NA,NA,"23.629229967989300","0.8983780614525520","23.984603755154400","0.31298008233622400","TRUE","0.10407224011139400","TRUE","3","20","75.24995422363280",NA,NA,NA,"27_09_EIM_E64_a_DB.eds"
"52","E4","FALSE","DKW","Eim","UNKNOWN","SYBR","None","Amp","1.4366375957512500",NA,NA,"20.107600415982200","0.8942800427107780","19.84908226492570","0.30403392463411900","TRUE","0.10407224011139400","TRUE","3","16","75.09889221191410",NA,NA,NA,"27_09_EIM_E64_a_DB.eds"
"53","E5","FALSE","DKW","Eim","UNKNOWN","SYBR","None","Amp","1.4184941483742800",NA,NA,"19.9255241896606","0.8938052573819580","19.84908226492570","0.30403392463411900","TRUE","0.10407224011139400","TRUE","3","16","75.10340881347660",NA,NA,NA,"27_09_EIM_E64_a_DB.eds"
"54","E6","FALSE","DKW","Eim","UNKNOWN","SYBR","None","Amp","1.4106345189802700",NA,NA,"19.51412218913440","0.8571026782601540","19.84908226492570","0.30403392463411900","TRUE","0.10407224011139400","TRUE","3","16","75.10340881347660",NA,NA,NA,"27_09_EIM_E64_a_DB.eds"
"55","E7","FALSE","ABO","Eim","UNKNOWN","SYBR","None","Amp","1.5886308639930900",NA,NA,"31.56100743166120","0.9762552194654970","31.70896008190190","0.19430739940888900","TRUE","0.10407224011139400","TRUE","3","27","82.20568084716800","77.06787109375",NA,NA,"27_09_EIM_E64_a_DB.eds"
"56","E8","FALSE","ABO","Eim","UNKNOWN","SYBR","None","Amp","1.6026960349261400",NA,NA,"31.636861510376700","0.9768085905488740","31.70896008190190","0.19430739940888900","TRUE","0.10407224011139400","TRUE","3","27","87.94793701171880","81.75234985351560","72.83673095703130",NA,"27_09_EIM_E64_a_DB.eds"
"57","E9","FALSE","ABO","Eim","UNKNOWN","SYBR","None","Amp","1.5661457280133200",NA,NA,"31.929011303667800","0.9684917195946260","31.70896008190190","0.19430739940888900","TRUE","0.10407224011139400","TRUE","3","27","81.92407989501950","87.97395324707030","73.15176391601560",NA,"27_09_EIM_E64_a_DB.eds"
"58","E10","FALSE","MNP","Eim","UNKNOWN","SYBR","None","Amp","1.5947485439863300",NA,NA,"29.815251030817800","0.9641389827815160","29.455653596346200","0.3184253195454570","TRUE","0.10407224011139400","TRUE","3","25","86.76397705078130","77.08418273925780",NA,NA,"27_09_EIM_E64_a_DB.eds"
"59","E11","FALSE","MNP","Eim","UNKNOWN","SYBR","None","Amp","1.595252050618250",NA,NA,"29.34227737506520","0.9589929090152580","29.455653596346200","0.3184253195454570","TRUE","0.10407224011139400","TRUE","3","25","86.76397705078130","76.93293762207030","82.07532501220700",NA,"27_09_EIM_E64_a_DB.eds"
"60","E12","FALSE","MNP","Eim","UNKNOWN","SYBR","None","Amp","1.597417662182650",NA,NA,"29.2094323831555","0.9614482506457670","29.455653596346200","0.3184253195454570","TRUE","0.10407224011139400","TRUE","3","25","86.76397705078130","77.08418273925780",NA,NA,"27_09_EIM_E64_a_DB.eds"
"61","F1","FALSE","HJU","Eim","UNKNOWN","SYBR","None","Amp","1.4485699065919800",NA,NA,"18.62112694254110","0.9594253709240700","18.56382456017970","0.2441852829814050","TRUE","0.10407224011139400","TRUE","3","15","75.09889221191410",NA,NA,NA,"27_09_EIM_E64_a_DB.eds"
"62","F2","FALSE","HJU","Eim","UNKNOWN","SYBR","None","Amp","1.4395865684373500",NA,NA,"18.774262850483300","0.9420517577827210","18.56382456017970","0.2441852829814050","TRUE","0.10407224011139400","TRUE","3","15","75.09889221191410",NA,NA,NA,"27_09_EIM_E64_a_DB.eds"
"63","F3","FALSE","HJU","Eim","UNKNOWN","SYBR","None","Amp","1.4343398793650500",NA,NA,"18.296083887514700","0.9224139184928340","18.56382456017970","0.2441852829814050","TRUE","0.10407224011139400","TRUE","3","15","75.09889221191410",NA,NA,NA,"27_09_EIM_E64_a_DB.eds"
"64","F4","FALSE","FGV","Eim","UNKNOWN","SYBR","None","Amp","1.4134813605968800",NA,NA,"29.669199083190900","0.8727442327208260","29.474065396539500","0.360817061601167","TRUE","0.10407224011139400","TRUE","3","26","75.24995422363280",NA,NA,NA,"27_09_EIM_E64_a_DB.eds"
"65","F5","FALSE","FGV","Eim","UNKNOWN","SYBR","None","Amp","1.3448375888475200",NA,NA,"29.695294859956400","0.8598375346241170","29.474065396539500","0.360817061601167","TRUE","0.10407224011139400","TRUE","3","25","75.25452423095700",NA,NA,NA,"27_09_EIM_E64_a_DB.eds"
"66","F6","FALSE","FGV","Eim","UNKNOWN","SYBR","None","Amp","1.3791300756262300",NA,NA,"29.057702246471000","0.8307109789347360","29.474065396539500","0.360817061601167","TRUE","0.10407224011139400","TRUE","3","25","75.25452423095700",NA,NA,NA,"27_09_EIM_E64_a_DB.eds"
"67","F7","FALSE","AOZ","Eim","UNKNOWN","SYBR","None","Amp","1.4955495065002600",NA,NA,"33.8326461569294","0.9530983772821080","33.25177949655360","0.5241318776415880","TRUE","0.10407224011139400","TRUE","3","30","83.71680450439450","73.13895416259770",NA,NA,"27_09_EIM_E64_a_DB.eds"
"68","F8","FALSE","AOZ","Eim","UNKNOWN","SYBR","None","Amp","1.573751519148580",NA,NA,"32.81417392948660","0.9702645916632230","33.25177949655360","0.5241318776415880","TRUE","0.10407224011139400","TRUE","3","28","83.71680450439450","72.98783874511720","88.8546142578125",NA,"27_09_EIM_E64_a_DB.eds"
"69","F9","FALSE","AOZ","Eim","UNKNOWN","SYBR","None","Amp","1.528569899833570",NA,NA,"33.10851840324460","0.964536167014568","33.25177949655360","0.5241318776415880","TRUE","0.10407224011139400","TRUE","3","28","76.47919464111330","83.7390365600586",NA,NA,"27_09_EIM_E64_a_DB.eds"
"70","F10","FALSE","SUZ","Eim","UNKNOWN","SYBR","None","Amp","1.5855852868337800",NA,NA,"22.52448995199080","0.963245967127645","22.4405578430779","0.11281515425907200","TRUE","0.10407224011139400","TRUE","3","19","77.53791809082030",NA,NA,NA,"27_09_EIM_E64_a_DB.eds"
"71","F11","FALSE","SUZ","Eim","UNKNOWN","SYBR","None","Amp","1.594491787159790",NA,NA,"22.484869305104700","0.9487284780648750","22.4405578430779","0.11281515425907200","TRUE","0.10407224011139400","TRUE","3","19","77.53791809082030",NA,NA,NA,"27_09_EIM_E64_a_DB.eds"
"72","F12","FALSE","SUZ","Eim","UNKNOWN","SYBR","None","Amp","1.5936375132286800",NA,NA,"22.312314272138300","0.9516928867172650","22.4405578430779","0.11281515425907200","TRUE","0.10407224011139400","TRUE","3","19","77.53791809082030",NA,NA,NA,"27_09_EIM_E64_a_DB.eds"
"73","G1","FALSE","HKX","Eim","UNKNOWN","SYBR","None","Amp","1.460755062464180",NA,NA,"19.253989592342500","0.9731920077475780","19.005871846281800","0.5122337052583680","TRUE","0.10407224011139400","TRUE","3","16","75.09889221191410",NA,NA,NA,"27_09_EIM_E64_a_DB.eds"
"74","G2","FALSE","HKX","Eim","UNKNOWN","SYBR","None","Amp","1.439863121133290",NA,NA,"19.346798518048200","0.9723306000655340","19.005871846281800","0.5122337052583680","TRUE","0.10407224011139400","TRUE","3","14","75.09889221191410",NA,NA,NA,"27_09_EIM_E64_a_DB.eds"
"75","G3","FALSE","HKX","Eim","UNKNOWN","SYBR","None","Amp","1.4181915044285900",NA,NA,"18.416827428454600","0.9403551974701980","19.005871846281800","0.5122337052583680","TRUE","0.10407224011139400","TRUE","3","14","75.09889221191410",NA,NA,NA,"27_09_EIM_E64_a_DB.eds"
"76","G4","FALSE","GHV","Eim","UNKNOWN","SYBR","None","Amp","1.4283529365394000",NA,NA,"23.53029302688110","0.9615071235684460","23.272653520304700","0.29723146558259600","TRUE","0.10407224011139400","TRUE","3","19","75.09889221191410",NA,NA,NA,"27_09_EIM_E64_a_DB.eds"
"77","G5","FALSE","GHV","Eim","UNKNOWN","SYBR","None","Amp","1.4214619551330400",NA,NA,"23.340208301060300","0.9610529040415530","23.272653520304700","0.29723146558259600","TRUE","0.10407224011139400","TRUE","3","19","75.10340881347660",NA,NA,NA,"27_09_EIM_E64_a_DB.eds"
"78","G6","FALSE","GHV","Eim","UNKNOWN","SYBR","None","Amp","1.4033315781477500",NA,NA,"22.94745923297280","0.9459114965371220","23.272653520304700","0.29723146558259600","TRUE","0.10407224011139400","TRUE","3","19","75.10340881347660",NA,NA,NA,"27_09_EIM_E64_a_DB.eds"
"79","G7","FALSE","BIW","Eim","UNKNOWN","SYBR","None","Amp","1.581428772123470",NA,NA,"32.371526566167300","0.9607424904376000","32.21740796613590","0.2545083866060230","TRUE","0.10407224011139400","TRUE","3","29","86.8901596069336",NA,NA,NA,"27_09_EIM_E64_a_DB.eds"
"80","G8","FALSE","BIW","Eim","UNKNOWN","SYBR","None","Amp","1.5888134547160200",NA,NA,"32.35705148496750","0.9638004947013060","32.21740796613590","0.2545083866060230","TRUE","0.10407224011139400","TRUE","3","28","86.8901596069336","81.75234985351560",NA,NA,"27_09_EIM_E64_a_DB.eds"
"81","G9","FALSE","BIW","Eim","UNKNOWN","SYBR","None","Amp","1.5794948236124500",NA,NA,"31.923645847272800","0.9591476533364260","32.21740796613590","0.2545083866060230","TRUE","0.10407224011139400","TRUE","3","27","86.91522216796880",NA,NA,NA,"27_09_EIM_E64_a_DB.eds"
"82","G10","FALSE","NTC1","Eim","NTC","SYBR","None","Amp","1.2266064189509800",NA,NA,"35.947017037033900","0.9574024742248070","34.85775214445590","1.5709960488926700","TRUE","0.10407224011139400","TRUE","3","30","72.54678344726560",NA,NA,NA,"27_09_EIM_E64_a_DB.eds"
"83","G11","FALSE","NTC1","Eim","NTC","SYBR","None","Amp","1.2957562595811000",NA,NA,"33.056873272904700","0.9721063253873820","34.85775214445590","1.5709960488926700","TRUE","0.10407224011139400","TRUE","3","29","72.2442855834961",NA,NA,NA,"27_09_EIM_E64_a_DB.eds"
"84","G12","FALSE","NTC1","Eim","NTC","SYBR","None","Amp","1.2410092670479800",NA,NA,"35.56936612342910","0.9632957129951470","34.85775214445590","1.5709960488926700","TRUE","0.10407224011139400","TRUE","3","31","72.69802856445310",NA,NA,NA,"27_09_EIM_E64_a_DB.eds"
"85","H1","FALSE","KMS","Eim","UNKNOWN","SYBR","None","Amp","1.4686712185587600",NA,NA,"15.115952563807900","0.9785850155468860","14.923587423548000","0.41478664840545900","TRUE","0.10407224011139400","TRUE","3","11","75.09889221191410",NA,NA,NA,"27_09_EIM_E64_a_DB.eds"
"86","H2","FALSE","KMS","Eim","UNKNOWN","SYBR","None","Amp","1.4647644620514200",NA,NA,"15.207266279868600","0.9807044178533010","14.923587423548000","0.41478664840545900","TRUE","0.10407224011139400","TRUE","3","11","75.09889221191410",NA,NA,NA,"27_09_EIM_E64_a_DB.eds"
"87","H3","FALSE","KMS","Eim","UNKNOWN","SYBR","None","Amp","1.4510047159762800",NA,NA,"14.447543426967600","0.9797188102551530","14.923587423548000","0.41478664840545900","TRUE","0.10407224011139400","TRUE","3","9","75.09889221191410",NA,NA,NA,"27_09_EIM_E64_a_DB.eds"
"88","H4","FALSE","GIT","Eim","UNKNOWN","SYBR","None","Amp","1.5889460414551100",NA,NA,"20.616065772335000","0.9813731012477940","20.632979794027300","0.05031185875591350","TRUE","0.10407224011139400","TRUE","3","15","77.51583862304690",NA,NA,NA,"27_09_EIM_E64_a_DB.eds"
"89","H5","FALSE","GIT","Eim","UNKNOWN","SYBR","None","Amp","1.597156133939790",NA,NA,"20.593304486893400","0.9744422502836380","20.632979794027300","0.05031185875591350","TRUE","0.10407224011139400","TRUE","3","16","77.52120971679690",NA,NA,NA,"27_09_EIM_E64_a_DB.eds"
"90","H6","FALSE","GIT","Eim","UNKNOWN","SYBR","None","Amp","1.5878761138303200",NA,NA,"20.689569122853400","0.9888254950196930","20.632979794027300","0.05031185875591350","TRUE","0.10407224011139400","TRUE","3","16","77.52120971679690",NA,NA,NA,"27_09_EIM_E64_a_DB.eds"
"91","H7","FALSE","BTZ","Eim","UNKNOWN","SYBR","None","Amp","1.5941546234454500",NA,NA,"22.391379920524000","0.9954118278836950","22.468769499593100","0.09866430987530840","TRUE","0.10407224011139400","TRUE","3","17","77.52120971679690",NA,NA,NA,"27_09_EIM_E64_a_DB.eds"
"92","H8","FALSE","BTZ","Eim","UNKNOWN","SYBR","None","Amp","1.5964636200238100",NA,NA,"22.435057205000600","0.9941646813390110","22.468769499593100","0.09866430987530840","TRUE","0.10407224011139400","TRUE","3","17","77.52120971679690",NA,NA,NA,"27_09_EIM_E64_a_DB.eds"
"93","H9","FALSE","BTZ","Eim","UNKNOWN","SYBR","None","Amp","1.6004546376721800",NA,NA,"22.579871373254700","0.9930666326701790","22.468769499593100","0.09866430987530840","TRUE","0.10407224011139400","TRUE","3","19","77.53791809082030",NA,NA,NA,"27_09_EIM_E64_a_DB.eds"
"94","H10","FALSE","NTC2","Eim","NTC","SYBR","None","Inconclusive","1.1297330075812200",NA,NA,"37.12410969981030","0.9570569930199930","37.90838404261560","0.6872522957394970","TRUE","0.10407224011139400","TRUE","3","33","74.21049499511720",NA,NA,NA,"27_09_EIM_E64_a_DB.eds"
"95","H11","FALSE","NTC2","Eim","NTC","SYBR","None","Inconclusive","0.9220580890838770",NA,NA,"38.40540703008880","0.7143778293287640","37.90838404261560","0.6872522957394970","TRUE","0.10407224011139400","TRUE","3","34","74.36174011230470",NA,NA,NA,"27_09_EIM_E64_a_DB.eds"
"96","H12","FALSE","NTC2","Eim","NTC","SYBR","None","Inconclusive","0.9481466036476080",NA,NA,"38.195635397947700","0.8801547304471160","37.90838404261560","0.6872522957394970","TRUE","0.10407224011139400","TRUE","3","34","79.2016372680664","74.51298522949220",NA,NA,"27_09_EIM_E64_a_DB.eds"
"1","A1","FALSE","ARS","Eim","UNKNOWN","SYBR","None","Amp","1.4759263644162900",NA,NA,"29.974335527019000","0.9828880575000500","29.05589635243740","0.8422702657163890","TRUE","0.07104149329447740","TRUE","3","27","75.7133560180664",NA,NA,NA,"27_09_EIM_E64_b_DB.eds"
"2","A2","FALSE","ARS","Eim","UNKNOWN","SYBR","None","Amp","1.4681565605595200",NA,NA,"28.87375313089360","0.9641886168529740","29.05589635243740","0.8422702657163890","TRUE","0.07104149329447740","TRUE","3","25","75.56221008300780",NA,NA,NA,"27_09_EIM_E64_b_DB.eds"
"3","A3","FALSE","ARS","Eim","UNKNOWN","SYBR","None","Amp","1.4770983746326400",NA,NA,"28.319600399399700","0.9690540420032780","29.05589635243740","0.8422702657163890","TRUE","0.07104149329447740","TRUE","3","25","75.7133560180664",NA,NA,NA,"27_09_EIM_E64_b_DB.eds"
"4","A4","FALSE","NRV","Eim","UNKNOWN","SYBR","None","Amp","1.435133218842540",NA,NA,"28.77020636005380","0.8711458281374900","28.521000325965100","0.21620114477584300","TRUE","0.07104149329447740","TRUE","3","25","75.41105651855470",NA,NA,NA,"27_09_EIM_E64_b_DB.eds"
"5","A5","FALSE","NRV","Eim","UNKNOWN","SYBR","None","Amp","1.4364214199830400",NA,NA,"28.383544315786400","0.8690924049943320","28.521000325965100","0.21620114477584300","TRUE","0.07104149329447740","TRUE","3","25","75.56785583496090",NA,NA,NA,"27_09_EIM_E64_b_DB.eds"
"6","A6","FALSE","NRV","Eim","UNKNOWN","SYBR","None","Amp","1.4235357444745000",NA,NA,"28.40925030205520","0.853673285855983","28.521000325965100","0.21620114477584300","TRUE","0.07104149329447740","TRUE","3","24","75.56785583496090",NA,NA,NA,"27_09_EIM_E64_b_DB.eds"
"7","A7","FALSE","HKS","Eim","UNKNOWN","SYBR","None","Amp","1.3794497455641900",NA,NA,"32.373051637289200","0.8128290107446210","32.98024526821330","0.5263705144447820","TRUE","0.07104149329447740","TRUE","3","28","82.0703125",NA,NA,NA,"27_09_EIM_E64_b_DB.eds"
"8","A8","FALSE","HKS","Eim","UNKNOWN","SYBR","None","Amp","1.4290905157934600",NA,NA,"33.26032954658100","0.8365610934690280","32.98024526821330","0.5263705144447820","TRUE","0.07104149329447740","TRUE","3","29","81.76786804199220",NA,NA,NA,"27_09_EIM_E64_b_DB.eds"
"9","A9","FALSE","HKS","Eim","UNKNOWN","SYBR","None","Amp","1.374202361772130",NA,NA,"33.30735462076980","0.7942150091505170","32.98024526821330","0.5263705144447820","TRUE","0.07104149329447740","TRUE","3","29","80.87413787841800","75.72958374023440",NA,NA,"27_09_EIM_E64_b_DB.eds"
"13","B1","FALSE","BKV","Eim","UNKNOWN","SYBR","None","Amp","1.457994846080100",NA,NA,"23.854671094353600","0.9240805883885160","23.88487276764810","0.3503584753808220","TRUE","0.07104149329447740","TRUE","3","21","75.2599105834961",NA,NA,NA,"27_09_EIM_E64_b_DB.eds"
"14","B2","FALSE","BKV","Eim","UNKNOWN","SYBR","None","Amp","1.4534030951569500",NA,NA,"24.249354421554400","0.9238160654560410","23.88487276764810","0.3503584753808220","TRUE","0.07104149329447740","TRUE","3","21","75.2599105834961",NA,NA,NA,"27_09_EIM_E64_b_DB.eds"
"15","B3","FALSE","BKV","Eim","UNKNOWN","SYBR","None","Amp","1.442668359540160",NA,NA,"23.550592787036400","0.8695283599578350","23.88487276764810","0.3503584753808220","TRUE","0.07104149329447740","TRUE","3","20","75.2599105834961",NA,NA,NA,"27_09_EIM_E64_b_DB.eds"
"16","B4","FALSE","NSX","Eim","UNKNOWN","SYBR","None","Amp","1.4384658594694800",NA,NA,"19.309511916137900","0.9410354855126040","19.170352709648700","0.33013416451811000","TRUE","0.07104149329447740","TRUE","3","16","75.41105651855470",NA,NA,NA,"27_09_EIM_E64_b_DB.eds"
"17","B5","FALSE","NSX","Eim","UNKNOWN","SYBR","None","Amp","1.468209481504090",NA,NA,"19.408124050796700","0.9464229552631740","19.170352709648700","0.33013416451811000","TRUE","0.07104149329447740","TRUE","3","16","75.41663360595700",NA,NA,NA,"27_09_EIM_E64_b_DB.eds"
"18","B6","FALSE","NSX","Eim","UNKNOWN","SYBR","None","Amp","1.4544942170327600",NA,NA,"18.793422162011600","0.9309959693076500","19.170352709648700","0.33013416451811000","TRUE","0.07104149329447740","TRUE","3","16","75.56785583496090",NA,NA,NA,"27_09_EIM_E64_b_DB.eds"
"19","B7","FALSE","HQS","Eim","UNKNOWN","SYBR","None","Amp","1.4203597966757000",NA,NA,"31.549996457350600","0.9101962527871630","31.379378856898300","0.2930076361019110","TRUE","0.07104149329447740","TRUE","3","27","80.40689086914060",NA,NA,NA,"27_09_EIM_E64_b_DB.eds"
"20","B8","FALSE","HQS","Eim","UNKNOWN","SYBR","None","Amp","1.3497714614075200",NA,NA,"31.547093179381600","0.8512126684872290","31.379378856898300","0.2930076361019110","TRUE","0.07104149329447740","TRUE","3","27","81.61665344238280","72.08979797363280",NA,NA,"27_09_EIM_E64_b_DB.eds"
"21","B9","FALSE","HQS","Eim","UNKNOWN","SYBR","None","Amp","1.3991968042009300",NA,NA,"31.041046933962800","0.8741179547889250","31.379378856898300","0.2930076361019110","TRUE","0.07104149329447740","TRUE","3","27","75.72958374023440","81.78199768066410",NA,NA,"27_09_EIM_E64_b_DB.eds"
"25","C1","FALSE","CFV","Eim","UNKNOWN","SYBR","None","Amp","1.3678088593850400",NA,NA,"32.248602502219500","0.8013689320701790","32.419472122584200","0.2328228547528060","TRUE","0.07104149329447740","TRUE","3","28","80.24778747558590","71.93466186523440",NA,NA,"27_09_EIM_E64_b_DB.eds"
"26","C2","FALSE","CFV","Eim","UNKNOWN","SYBR","None","Amp","1.3243891558496100",NA,NA,"32.68465442599810","0.7030860750130260","32.419472122584200","0.2328228547528060","TRUE","0.07104149329447740","TRUE","3","29","80.24778747558590","71.93466186523440",NA,NA,"27_09_EIM_E64_b_DB.eds"
"27","C3","FALSE","CFV","Eim","UNKNOWN","SYBR","None","Amp","1.3769290770545100",NA,NA,"32.3251594395352","0.7090718971562630","32.419472122584200","0.2328228547528060","TRUE","0.07104149329447740","TRUE","3","28","80.55007934570310","62.26121520996090","71.78351593017580",NA,"27_09_EIM_E64_b_DB.eds"
"28","C4","FALSE","AHU","Eim","UNKNOWN","SYBR","None","Amp","1.4503683713902300",NA,NA,"17.938792804153800","0.8378741108811040","17.837429785416200","0.19787833990423800","TRUE","0.07104149329447740","TRUE","3","14","75.2599105834961",NA,NA,NA,"27_09_EIM_E64_b_DB.eds"
"29","C5","FALSE","AHU","Eim","UNKNOWN","SYBR","None","Amp","1.4484481046069800",NA,NA,"17.96408972982400","0.8452835572379360","17.837429785416200","0.19787833990423800","TRUE","0.07104149329447740","TRUE","3","14","75.26541137695310",NA,NA,NA,"27_09_EIM_E64_b_DB.eds"
"30","C6","FALSE","AHU","Eim","UNKNOWN","SYBR","None","Amp","1.4227261704622200",NA,NA,"17.609406822270900","0.7760429398637450","17.837429785416200","0.19787833990423800","TRUE","0.07104149329447740","TRUE","3","14","75.26541137695310",NA,NA,NA,"27_09_EIM_E64_b_DB.eds"
"31","C7","FALSE","IMQ","Eim","UNKNOWN","SYBR","None","Amp","1.4560810930252300",NA,NA,"28.216584854553600","0.9398272454065730","27.791100085023300","0.39644287574857900","TRUE","0.07104149329447740","TRUE","3","25","75.41663360595700",NA,NA,NA,"27_09_EIM_E64_b_DB.eds"
"32","C8","FALSE","IMQ","Eim","UNKNOWN","SYBR","None","Amp","1.4570554337074300",NA,NA,"27.72460744181380","0.9343000613512480","27.791100085023300","0.39644287574857900","TRUE","0.07104149329447740","TRUE","3","24","75.41663360595700",NA,NA,NA,"27_09_EIM_E64_b_DB.eds"
"33","C9","FALSE","IMQ","Eim","UNKNOWN","SYBR","None","Amp","1.4516347377792100",NA,NA,"27.432107958702600","0.9171283085168470","27.791100085023300","0.39644287574857900","TRUE","0.07104149329447740","TRUE","3","24","75.5782699584961",NA,NA,NA,"27_09_EIM_E64_b_DB.eds"
"37","D1","FALSE","DSV","Eim","UNKNOWN","SYBR","None","Amp","1.3011788083933800",NA,NA,"33.44174098095000","0.9550591810826850","32.71510261291860","0.6375869210027180","TRUE","0.07104149329447740","TRUE","3","30","71.93466186523440","78.58515930175780",NA,NA,"27_09_EIM_E64_b_DB.eds"
"38","D2","FALSE","DSV","Eim","UNKNOWN","SYBR","None","Amp","1.3486875461359400",NA,NA,"32.24924273740960","0.9060345886999610","32.71510261291860","0.6375869210027180","TRUE","0.07104149329447740","TRUE","3","29","72.0858154296875","80.24778747558590","62.26121520996090",NA,"27_09_EIM_E64_b_DB.eds"
"39","D3","FALSE","DSV","Eim","UNKNOWN","SYBR","None","Amp","1.3438051743201000",NA,NA,"32.45432412039610","0.8954513006858980","32.71510261291860","0.6375869210027180","TRUE","0.07104149329447740","TRUE","3","29","79.94548797607420","71.93466186523440","62.56351089477540",NA,"27_09_EIM_E64_b_DB.eds"
"40","D4","FALSE","BKY","Eim","UNKNOWN","SYBR","None","Amp","1.4388823401413300",NA,NA,"31.518331471562100","0.9398712629937890","31.46733249702690","0.6372504182955560","TRUE","0.07104149329447740","TRUE","3","28","75.56221008300780","80.70122528076170",NA,NA,"27_09_EIM_E64_b_DB.eds"
"41","D5","FALSE","BKY","Eim","UNKNOWN","SYBR","None","Amp","1.4057325588492900",NA,NA,"32.07755104793760","0.932325665916468","31.46733249702690","0.6372504182955560","TRUE","0.07104149329447740","TRUE","3","28","81.01177215576170",NA,NA,NA,"27_09_EIM_E64_b_DB.eds"
"42","D6","FALSE","BKY","Eim","UNKNOWN","SYBR","None","Amp","1.4121908232598000",NA,NA,"30.806114971581100","0.9028563580303590","31.46733249702690","0.6372504182955560","TRUE","0.07104149329447740","TRUE","3","26","75.41663360595700","80.40689086914060",NA,NA,"27_09_EIM_E64_b_DB.eds"
"43","D7","FALSE","OPZ","Eim","UNKNOWN","SYBR","None","Amp","1.4245997421944000",NA,NA,"29.720279992142200","0.8797655293961560","30.35857303478610","0.5531803562912570","TRUE","0.07104149329447740","TRUE","3","26","75.41663360595700",NA,NA,NA,"27_09_EIM_E64_b_DB.eds"
"44","D8","FALSE","OPZ","Eim","UNKNOWN","SYBR","None","Amp","1.4292763886006100",NA,NA,"30.698814588009200","0.8804289216811980","30.35857303478610","0.5531803562912570","TRUE","0.07104149329447740","TRUE","3","27","75.41663360595700",NA,NA,NA,"27_09_EIM_E64_b_DB.eds"
"45","D9","FALSE","OPZ","Eim","UNKNOWN","SYBR","None","Amp","1.4384314303055700",NA,NA,"30.656624524206800","0.8658018644791760","30.35857303478610","0.5531803562912570","TRUE","0.07104149329447740","TRUE","3","27","75.5782699584961",NA,NA,NA,"27_09_EIM_E64_b_DB.eds"
"49","E1","FALSE","EKV","Eim","UNKNOWN","SYBR","None","Amp","1.4700760239297000",NA,NA,"25.61168254244850","0.9415668806445210","25.36125472701340","0.3739553391386490","TRUE","0.07104149329447740","TRUE","3","22","75.41105651855470",NA,NA,NA,"27_09_EIM_E64_b_DB.eds"
"50","E2","FALSE","EKV","Eim","UNKNOWN","SYBR","None","Amp","1.4613567477401500",NA,NA,"25.540683277946200","0.8995012330234260","25.36125472701340","0.3739553391386490","TRUE","0.07104149329447740","TRUE","3","22","75.41105651855470",NA,NA,NA,"27_09_EIM_E64_b_DB.eds"
"51","E3","FALSE","EKV","Eim","UNKNOWN","SYBR","None","Amp","1.4577222833148500",NA,NA,"24.931398360645500","0.8514851509451930","25.36125472701340","0.3739553391386490","TRUE","0.07104149329447740","TRUE","3","21","75.41105651855470",NA,NA,NA,"27_09_EIM_E64_b_DB.eds"
"52","E4","FALSE","CGS","Eim","UNKNOWN","SYBR","None","Amp","1.3238852109421800",NA,NA,"32.05236487289590","0.9037788749866780","32.121087036406900","0.4768158366092690","TRUE","0.07104149329447740","TRUE","3","28","72.0858154296875","79.79434204101560","62.110069274902300",NA,"27_09_EIM_E64_b_DB.eds"
"53","E5","FALSE","CGS","Eim","UNKNOWN","SYBR","None","Amp","1.3818385644926000",NA,NA,"31.682361138608700","0.9083824114968650","32.121087036406900","0.4768158366092690","TRUE","0.07104149329447740","TRUE","3","28","71.9385757446289","83.58250427246090","62.109275817871100",NA,"27_09_EIM_E64_b_DB.eds"
"54","E6","FALSE","CGS","Eim","UNKNOWN","SYBR","None","Amp","1.3925539665177700",NA,NA,"32.62853509771590","0.8040110540125080","32.121087036406900","0.4768158366092690","TRUE","0.07104149329447740","TRUE","3","29","86.3044662475586","81.1629867553711",NA,NA,"27_09_EIM_E64_b_DB.eds"
"55","E7","FALSE","NTC1","Eim","NTC","SYBR","None","Amp","1.2465453451007800",NA,NA,"35.05101311661310","0.9756875249422960","34.70530068118920","0.8500018421640290","TRUE","0.07104149329447740","TRUE","3","31","72.69467163085940",NA,NA,NA,"27_09_EIM_E64_b_DB.eds"
"56","E8","FALSE","NTC1","Eim","NTC","SYBR","None","Inconclusive","1.137264669381020",NA,NA,"36.23730544503140","0.9731251154465720","34.70530068118920","0.8500018421640290","TRUE","0.07104149329447740","TRUE","3","32","72.54345703125",NA,NA,NA,"27_09_EIM_E64_b_DB.eds"
"57","E9","FALSE","NTC1","Eim","NTC","SYBR","None","Amp","1.3261439464852900",NA,NA,"34.41482586409730","0.985077586841368","34.70530068118920","0.8500018421640290","TRUE","0.07104149329447740","TRUE","3","31","72.55206298828130","77.69661712646480",NA,NA,"27_09_EIM_E64_b_DB.eds"
"61","F1","FALSE","GQU","Eim","UNKNOWN","SYBR","None","Amp","1.4331330725894500",NA,NA,"30.66984065683830","0.8400336061952760","31.522011433361100","1.0816703180545100","TRUE","0.07104149329447740","TRUE","3","27","80.24778747558590","71.48121643066410",NA,NA,"27_09_EIM_E64_b_DB.eds"
"62","F2","FALSE","GQU","Eim","UNKNOWN","SYBR","None","Amp","1.45514768435529",NA,NA,"31.157296971666400","0.8504074075542210","31.522011433361100","1.0816703180545100","TRUE","0.07104149329447740","TRUE","3","28","84.47991943359380","79.6431884765625",NA,NA,"27_09_EIM_E64_b_DB.eds"
"63","F3","FALSE","GQU","Eim","UNKNOWN","SYBR","None","Amp","1.4599956670463100",NA,NA,"32.73889667157880","0.7922787719940080","31.522011433361100","1.0816703180545100","TRUE","0.07104149329447740","TRUE","3","29","84.78221130371090",NA,NA,NA,"27_09_EIM_E64_b_DB.eds"
"64","F4","FALSE","EIS","Eim","UNKNOWN","SYBR","None","Amp","1.4390403905031700",NA,NA,"29.321028960150800","0.8538137585567090","29.290968407915800","0.34733378704533900","TRUE","0.07104149329447740","TRUE","3","26","75.2599105834961","80.55007934570310",NA,NA,"27_09_EIM_E64_b_DB.eds"
"65","F5","FALSE","EIS","Eim","UNKNOWN","SYBR","None","Amp","1.3781261063224600",NA,NA,"29.622294930522500","0.857022629012109","29.290968407915800","0.34733378704533900","TRUE","0.07104149329447740","TRUE","3","26","75.11419677734380","80.40689086914060",NA,NA,"27_09_EIM_E64_b_DB.eds"
"66","F6","FALSE","EIS","Eim","UNKNOWN","SYBR","None","Amp","1.4330075448771000",NA,NA,"28.929581333074100","0.8258703694281960","29.290968407915800","0.34733378704533900","TRUE","0.07104149329447740","TRUE","3","25","75.41663360595700",NA,NA,NA,"27_09_EIM_E64_b_DB.eds"
"67","F7","FALSE","NTC2","Eim","NTC","SYBR","None","Amp","1.2376923588280200",NA,NA,"35.17082669530630","0.9786090243383760","35.23521196761340","0.6092002901388110","TRUE","0.07104149329447740","TRUE","3","31","72.54345703125",NA,NA,NA,"27_09_EIM_E64_b_DB.eds"
"68","F8","FALSE","NTC2","Eim","NTC","SYBR","None","Amp","1.2781603368874600",NA,NA,"34.315316640664100","0.9852388227298190","35.23521196761340","0.6092002901388110","TRUE","0.07104149329447740","TRUE","3","29","72.3922348022461",NA,NA,NA,"27_09_EIM_E64_b_DB.eds"
"69","F9","FALSE","NTC2","Eim","NTC","SYBR","None","Amp","1.2490444817538500",NA,NA,"35.524221596766000","0.9726528338451800","35.23521196761340","0.6092002901388110","TRUE","0.07104149329447740","TRUE","3","31","72.55206298828130",NA,NA,NA,"27_09_EIM_E64_b_DB.eds"
"73","G1","FALSE","KMQ","Eim","UNKNOWN","SYBR","None","Amp","1.47394213055189",NA,NA,"20.675598710275700","0.938215443925239","20.28775132219790","0.4533922889576140","TRUE","0.07104149329447740","TRUE","3","17","75.2599105834961",NA,NA,NA,"27_09_EIM_E64_b_DB.eds"
"74","G2","FALSE","KMQ","Eim","UNKNOWN","SYBR","None","Amp","1.4817919113844200",NA,NA,"20.398368873899600","0.903123676516181","20.28775132219790","0.4533922889576140","TRUE","0.07104149329447740","TRUE","3","17","75.2599105834961",NA,NA,NA,"27_09_EIM_E64_b_DB.eds"
"75","G3","FALSE","KMQ","Eim","UNKNOWN","SYBR","None","Amp","1.4531119987444400",NA,NA,"19.78928638241850","0.8350559011569450","20.28775132219790","0.4533922889576140","TRUE","0.07104149329447740","TRUE","3","16","75.2599105834961",NA,NA,NA,"27_09_EIM_E64_b_DB.eds"
"76","G4","FALSE","FGW","Eim","UNKNOWN","SYBR","None","Amp","1.4586738988744800",NA,NA,"20.87437109068410","0.9386416332685030","20.568540732135400","0.3296460681832750","TRUE","0.07104149329447740","TRUE","3","17","75.2599105834961",NA,NA,NA,"27_09_EIM_E64_b_DB.eds"
"77","G5","FALSE","FGW","Eim","UNKNOWN","SYBR","None","Amp","1.4686644976438200",NA,NA,"20.61188398990570","0.9347496175213190","20.568540732135400","0.3296460681832750","TRUE","0.07104149329447740","TRUE","3","17","75.26541137695310",NA,NA,NA,"27_09_EIM_E64_b_DB.eds"
"78","G6","FALSE","FGW","Eim","UNKNOWN","SYBR","None","Amp","1.422833464640160",NA,NA,"20.219367115816500","0.9028400190275170","20.568540732135400","0.3296460681832750","TRUE","0.07104149329447740","TRUE","3","16","75.26541137695310",NA,NA,NA,"27_09_EIM_E64_b_DB.eds"
"79","G7","FALSE","NTC2","Eim","NTC","SYBR","None","Amp","1.2572827766461000",NA,NA,"34.96055274779270","0.9704622548300290","35.23521196761340","0.6092002901388110","TRUE","0.07104149329447740","TRUE","3","31","72.54345703125","77.83615112304690",NA,NA,"27_09_EIM_E64_b_DB.eds"
"80","G8","FALSE","NTC2","Eim","NTC","SYBR","None","Amp","1.1937852192316100",NA,NA,"35.47549737961750","0.9812229341446180","35.23521196761340","0.6092002901388110","TRUE","0.07104149329447740","TRUE","3","32","74.66053009033200","91.4459457397461","72.99711608886720","67.4019775390625","27_09_EIM_E64_b_DB.eds"
"81","G9","FALSE","NTC2","Eim","NTC","SYBR","None","Inconclusive","1.164978466610640",NA,NA,"35.91991065730740","0.9674283505347030","35.23521196761340","0.6092002901388110","TRUE","0.07104149329447740","TRUE","3","32","72.55206298828130",NA,NA,NA,"27_09_EIM_E64_b_DB.eds"
"82","G10","FALSE","NTC1","Eim","NTC","SYBR","None","Amp","1.3026081639931300",NA,NA,"34.51547536250160","0.9810239192349530","34.70530068118920","0.8500018421640290","TRUE","0.07104149329447740","TRUE","3","31","72.55206298828130",NA,NA,NA,"27_09_EIM_E64_b_DB.eds"
"83","G11","FALSE","NTC1","Eim","NTC","SYBR","None","Amp","1.3129944684230500",NA,NA,"34.16337779663330","0.9639795763505440","34.70530068118920","0.8500018421640290","TRUE","0.07104149329447740","TRUE","3","30","72.55206298828130",NA,NA,NA,"27_09_EIM_E64_b_DB.eds"
"84","G12","FALSE","NTC1","Eim","NTC","SYBR","None","Amp","1.3207159817511000",NA,NA,"33.84980650225840","0.9739978598283370","34.70530068118920","0.8500018421640290","TRUE","0.07104149329447740","TRUE","3","30","72.70337677001950",NA,NA,NA,"27_09_EIM_E64_b_DB.eds"
"85","H1","FALSE","NRU","Eim","UNKNOWN","SYBR","None","Amp","1.493372269635530",NA,NA,"18.85190306944420","0.9598305585721560","18.642117167365900","0.3040532635067470","TRUE","0.07104149329447740","TRUE","3","15","75.2599105834961",NA,NA,NA,"27_09_EIM_E64_b_DB.eds"
"86","H2","FALSE","NRU","Eim","UNKNOWN","SYBR","None","Amp","1.4722479533690700",NA,NA,"18.78102904301400","0.9299987352099210","18.642117167365900","0.3040532635067470","TRUE","0.07104149329447740","TRUE","3","16","75.2599105834961",NA,NA,NA,"27_09_EIM_E64_b_DB.eds"
"87","H3","FALSE","NRU","Eim","UNKNOWN","SYBR","None","Amp","1.4620097669617100",NA,NA,"18.293419389639400","0.8775776104949290","18.642117167365900","0.3040532635067470","TRUE","0.07104149329447740","TRUE","3","15","75.2599105834961",NA,NA,NA,"27_09_EIM_E64_b_DB.eds"
"88","H4","FALSE","FYZ","Eim","UNKNOWN","SYBR","None","Amp","1.4641269239629100",NA,NA,"24.2339475681513","0.8980798990913780","23.87095532287730","0.38795345602765900","TRUE","0.07104149329447740","TRUE","3","21","75.2599105834961",NA,NA,NA,"27_09_EIM_E64_b_DB.eds"
"89","H5","FALSE","FYZ","Eim","UNKNOWN","SYBR","None","Amp","1.4606647626633200",NA,NA,"23.916803336841900","0.8982449499957120","23.87095532287730","0.38795345602765900","TRUE","0.07104149329447740","TRUE","3","21","75.26541137695310",NA,NA,NA,"27_09_EIM_E64_b_DB.eds"
"90","H6","FALSE","FYZ","Eim","UNKNOWN","SYBR","None","Amp","1.4415750363954300",NA,NA,"23.462115063638700","0.8496228896216220","23.87095532287730","0.38795345602765900","TRUE","0.07104149329447740","TRUE","3","20","75.26541137695310",NA,NA,NA,"27_09_EIM_E64_b_DB.eds"
"91","H7","FALSE","NTC2","Eim","NTC","SYBR","None","Inconclusive","1.1689622131625400",NA,NA,"35.97663274122340","0.9331368816894430","35.23521196761340","0.6092002901388110","TRUE","0.07104149329447740","TRUE","3","32","72.69467163085940",NA,NA,NA,"27_09_EIM_E64_b_DB.eds"
"92","H8","FALSE","NTC2","Eim","NTC","SYBR","None","Amp","1.2520450510283600",NA,NA,"35.29388642098480","0.9793235897586440","35.23521196761340","0.6092002901388110","TRUE","0.07104149329447740","TRUE","3","32","72.54345703125",NA,NA,NA,"27_09_EIM_E64_b_DB.eds"
"93","H9","FALSE","NTC2","Eim","NTC","SYBR","None","Amp","1.2709340418901000",NA,NA,"35.154299314540000","0.9687887190070450","35.23521196761340","0.6092002901388110","TRUE","0.07104149329447740","TRUE","3","32","72.85468292236330",NA,NA,NA,"27_09_EIM_E64_b_DB.eds"
"94","H10","FALSE","NTC2","Eim","NTC","SYBR","None","Amp","1.2592540173496400",NA,NA,"35.41440035806060","0.9807915634779110","35.23521196761340","0.6092002901388110","TRUE","0.07104149329447740","TRUE","3","31","72.4007568359375",NA,NA,NA,"27_09_EIM_E64_b_DB.eds"
"95","H11","FALSE","NTC2","Eim","NTC","SYBR","None","Amp","1.1844823596193200",NA,NA,"35.70027826436550","0.9608654730591230","35.23521196761340","0.6092002901388110","TRUE","0.07104149329447740","TRUE","3","32","72.55206298828130",NA,NA,NA,"27_09_EIM_E64_b_DB.eds"
"96","H12","FALSE","NTC2","Eim","NTC","SYBR","None","Amp","1.2716833504078100",NA,NA,"33.91672079473220","0.9365847181639250","35.23521196761340","0.6092002901388110","TRUE","0.07104149329447740","TRUE","3","30","72.55206298828130",NA,NA,NA,"27_09_EIM_E64_b_DB.eds"
"1","A1","FALSE","LKT","Eim","UNKNOWN","SYBR","None","Amp","0.8915540391781650",NA,NA,"36.98266636812020","0.8945708583542260","32.75512530593630","4.075605968556890","TRUE","0.05236898143598240","TRUE","3","34","73.71849060058590",NA,NA,NA,"29_09_EIM_E64_a_DB_1.eds"
"2","A2","FALSE","LKT","Eim","UNKNOWN","SYBR","None","Amp","1.2777705815718200",NA,NA,"32.432021253169800","0.9777440358000370","32.75512530593630","4.075605968556890","TRUE","0.05236898143598240","TRUE","3","29","73.71849060058590",NA,NA,NA,"29_09_EIM_E64_a_DB_1.eds"
"3","A3","FALSE","LKT","Eim","UNKNOWN","SYBR","None","Amp","1.332744155576030",NA,NA,"28.850688296518900","0.9737780036114930","32.75512530593630","4.075605968556890","TRUE","0.05236898143598240","TRUE","3","26","73.86930847167970",NA,NA,NA,"29_09_EIM_E64_a_DB_1.eds"
"4","A4","FALSE","RSU","Eim","UNKNOWN","SYBR","None","Amp","1.4177001065048000",NA,NA,"28.41611280923160","0.8516458950120140","28.018820485885700","0.37406626343293000","TRUE","0.05236898143598240","TRUE","3","25","78.09229278564450","72.05946350097660","61.954471588134800",NA,"29_09_EIM_E64_a_DB_1.eds"
"5","A5","FALSE","RSU","Eim","UNKNOWN","SYBR","None","Amp","1.4568148833327200",NA,NA,"27.96695537474890","0.8567821297525020","28.018820485885700","0.37406626343293000","TRUE","0.05236898143598240","TRUE","3","25","82.1786117553711","75.38673400878910","78.40534973144530","61.953895568847700","29_09_EIM_E64_a_DB_1.eds"
"6","A6","FALSE","RSU","Eim","UNKNOWN","SYBR","None","Amp","1.4427723394084600",NA,NA,"27.673393273676700","0.8730504267281970","28.018820485885700","0.37406626343293000","TRUE","0.05236898143598240","TRUE","3","24","78.2544174194336","82.1786117553711","75.38673400878910","61.953895568847700","29_09_EIM_E64_a_DB_1.eds"
"7","A7","FALSE","MRZ","Eim","UNKNOWN","SYBR","None","Amp","1.4685244175366900",NA,NA,"25.612893712147200","0.9562763159095370","25.489041765548600","0.26884490047764000","TRUE","0.05236898143598240","TRUE","3","22","75.38673400878910",NA,NA,NA,"29_09_EIM_E64_a_DB_1.eds"
"8","A8","FALSE","MRZ","Eim","UNKNOWN","SYBR","None","Amp","1.457807393763720",NA,NA,"25.673637803448200","0.9572559250023220","25.489041765548600","0.26884490047764000","TRUE","0.05236898143598240","TRUE","3","22","75.38673400878910",NA,NA,NA,"29_09_EIM_E64_a_DB_1.eds"
"9","A9","FALSE","MRZ","Eim","UNKNOWN","SYBR","None","Amp","1.4526015304656500",NA,NA,"25.180593781050400","0.928309437212386","25.489041765548600","0.26884490047764000","TRUE","0.05236898143598240","TRUE","3","21","75.55422973632810",NA,NA,NA,"29_09_EIM_E64_a_DB_1.eds"
"10","A10","FALSE",NA,"Eim","UNKNOWN","SYBR","None","Amp","1.3518899157198600",NA,NA,"32.623300791791300","0.979268885310469","29.4890809333756","4.060068997088290","TRUE","0.05236898143598240","TRUE","3","29","73.28813171386720",NA,NA,NA,"29_09_EIM_E64_a_DB_1.eds"
"11","A11","FALSE",NA,"Eim","UNKNOWN","SYBR","None","Amp","1.3548389365837500",NA,NA,"32.80605790617880","0.9787243971046110","29.4890809333756","4.060068997088290","TRUE","0.05236898143598240","TRUE","3","29","73.1370620727539","78.12248229980470","62.7130126953125",NA,"29_09_EIM_E64_a_DB_1.eds"
"12","A12","FALSE",NA,"Eim","UNKNOWN","SYBR","None","Amp","1.3710339339798000",NA,NA,"31.724912381550700","0.9790091738424450","29.4890809333756","4.060068997088290","TRUE","0.05236898143598240","TRUE","3","29","73.439208984375",NA,NA,NA,"29_09_EIM_E64_a_DB_1.eds"
"13","B1","FALSE","CRX","Eim","UNKNOWN","SYBR","None","Amp","1.483967182904160",NA,NA,"24.88162303474920","0.9641118500077610","24.925651643973400","0.04660899777351390","TRUE","0.05236898143598240","TRUE","3","21","75.8299789428711",NA,NA,NA,"29_09_EIM_E64_a_DB_1.eds"
"14","B2","FALSE","CRX","Eim","UNKNOWN","SYBR","None","Amp","1.474029730377060",NA,NA,"24.974470982639800","0.9567413787597780","24.925651643973400","0.04660899777351390","TRUE","0.05236898143598240","TRUE","3","22","75.8299789428711",NA,NA,NA,"29_09_EIM_E64_a_DB_1.eds"
"15","B3","FALSE","CRX","Eim","UNKNOWN","SYBR","None","Amp","1.4621525403316400",NA,NA,"24.92086091453110","0.9428829144631020","24.925651643973400","0.04660899777351390","TRUE","0.05236898143598240","TRUE","3","21","75.8299789428711",NA,NA,NA,"29_09_EIM_E64_a_DB_1.eds"
"16","B4","FALSE","RTX","Eim","UNKNOWN","SYBR","None","Inconclusive","0.0",NA,NA,"28.781749780526300","0.906197205029222","28.28822831308380","0.42988812450858700","TRUE","0.05236898143598240","TRUE","3","25","81.86280822753910","71.90863800048830","78.39393615722660","62.55775451660160","29_09_EIM_E64_a_DB_1.eds"
"17","B5","FALSE","RTX","Eim","UNKNOWN","SYBR","None","Inconclusive","1.4736475716761500",NA,NA,"27.99530243586980","0.9474076747275610","28.28822831308380","0.42988812450858700","TRUE","0.05236898143598240","TRUE","3","25","82.48047637939450","78.10348510742190","71.76439666748050",NA,"29_09_EIM_E64_a_DB_1.eds"
"18","B6","FALSE","RTX","Eim","UNKNOWN","SYBR","None","Amp","1.4479629262134700",NA,NA,"28.087632722855200","0.9316104216117250","28.28822831308380","0.42988812450858700","TRUE","0.05236898143598240","TRUE","3","25","78.40534973144530","81.87675476074220","62.25575637817380",NA,"29_09_EIM_E64_a_DB_1.eds"
"19","B7","FALSE","NOY","Eim","UNKNOWN","SYBR","None","Amp","1.4715772425429600",NA,NA,"24.742597493402100","0.96725080913253","24.079221331024500","1.128795689851920","TRUE","0.05236898143598240","TRUE","3","22","75.38673400878910",NA,NA,NA,"29_09_EIM_E64_a_DB_1.eds"
"20","B8","FALSE","NOY","Eim","UNKNOWN","SYBR","None","Amp","1.4699374760488300",NA,NA,"24.71919613366950","0.9663893187514750","24.079221331024500","1.128795689851920","TRUE","0.05236898143598240","TRUE","3","21","75.38673400878910",NA,NA,NA,"29_09_EIM_E64_a_DB_1.eds"
"21","B9","FALSE","NOY","Eim","UNKNOWN","SYBR","None","Amp","1.4551970075752300",NA,NA,"22.775870366002000","0.8546956356246900","24.079221331024500","1.128795689851920","TRUE","0.05236898143598240","TRUE","3","20","75.55422973632810",NA,NA,NA,"29_09_EIM_E64_a_DB_1.eds"
"22","B10","FALSE","NTC2","Eim","NTC","SYBR","None","Amp","1.3246925495968400",NA,NA,"32.95854363003580","0.9879454741217000","31.958750899843900","1.135726718517880","TRUE","0.05236898143598240","TRUE","3","29","73.439208984375","62.7130126953125",NA,NA,"29_09_EIM_E64_a_DB_1.eds"
"23","B11","FALSE","NTC2","Eim","NTC","SYBR","None","Amp","1.341738767760510",NA,NA,"32.19382803879210","0.9835745861197180","31.958750899843900","1.135726718517880","TRUE","0.05236898143598240","TRUE","3","30","73.1370620727539",NA,NA,NA,"29_09_EIM_E64_a_DB_1.eds"
"24","B12","FALSE","NTC2","Eim","NTC","SYBR","None","Amp","1.3394004572844300",NA,NA,"30.723881030703800","0.9744287512840750","31.958750899843900","1.135726718517880","TRUE","0.05236898143598240","TRUE","3","26","72.83491516113280",NA,NA,NA,"29_09_EIM_E64_a_DB_1.eds"
"25","C1","FALSE","FMN","Eim","UNKNOWN","SYBR","None","Amp","1.3695672905286400",NA,NA,"33.46179213602400","0.9236356236080550","32.83171804430830","0.7203256535795570","TRUE","0.05236898143598240","TRUE","3","30","74.32176971435550",NA,NA,NA,"29_09_EIM_E64_a_DB_1.eds"
"26","C2","FALSE","FMN","Eim","UNKNOWN","SYBR","None","Amp","1.3685539577251000",NA,NA,"32.986919264030900","0.9233776151333610","32.83171804430830","0.7203256535795570","TRUE","0.05236898143598240","TRUE","3","29","74.47259521484380",NA,NA,NA,"29_09_EIM_E64_a_DB_1.eds"
"27","C3","FALSE","FMN","Eim","UNKNOWN","SYBR","None","Amp","1.3810740779781300",NA,NA,"32.04644273287010","0.8849980540694580","32.83171804430830","0.7203256535795570","TRUE","0.05236898143598240","TRUE","3","28","74.47259521484380",NA,NA,NA,"29_09_EIM_E64_a_DB_1.eds"
"28","C4","FALSE","BNQ","Eim","UNKNOWN","SYBR","None","Amp","1.4743124232359500",NA,NA,"21.932563813726600","0.9244591027040780","21.98738629323910","0.19246084921553000","TRUE","0.05236898143598240","TRUE","3","19","75.52833557128910",NA,NA,NA,"29_09_EIM_E64_a_DB_1.eds"
"29","C5","FALSE","BNQ","Eim","UNKNOWN","SYBR","None","Amp","1.4664645972808500",NA,NA,"22.201310401950500","0.9254390163035440","21.98738629323910","0.19246084921553000","TRUE","0.05236898143598240","TRUE","3","19","75.83952331542970",NA,NA,NA,"29_09_EIM_E64_a_DB_1.eds"
"30","C6","FALSE","BNQ","Eim","UNKNOWN","SYBR","None","Amp","1.4528582252259800",NA,NA,"21.828284664040300","0.9043908848298100","21.98738629323910","0.19246084921553000","TRUE","0.05236898143598240","TRUE","3","19","75.83952331542970",NA,NA,NA,"29_09_EIM_E64_a_DB_1.eds"
"31","C7","FALSE","QSV","Eim","UNKNOWN","SYBR","None","Amp","1.4131624733681100",NA,NA,"30.780736497809500","0.8598156777657780","30.136891897726400","0.7292818080222060","TRUE","0.05236898143598240","TRUE","3","27","75.53765869140630","81.57489013671880",NA,NA,"29_09_EIM_E64_a_DB_1.eds"
"32","C8","FALSE","QSV","Eim","UNKNOWN","SYBR","None","Amp","1.4369613006986900",NA,NA,"29.344916352062900","0.8902414122995130","30.136891897726400","0.7292818080222060","TRUE","0.05236898143598240","TRUE","3","26","75.38673400878910",NA,NA,NA,"29_09_EIM_E64_a_DB_1.eds"
"33","C9","FALSE","QSV","Eim","UNKNOWN","SYBR","None","Amp","1.4277196734565800",NA,NA,"30.28502284330700","0.8519043144935900","30.136891897726400","0.7292818080222060","TRUE","0.05236898143598240","TRUE","3","27","75.55422973632810",NA,NA,NA,"29_09_EIM_E64_a_DB_1.eds"
"34","C10","FALSE","NTC3","Eim","NTC","SYBR","None","No Amp","0.0",NA,NA,"Undetermined","0.0",NA,NA,"TRUE","0.05236898143598240","TRUE","3","39","63.015159606933600","83.41004180908200","91.41691589355470","75.25209045410160","29_09_EIM_E64_a_DB_1.eds"
"35","C11","FALSE","NTC3","Eim","NTC","SYBR","None","No Amp","0.0",NA,NA,"Undetermined","0.0",NA,NA,"TRUE","0.05236898143598240","TRUE","3","39","90.96369934082030","87.64009094238280","66.3387680053711","83.25896453857420","29_09_EIM_E64_a_DB_1.eds"
"36","C12","FALSE","NTC3","Eim","NTC","SYBR","None","No Amp","1.2530884962588000",NA,NA,"Undetermined","0.0",NA,NA,"TRUE","0.05236898143598240","TRUE","3","39","83.41004180908200","74.34564971923830","69.8134536743164","78.42462158203130","29_09_EIM_E64_a_DB_1.eds"
"37","D1","FALSE","FMV","Eim","UNKNOWN","SYBR","None","Amp","1.3784810080143100",NA,NA,"29.682919332872100","0.9336673097712950","29.02397020066230","0.7376931865502520","TRUE","0.05236898143598240","TRUE","3","27","74.17095184326170",NA,NA,NA,"29_09_EIM_E64_a_DB_1.eds"
"38","D2","FALSE","FMV","Eim","UNKNOWN","SYBR","None","Amp","1.394208570719220",NA,NA,"29.161968380664700","0.931556587574453","29.02397020066230","0.7376931865502520","TRUE","0.05236898143598240","TRUE","3","26","74.17095184326170",NA,NA,NA,"29_09_EIM_E64_a_DB_1.eds"
"39","D3","FALSE","FMV","Eim","UNKNOWN","SYBR","None","Amp","1.4016939208573200",NA,NA,"28.227022888450100","0.9091353224741810","29.02397020066230","0.7376931865502520","TRUE","0.05236898143598240","TRUE","3","25","74.32176971435550",NA,NA,NA,"29_09_EIM_E64_a_DB_1.eds"
"40","D4","FALSE","BHX","Eim","UNKNOWN","SYBR","None","Amp","1.4412399304430300",NA,NA,"22.154194125366600","0.9442627744180930","22.134582116991000","0.15516947760861200","TRUE","0.05236898143598240","TRUE","3","19","74.77423095703130",NA,NA,NA,"29_09_EIM_E64_a_DB_1.eds"
"41","D5","FALSE","BHX","Eim","UNKNOWN","SYBR","None","Amp","1.4321178076946800",NA,NA,"22.279013247200700","0.9436763297777360","22.134582116991000","0.15516947760861200","TRUE","0.05236898143598240","TRUE","3","19","74.78300476074220",NA,NA,NA,"29_09_EIM_E64_a_DB_1.eds"
"42","D6","FALSE","BHX","Eim","UNKNOWN","SYBR","None","Amp","1.4292678736179600",NA,NA,"21.970538978405800","0.9315355940362810","22.134582116991000","0.15516947760861200","TRUE","0.05236898143598240","TRUE","3","18","74.78300476074220",NA,NA,NA,"29_09_EIM_E64_a_DB_1.eds"
"43","D7","FALSE","STZ","Eim","UNKNOWN","SYBR","None","Amp","1.329749986134920",NA,NA,"31.511202112863200","0.8099448483882410","31.18812780956650","0.3332651739763540","TRUE","0.05236898143598240","TRUE","3","28","71.91532897949220","75.83952331542970","61.953895568847700",NA,"29_09_EIM_E64_a_DB_1.eds"
"44","D8","FALSE","STZ","Eim","UNKNOWN","SYBR","None","Amp","1.3940455719089000",NA,NA,"30.84553010976470","0.863366445814225","31.18812780956650","0.3332651739763540","TRUE","0.05236898143598240","TRUE","3","27","75.23580169677730",NA,NA,NA,"29_09_EIM_E64_a_DB_1.eds"
"45","D9","FALSE","STZ","Eim","UNKNOWN","SYBR","None","Amp","1.3750055726568600",NA,NA,"31.207651206071600","0.7726641232622910","31.18812780956650","0.3332651739763540","TRUE","0.05236898143598240","TRUE","3","28","75.40316009521480","79.93535614013670",NA,NA,"29_09_EIM_E64_a_DB_1.eds"
"46","D10","FALSE",NA,"Eim","UNKNOWN","SYBR","None","No Amp","0.0",NA,NA,"Undetermined","0.0",NA,NA,"TRUE","0.05236898143598240","TRUE","3","39","87.64009094238280","83.56111145019530","68.00057220458980","63.921600341796900","29_09_EIM_E64_a_DB_1.eds"
"47","D11","FALSE",NA,"Eim","UNKNOWN","SYBR","None","No Amp","0.0",NA,NA,"Undetermined","0.0",NA,NA,"TRUE","0.05236898143598240","TRUE","3","39","73.439208984375","90.66155242919920","87.489013671875","77.36711120605470","29_09_EIM_E64_a_DB_1.eds"
"48","D12","FALSE",NA,"Eim","UNKNOWN","SYBR","None","No Amp","0.0",NA,NA,"Undetermined","0.0",NA,NA,"TRUE","0.05236898143598240","TRUE","3","39","74.34564971923830","70.87096405029300","78.27355194091800","62.86408615112310","29_09_EIM_E64_a_DB_1.eds"
"49","E1","FALSE","KLT","Eim","UNKNOWN","SYBR","None","Amp","1.4522534389247600",NA,NA,"29.126791831657400","0.8555092865672910","29.270975639018200","0.1289564685338320","TRUE","0.05236898143598240","TRUE","3","26","75.8299789428711",NA,NA,NA,"29_09_EIM_E64_a_DB_1.eds"
"50","E2","FALSE","KLT","Eim","UNKNOWN","SYBR","None","Amp","1.4384099383097800",NA,NA,"29.375286218152100","0.8431200423288270","29.270975639018200","0.1289564685338320","TRUE","0.05236898143598240","TRUE","3","25","75.8299789428711",NA,NA,NA,"29_09_EIM_E64_a_DB_1.eds"
"51","E3","FALSE","KLT","Eim","UNKNOWN","SYBR","None","Amp","1.4172049599123300",NA,NA,"29.310848867245000","0.8261527439239050","29.270975639018200","0.1289564685338320","TRUE","0.05236898143598240","TRUE","3","26","75.98080444335940",NA,NA,NA,"29_09_EIM_E64_a_DB_1.eds"
"52","E4","FALSE","FJY","Eim","UNKNOWN","SYBR","None","Amp","1.3963042898930600",NA,NA,"30.97283309393840","0.9560330196852540","30.628428391192900","0.4099865348119860","TRUE","0.05236898143598240","TRUE","3","26","82.31527709960940","71.60699462890630","77.7906494140625","62.40693283081060","29_09_EIM_E64_a_DB_1.eds"
"53","E5","FALSE","FJY","Eim","UNKNOWN","SYBR","None","Amp","1.364591841667080",NA,NA,"30.73752305237420","0.9633876160526240","30.628428391192900","0.4099865348119860","TRUE","0.05236898143598240","TRUE","3","27","72.2171859741211","85.04629516601560","77.65069580078130","61.953895568847700","29_09_EIM_E64_a_DB_1.eds"
"54","E6","FALSE","FJY","Eim","UNKNOWN","SYBR","None","Amp","1.3797531048200300",NA,NA,"30.174929027266100","0.95228958009157","30.628428391192900","0.4099865348119860","TRUE","0.05236898143598240","TRUE","3","27","75.53765869140630","81.72582244873050","71.76439666748050",NA,"29_09_EIM_E64_a_DB_1.eds"
"55","E7","FALSE","AVM","Eim","UNKNOWN","SYBR","None","Amp","1.4475803253704400",NA,NA,"20.805361135402200","0.9168794667448860","20.714810888085000","0.5271500982720120","TRUE","0.05236898143598240","TRUE","3","17","75.23580169677730",NA,NA,NA,"29_09_EIM_E64_a_DB_1.eds"
"56","E8","FALSE","AVM","Eim","UNKNOWN","SYBR","None","Amp","1.4526080670497900",NA,NA,"21.190820442545100","0.908095587833178","20.714810888085000","0.5271500982720120","TRUE","0.05236898143598240","TRUE","3","17","75.08486938476560",NA,NA,NA,"29_09_EIM_E64_a_DB_1.eds"
"57","E9","FALSE","AVM","Eim","UNKNOWN","SYBR","None","Amp","1.4429275509840500",NA,NA,"20.148251086307800","0.8719355001825130","20.714810888085000","0.5271500982720120","TRUE","0.05236898143598240","TRUE","3","17","75.40316009521480",NA,NA,NA,"29_09_EIM_E64_a_DB_1.eds"
"58","E10","FALSE",NA,"Eim","UNKNOWN","SYBR","None","No Amp","0.0",NA,NA,"Undetermined","0.0",NA,NA,"TRUE","0.05236898143598240","TRUE","3","39","66.4898452758789","86.58257293701170","76.00745391845700","81.1439437866211","29_09_EIM_E64_a_DB_1.eds"
"59","E11","FALSE",NA,"Eim","UNKNOWN","SYBR","None","Inconclusive","1.7666068892087500",NA,NA,"24.054741817495000","0.0","29.4890809333756","4.060068997088290","TRUE","0.05236898143598240","TRUE","3","27","92.77658081054690","81.29501342773440","85.82720947265630","89.30189514160160","29_09_EIM_E64_a_DB_1.eds"
"60","E12","FALSE",NA,"Eim","UNKNOWN","SYBR","None","No Amp","0.0",NA,NA,"Undetermined","0.0",NA,NA,"TRUE","0.05236898143598240","TRUE","3","39","83.56111145019530","72.68384552001950","87.64009094238280","66.4898452758789","29_09_EIM_E64_a_DB_1.eds"
"61","F1","FALSE","KOX","Eim","UNKNOWN","SYBR","None","No Amp","0.0",NA,NA,"Undetermined","0.0",NA,NA,"TRUE","0.05236898143598240","TRUE","3","39","77.94146728515630","71.4561767578125","87.89564514160160","81.56117248535160","29_09_EIM_E64_a_DB_1.eds"
"62","F2","FALSE","KOX","Eim","UNKNOWN","SYBR","None","Inconclusive","0.6991965695236930",NA,NA,"39.86553598248740","0.0","38.900641804773100","1.3645664323783500","TRUE","0.05236898143598240","TRUE","3","36","64.06596374511720","83.67266082763670","80.20378112792970","75.07587432861330","29_09_EIM_E64_a_DB_1.eds"
"63","F3","FALSE","KOX","Eim","UNKNOWN","SYBR","None","Inconclusive","0.9636992984599580",NA,NA,"37.9357476270588","0.472078740461186","38.900641804773100","1.3645664323783500","TRUE","0.05236898143598240","TRUE","3","34","78.69557189941410","64.21678161621090","84.1251220703125",NA,"29_09_EIM_E64_a_DB_1.eds"
"64","F4","FALSE","FPV","Eim","UNKNOWN","SYBR","None","Amp","1.4503720476182400",NA,NA,"20.75948069535430","0.940247667689061","20.72156069503740","0.11815406380285700","TRUE","0.05236898143598240","TRUE","3","18","75.67916107177730",NA,NA,NA,"29_09_EIM_E64_a_DB_1.eds"
"65","F5","FALSE","FPV","Eim","UNKNOWN","SYBR","None","Amp","1.390923546001370",NA,NA,"20.816099320312200","0.9543023140096990","20.72156069503740","0.11815406380285700","TRUE","0.05236898143598240","TRUE","3","17","75.68859100341800",NA,NA,NA,"29_09_EIM_E64_a_DB_1.eds"
"66","F6","FALSE","FPV","Eim","UNKNOWN","SYBR","None","Amp","1.4513604889345400",NA,NA,"20.5891020694458","0.9150469207269690","20.72156069503740","0.11815406380285700","TRUE","0.05236898143598240","TRUE","3","18","75.68859100341800",NA,NA,NA,"29_09_EIM_E64_a_DB_1.eds"
"67","F7","FALSE","NXY","Eim","UNKNOWN","SYBR","None","Amp","1.3891446844441900",NA,NA,"29.50684223553180","0.9181061296604690","29.20658227253210","0.5633384877990370","TRUE","0.05236898143598240","TRUE","3","26","75.38673400878910",NA,NA,NA,"29_09_EIM_E64_a_DB_1.eds"
"68","F8","FALSE","NXY","Eim","UNKNOWN","SYBR","None","Amp","1.4229083858203200",NA,NA,"29.556185437621800","0.9347685136075930","29.20658227253210","0.5633384877990370","TRUE","0.05236898143598240","TRUE","3","26","75.23580169677730",NA,NA,NA,"29_09_EIM_E64_a_DB_1.eds"
"69","F9","FALSE","NXY","Eim","UNKNOWN","SYBR","None","Amp","1.4220041269646700",NA,NA,"28.556719144442800","0.9243347658455600","29.20658227253210","0.5633384877990370","TRUE","0.05236898143598240","TRUE","3","25","75.25209045410160","82.50360107421880",NA,NA,"29_09_EIM_E64_a_DB_1.eds"
"70","F10","FALSE",NA,"Eim","UNKNOWN","SYBR","None","No Amp","0.0",NA,NA,"Undetermined","0.0",NA,NA,"TRUE","0.05236898143598240","TRUE","3","39","85.37399291992190","74.64779663085940","88.69760131835940","64.22374725341800","29_09_EIM_E64_a_DB_1.eds"
"71","F11","FALSE",NA,"Eim","UNKNOWN","SYBR","None","No Amp","0.0",NA,NA,"Undetermined","0.0",NA,NA,"TRUE","0.05236898143598240","TRUE","3","39","79.33106231689450","74.64779663085940","89.60403442382810","93.07872009277340","29_09_EIM_E64_a_DB_1.eds"
"72","F12","FALSE",NA,"Eim","UNKNOWN","SYBR","None","No Amp","0.0",NA,NA,"Undetermined","0.0",NA,NA,"TRUE","0.05236898143598240","TRUE","3","39","81.44609069824220","74.64779663085940","85.22291564941410","89.30189514160160","29_09_EIM_E64_a_DB_1.eds"
"73","G1","FALSE","LOR","Eim","UNKNOWN","SYBR","None","Amp","1.4255194528478100",NA,NA,"29.271104029069800","0.9380079844523100","29.539296194819900","0.38031970961094300","TRUE","0.05236898143598240","TRUE","3","26","75.52833557128910",NA,NA,NA,"29_09_EIM_E64_a_DB_1.eds"
"74","G2","FALSE","LOR","Eim","UNKNOWN","SYBR","None","Amp","1.4140233137479700",NA,NA,"29.37223151798150","0.9207109631842070","29.539296194819900","0.38031970961094300","TRUE","0.05236898143598240","TRUE","3","26","75.98080444335940","72.05946350097660",NA,NA,"29_09_EIM_E64_a_DB_1.eds"
"75","G3","FALSE","LOR","Eim","UNKNOWN","SYBR","None","Amp","1.3976781229662200",NA,NA,"29.974553037408500","0.8729231728615670","29.539296194819900","0.38031970961094300","TRUE","0.05236898143598240","TRUE","3","27","78.09229278564450","72.05946350097660","62.25611114501950",NA,"29_09_EIM_E64_a_DB_1.eds"
"76","G4","FALSE","HIY","Eim","UNKNOWN","SYBR","None","Amp","1.4266254482973100",NA,NA,"29.704250537792800","0.8417905948713400","29.7111478536191","0.04000508918652990","TRUE","0.05236898143598240","TRUE","3","26","77.63983154296880","81.71199035644530","62.25611114501950",NA,"29_09_EIM_E64_a_DB_1.eds"
"77","G5","FALSE","HIY","Eim","UNKNOWN","SYBR","None","Amp","1.3959742622438400",NA,NA,"29.675039875724100","0.8234095756508580","29.7111478536191","0.04000508918652990","TRUE","0.05236898143598240","TRUE","3","27","81.57489013671880","72.06625366210940",NA,NA,"29_09_EIM_E64_a_DB_1.eds"
"78","G6","FALSE","HIY","Eim","UNKNOWN","SYBR","None","Amp","1.4119701991648700",NA,NA,"29.754153147340400","0.8306552380763090","29.7111478536191","0.04000508918652990","TRUE","0.05236898143598240","TRUE","3","26","81.57489013671880","62.25575637817380","76.14138793945310",NA,"29_09_EIM_E64_a_DB_1.eds"
"79","G7","FALSE","IMP","Eim","UNKNOWN","SYBR","None","Amp","1.3650818447870100",NA,NA,"30.300287084931500","0.9178804675205220","30.439200612561500","0.29596797061823000","TRUE","0.05236898143598240","TRUE","3","26","78.40534973144530","71.91532897949220","62.104827880859400",NA,"29_09_EIM_E64_a_DB_1.eds"
"80","G8","FALSE","IMP","Eim","UNKNOWN","SYBR","None","Amp","1.3733707893288900",NA,NA,"30.77907245271880","0.9189866752125220","30.439200612561500","0.29596797061823000","TRUE","0.05236898143598240","TRUE","3","27","71.76439666748050","77.80162048339840","62.104827880859400","81.27302551269530","29_09_EIM_E64_a_DB_1.eds"
"81","G9","FALSE","IMP","Eim","UNKNOWN","SYBR","None","Amp","1.3634140561835800",NA,NA,"30.238242300034200","0.8958345989781220","30.439200612561500","0.29596797061823000","TRUE","0.05236898143598240","TRUE","3","27","72.07955169677730","77.66925811767580","81.59716033935550",NA,"29_09_EIM_E64_a_DB_1.eds"
"82","G10","FALSE",NA,"Eim","UNKNOWN","SYBR","None","No Amp","0.0",NA,NA,"Undetermined","0.0",NA,NA,"TRUE","0.05236898143598240","TRUE","3","39","90.8126220703125","82.50360107421880","74.79886627197270","85.67613220214840","29_09_EIM_E64_a_DB_1.eds"
"83","G11","FALSE",NA,"Eim","UNKNOWN","SYBR","None","Inconclusive","0.0",NA,NA,"26.236391769862200","0.6256479929942120","29.4890809333756","4.060068997088290","TRUE","0.05236898143598240","TRUE","3","29","93.07872009277340","88.244384765625","76.30960083007810","84.61862182617190","29_09_EIM_E64_a_DB_1.eds"
"84","G12","FALSE",NA,"Eim","UNKNOWN","SYBR","None","No Amp","0.0",NA,NA,"Undetermined","0.0",NA,NA,"TRUE","0.05236898143598240","TRUE","3","39","85.52506256103520","66.64091491699220","81.44609069824220","75.55422973632810","29_09_EIM_E64_a_DB_1.eds"
"85","H1","FALSE","LRS","Eim","UNKNOWN","SYBR","None","Amp","1.2438549652715300",NA,NA,"31.619256035325500","0.9870981862236210","29.363857536635400","3.377592616049280","TRUE","0.05236898143598240","TRUE","3","28","72.96438598632810",NA,NA,NA,"29_09_EIM_E64_a_DB_1.eds"
"86","H2","FALSE","LRS","Eim","UNKNOWN","SYBR","None","Amp","1.2538550569500000",NA,NA,"30.99170089974800","0.9889996706191670","29.363857536635400","3.377592616049280","TRUE","0.05236898143598240","TRUE","3","28","73.11520385742190",NA,NA,NA,"29_09_EIM_E64_a_DB_1.eds"
"87","H3","FALSE","LRS","Eim","UNKNOWN","SYBR","None","Amp","1.34096510917392",NA,NA,"25.480615674832700","0.9906985448463190","29.363857536635400","3.377592616049280","TRUE","0.05236898143598240","TRUE","3","22","73.4168472290039",NA,NA,NA,"29_09_EIM_E64_a_DB_1.eds"
"88","H4","FALSE","HKN","Eim","UNKNOWN","SYBR","None","Amp","1.461403080574940",NA,NA,"27.839733827118300","0.9444071382837750","28.274117867481800","0.37967698436833500","TRUE","0.05236898143598240","TRUE","3","24","75.37751770019530",NA,NA,NA,"29_09_EIM_E64_a_DB_1.eds"
"89","H5","FALSE","HKN","Eim","UNKNOWN","SYBR","None","Amp","1.4345978379361700",NA,NA,"28.54266640202530","0.9315460484825380","28.274117867481800","0.37967698436833500","TRUE","0.05236898143598240","TRUE","3","25","75.38673400878910",NA,NA,NA,"29_09_EIM_E64_a_DB_1.eds"
"90","H6","FALSE","HKN","Eim","UNKNOWN","SYBR","None","Amp","1.4126428090228700",NA,NA,"28.439953373301800","0.9235130531251520","28.274117867481800","0.37967698436833500","TRUE","0.05236898143598240","TRUE","3","26","75.53765869140630",NA,NA,NA,"29_09_EIM_E64_a_DB_1.eds"
"91","H7","FALSE","NTC1","Eim","NTC","SYBR","None","Inconclusive","0.9546969561373220",NA,NA,"37.29988436003500","0.9439403811574980","35.308224091531800","1.7378451361618700","TRUE","0.05236898143598240","TRUE","3","34","72.51904296875",NA,NA,NA,"29_09_EIM_E64_a_DB_1.eds"
"92","H8","FALSE","NTC1","Eim","NTC","SYBR","None","Amp","1.2915685234450100",NA,NA,"34.100090522473300","0.9813659449274640","35.308224091531800","1.7378451361618700","TRUE","0.05236898143598240","TRUE","3","31","72.36811828613280",NA,NA,NA,"29_09_EIM_E64_a_DB_1.eds"
"93","H9","FALSE","NTC1","Eim","NTC","SYBR","None","Amp","1.2472773899454400",NA,NA,"34.52469739208730","0.9825187005217580","35.308224091531800","1.7378451361618700","TRUE","0.05236898143598240","TRUE","3","31","72.38169860839840",NA,NA,NA,"29_09_EIM_E64_a_DB_1.eds"
"94","H10","FALSE",NA,"Eim","UNKNOWN","SYBR","None","No Amp","0.0",NA,NA,"Undetermined","0.0",NA,NA,"TRUE","0.05236898143598240","TRUE","3","39","82.95681762695310","66.4898452758789","78.72676849365230","92.02120971679690","29_09_EIM_E64_a_DB_1.eds"
"95","H11","FALSE",NA,"Eim","UNKNOWN","SYBR","None","No Amp","0.0",NA,NA,"Undetermined","0.0",NA,NA,"TRUE","0.05236898143598240","TRUE","3","39","83.71218872070310","64.82804107666020","72.83491516113280","90.05725860595700","29_09_EIM_E64_a_DB_1.eds"
"96","H12","FALSE",NA,"Eim","UNKNOWN","SYBR","None","No Amp","0.0",NA,NA,"Undetermined","0.0",NA,NA,"TRUE","0.05236898143598240","TRUE","3","39","66.64091491699220","76.00745391845700","89.90618896484380","81.74822998046880","29_09_EIM_E64_a_DB_1.eds"
"1","A1","false","E57byLOR","Eim","UNKNOWN","SYBR","None","Inconclusive","1.126664372376666",NA,NA,"37.12110202291811","0.8633250377223678","36.15124028690136","0.8598761936866922","true","0.1044425972121083","true","3","33","75.238037109375",NA,NA,NA,"11_10_a_E64_eim_lab_DB.eds"
"2","A2","false","E57byLOR","Eim","UNKNOWN","SYBR","None","Amp","1.2196132789025673",NA,NA,"35.85046486471842","0.8761963668594863","36.15124028690136","0.8598761936866922","true","0.1044425972121083","true","3","31","74.33238983154297",NA,NA,NA,"11_10_a_E64_eim_lab_DB.eds"
"3","A3","false","E57byLOR","Eim","UNKNOWN","SYBR","None","Amp","1.2610872840988558",NA,NA,"35.48215397306757","0.9037962036015507","36.15124028690136","0.8598761936866922","true","0.1044425972121083","true","3","31","75.08709716796875",NA,NA,NA,"11_10_a_E64_eim_lab_DB.eds"
"4","A4","false","E57byNUY","Eim","UNKNOWN","SYBR","None","Amp","1.4431568730424333",NA,NA,"19.867440377540014","0.882011295511664","19.87585229683352","0.08507136089334684","true","0.1044425972121083","true","3","16","75.53992462158203",NA,NA,NA,"11_10_a_E64_eim_lab_DB.eds"
"5","A5","false","E57byNUY","Eim","UNKNOWN","SYBR","None","Amp","1.4627484120781091",NA,NA,"19.9648171271352","0.8820596493304629","19.87585229683352","0.08507136089334684","true","0.1044425972121083","true","3","16","75.5504150390625",NA,NA,NA,"11_10_a_E64_eim_lab_DB.eds"
"6","A6","false","E57byNUY","Eim","UNKNOWN","SYBR","None","Amp","1.4384065695194357",NA,NA,"19.795299385825352","0.8735708496092525","19.87585229683352","0.08507136089334684","true","0.1044425972121083","true","3","16","75.70146942138672",NA,NA,NA,"11_10_a_E64_eim_lab_DB.eds"
"7","A7","false","NTC","Eim","UNKNOWN","SYBR","None","Amp","1.3412205612211432",NA,NA,"33.60833540733634","0.9813431680737225","34.47267312312612","0.7699654325257252","true","0.1044425972121083","true","3","29","72.68045043945312","75.70146942138672","62.40900802612305",NA,"11_10_a_E64_eim_lab_DB.eds"
"8","A8","false","NTC","Eim","UNKNOWN","SYBR","None","Amp","1.2980313215225092",NA,NA,"35.085222140910645","0.9721050293584572","34.47267312312612","0.7699654325257252","true","0.1044425972121083","true","3","29","72.83150482177734",NA,NA,NA,"11_10_a_E64_eim_lab_DB.eds"
"9","A9","false","NTC","Eim","UNKNOWN","SYBR","None","Amp","1.324973417219207",NA,NA,"34.724461821131385","0.9822283918682275","34.47267312312612","0.7699654325257252","true","0.1044425972121083","true","3","30","72.84368133544922","77.53028869628906",NA,NA,"11_10_a_E64_eim_lab_DB.eds"
"13","B1","false","E57byBNQ","Eim","UNKNOWN","SYBR","None","Amp","1.4672743762964324",NA,NA,"23.688485349992703","0.942910624126838","23.642710164545743","0.06869485036583112","true","0.1044425972121083","true","3","19","75.08709716796875",NA,NA,NA,"11_10_a_E64_eim_lab_DB.eds"
"14","B2","false","E57byBNQ","Eim","UNKNOWN","SYBR","None","Amp","1.4446807115870537",NA,NA,"23.675924771109038","0.9358048773898353","23.642710164545743","0.06869485036583112","true","0.1044425972121083","true","3","20","75.08709716796875",NA,NA,NA,"11_10_a_E64_eim_lab_DB.eds"
"15","B3","false","E57byBNQ","Eim","UNKNOWN","SYBR","None","Amp","1.4379162316582412",NA,NA,"23.563720372535485","0.9265982233019515","23.642710164545743","0.06869485036583112","true","0.1044425972121083","true","3","20","75.08709716796875",NA,NA,NA,"11_10_a_E64_eim_lab_DB.eds"
"16","B4","false","E57byABO","Eim","UNKNOWN","SYBR","None","Amp","1.4089096856434051",NA,NA,"29.166984944643026","0.8719542531325678","29.270808499687956","0.1466797365446663","true","0.1044425972121083","true","3","25","75.84180450439453",NA,NA,NA,"11_10_a_E64_eim_lab_DB.eds"
"17","B5","false","E57byABO","Eim","UNKNOWN","SYBR","None","Inconclusive","1.4416650478129744",NA,NA,"29.438610083388433","0.9165656630908074","29.270808499687956","0.1466797365446663","true","0.1044425972121083","true","3","26","82.951904296875","71.92520141601562","79.02458190917969","62.56005859375","11_10_a_E64_eim_lab_DB.eds"
"18","B6","false","E57byABO","Eim","UNKNOWN","SYBR","None","Amp","1.4173523934163355",NA,NA,"29.20683047103241","0.9016862010621467","29.270808499687956","0.1466797365446663","true","0.1044425972121083","true","3","26","62.257957458496094","72.52940368652344","80.38404083251953","76.15461730957031","11_10_a_E64_eim_lab_DB.eds"
"25","C1","false","E57bxHJU","Eim","UNKNOWN","SYBR","None","Amp","1.3842343139487485",NA,NA,"21.889159520516586","0.9652600340794552","21.473180856488977","0.38037063722831177","true","0.1044425972121083","true","3","17","74.33238983154297",NA,NA,NA,"11_10_a_E64_eim_lab_DB.eds"
"26","C2","false","E57bxHJU","Eim","UNKNOWN","SYBR","None","Amp","1.3893594173665595",NA,NA,"21.387269921298454","0.9702592805155296","21.473180856488977","0.38037063722831177","true","0.1044425972121083","true","3","17","74.33238983154297",NA,NA,NA,"11_10_a_E64_eim_lab_DB.eds"
"27","C3","false","E57bxHJU","Eim","UNKNOWN","SYBR","None","Amp","1.3864420527354167",NA,NA,"21.14311312765188","0.9654591387517634","21.473180856488977","0.38037063722831177","true","0.1044425972121083","true","3","16","74.18144226074219",NA,NA,NA,"11_10_a_E64_eim_lab_DB.eds"
"28","C4","false","E57byLOT","Eim","UNKNOWN","SYBR","None","Amp","1.3511461929602988",NA,NA,"32.8085511125104","0.859542675145691","31.962283163926845","1.2500963381658534","true","0.1044425972121083","true","3","28","77.65310668945312",NA,NA,NA,"11_10_a_E64_eim_lab_DB.eds"
"29","C5","false","E57byLOT","Eim","UNKNOWN","SYBR","None","Amp","1.409328864753135",NA,NA,"30.52642327701323","0.9096045786790155","31.962283163926845","1.2500963381658534","true","0.1044425972121083","true","3","26","75.2483139038086",NA,NA,NA,"11_10_a_E64_eim_lab_DB.eds"
"30","C6","false","E57byLOT","Eim","UNKNOWN","SYBR","None","Amp","1.3776078215514707",NA,NA,"32.551875102256915","0.8136823703447725","31.962283163926845","1.2500963381658534","true","0.1044425972121083","true","3","28","81.59244537353516","62.257957458496094","72.22730255126953","78.11827850341797","11_10_a_E64_eim_lab_DB.eds"
"37","D1","false","E57byKLT","Eim","UNKNOWN","SYBR","None","Amp","1.420298554409176",NA,NA,"30.771073649177012","0.8805838443892554","30.524385254517142","0.5756279927352875","true","0.1044425972121083","true","3","26","75.53992462158203",NA,NA,NA,"11_10_a_E64_eim_lab_DB.eds"
"38","D2","false","E57byKLT","Eim","UNKNOWN","SYBR","None","Amp","1.4431504156325305",NA,NA,"29.866526124771454","0.8819356683755403","30.524385254517142","0.5756279927352875","true","0.1044425972121083","true","3","26","75.38897705078125",NA,NA,NA,"11_10_a_E64_eim_lab_DB.eds"
"39","D3","false","E57byKLT","Eim","UNKNOWN","SYBR","None","Amp","1.4138086158709908",NA,NA,"30.93555598960296","0.8578396458268508","30.524385254517142","0.5756279927352875","true","0.1044425972121083","true","3","27","75.53992462158203",NA,NA,NA,"11_10_a_E64_eim_lab_DB.eds"
"40","D4","false","E57bxAFV","Eim","UNKNOWN","SYBR","None","Amp","1.4003279917138622",NA,NA,"29.71127955712455","0.7465709329079618","29.70826037061683","0.42367577134455175","true","0.1044425972121083","true","3","25","76.59651947021484","82.93608093261719",NA,NA,"11_10_a_E64_eim_lab_DB.eds"
"41","D5","false","E57bxAFV","Eim","UNKNOWN","SYBR","None","Amp","1.4058112710254047",NA,NA,"29.283083074311257","0.7663449280878523","29.70826037061683","0.42367577134455175","true","0.1044425972121083","true","3","25","76.45672607421875","82.80084991455078",NA,NA,"11_10_a_E64_eim_lab_DB.eds"
"42","D6","false","E57bxAFV","Eim","UNKNOWN","SYBR","None","Amp","1.3728525684842834",NA,NA,"30.130418480414683","0.7168538572709935","29.70826037061683","0.42367577134455175","true","0.1044425972121083","true","3","26","76.60777282714844",NA,NA,NA,"11_10_a_E64_eim_lab_DB.eds"
"49","E1","false","E57bySUZ","Eim","UNKNOWN","SYBR","None","Amp","1.4009106881007278",NA,NA,"25.180012382307133","0.9455535202194232","24.881746500448827","0.32718812402410347","true","0.1044425972121083","true","3","21","74.18144226074219",NA,NA,NA,"11_10_a_E64_eim_lab_DB.eds"
"50","E2","false","E57bySUZ","Eim","UNKNOWN","SYBR","None","Amp","1.395619746369374",NA,NA,"24.933437278964654","0.9453030326232776","24.881746500448827","0.32718812402410347","true","0.1044425972121083","true","3","21","74.18144226074219",NA,NA,NA,"11_10_a_E64_eim_lab_DB.eds"
"51","E3","false","E57bySUZ","Eim","UNKNOWN","SYBR","None","Amp","1.3996699238278256",NA,NA,"24.5317898400747","0.9416980809556037","24.881746500448827","0.32718812402410347","true","0.1044425972121083","true","3","20","74.18144226074219",NA,NA,NA,"11_10_a_E64_eim_lab_DB.eds"
"52","E4","false","E57byCRX","Eim","UNKNOWN","SYBR","None","Amp","1.4220441527026315",NA,NA,"25.576734264000457","0.9159329273285176","25.514277359057406","0.12635549982837638","true","0.1044425972121083","true","3","21","76.7474594116211",NA,NA,NA,"11_10_a_E64_eim_lab_DB.eds"
"53","E5","false","E57byCRX","Eim","UNKNOWN","SYBR","None","Amp","1.4320695538196357",NA,NA,"25.368855808695407","0.9336840769761973","25.514277359057406","0.12635549982837638","true","0.1044425972121083","true","3","21","76.60777282714844",NA,NA,NA,"11_10_a_E64_eim_lab_DB.eds"
"54","E6","false","E57byCRX","Eim","UNKNOWN","SYBR","None","Amp","1.4275304027307973",NA,NA,"25.59724200447635","0.9222643913619322","25.514277359057406","0.12635549982837638","true","0.1044425972121083","true","3","22","76.60777282714844",NA,NA,NA,"11_10_a_E64_eim_lab_DB.eds"
"61","F1","false","E57byGIT","Eim","UNKNOWN","SYBR","None","Amp","1.3831771415376761",NA,NA,"24.265845601008692","0.9799521056331713","23.947685404314882","0.4200620522439368","true","0.1044425972121083","true","3","20","74.03050231933594",NA,NA,NA,"11_10_a_E64_eim_lab_DB.eds"
"62","F2","false","E57byGIT","Eim","UNKNOWN","SYBR","None","Amp","1.3791781825624805",NA,NA,"24.10567421750799","0.9739862683162238","23.947685404314882","0.4200620522439368","true","0.1044425972121083","true","3","19","74.03050231933594",NA,NA,NA,"11_10_a_E64_eim_lab_DB.eds"
"63","F3","false","E57byGIT","Eim","UNKNOWN","SYBR","None","Amp","1.3820089236713713",NA,NA,"23.47153639442797","0.9553460462963554","23.947685404314882","0.4200620522439368","true","0.1044425972121083","true","3","18","74.03050231933594",NA,NA,NA,"11_10_a_E64_eim_lab_DB.eds"
"64","F4","false","E57byFMN","Eim","UNKNOWN","SYBR","None","Amp","1.4191257125562327",NA,NA,"29.325318475406725","0.8044594831321925","29.425912038514422","0.13395260017288335","true","0.1044425972121083","true","3","25","75.84180450439453","80.82289123535156",NA,NA,"11_10_a_E64_eim_lab_DB.eds"
"65","F5","false","E57byFMN","Eim","UNKNOWN","SYBR","None","Amp","1.3646395495305665",NA,NA,"29.577963428755645","0.8135197236668055","29.425912038514422","0.13395260017288335","true","0.1044425972121083","true","3","26","75.5504150390625","80.83718872070312",NA,NA,"11_10_a_E64_eim_lab_DB.eds"
"66","F6","false","E57byFMN","Eim","UNKNOWN","SYBR","None","Amp","1.409444782406869",NA,NA,"29.374454211380893","0.7989692697347358","29.425912038514422","0.13395260017288335","true","0.1044425972121083","true","3","26","76.00357055664062",NA,NA,NA,"11_10_a_E64_eim_lab_DB.eds"
"73","G1","false","E57byBTZ","Eim","UNKNOWN","SYBR","None","Amp","1.4667595757611789",NA,NA,"22.356517096543023","0.9776243326064666","22.397144607735186","0.0370846063623555","true","0.1044425972121083","true","3","19","75.08709716796875",NA,NA,NA,"11_10_a_E64_eim_lab_DB.eds"
"74","G2","false","E57byBTZ","Eim","UNKNOWN","SYBR","None","Amp","1.4581578289057047",NA,NA,"22.405739915074115","0.9773891435736807","22.397144607735186","0.0370846063623555","true","0.1044425972121083","true","3","18","75.08709716796875",NA,NA,NA,"11_10_a_E64_eim_lab_DB.eds"
"75","G3","false","E57byBTZ","Eim","UNKNOWN","SYBR","None","Amp","1.4443126274627138",NA,NA,"22.429176811588427","0.9718724742502591","22.397144607735186","0.0370846063623555","true","0.1044425972121083","true","3","19","75.08709716796875",NA,NA,NA,"11_10_a_E64_eim_lab_DB.eds"
"76","G4","false","E57bxOPZ","Eim","UNKNOWN","SYBR","None","Amp","1.4146224261852272",NA,NA,"30.202671644387664","0.8688650215968848","30.543722669964435","0.36299973358038434","true","0.1044425972121083","true","3","26","74.9361572265625",NA,NA,NA,"11_10_a_E64_eim_lab_DB.eds"
"77","G5","false","E57bxOPZ","Eim","UNKNOWN","SYBR","None","Amp","1.4222653983037317",NA,NA,"30.925274140976285","0.8639389687141242","30.543722669964435","0.36299973358038434","true","0.1044425972121083","true","3","26","75.0972671508789",NA,NA,NA,"11_10_a_E64_eim_lab_DB.eds"
"78","G6","false","E57bxOPZ","Eim","UNKNOWN","SYBR","None","Amp","1.3924613465203375",NA,NA,"30.503222224529353","0.8152138871085493","30.543722669964435","0.36299973358038434","true","0.1044425972121083","true","3","26","75.5504150390625",NA,NA,NA,"11_10_a_E64_eim_lab_DB.eds"
"85","H1","false","E57byKOX","Eim","UNKNOWN","SYBR","None","Amp","1.3673789311772093",NA,NA,"30.57972548154187","0.6974197297530738","30.578065230788223","0.07080921460104389","true","0.1044425972121083","true","3","27","82.18136596679688","72.3701400756836","86.55868530273438","62.10608673095703","11_10_a_E64_eim_lab_DB.eds"
"86","H2","false","E57byKOX","Eim","UNKNOWN","SYBR","None","Amp","1.42254478206296",NA,NA,"30.64802972065838","0.7404638763363153","30.578065230788223","0.07080921460104389","true","0.1044425972121083","true","3","26","82.33231353759766","72.97390747070312","62.25703048706055",NA,"11_10_a_E64_eim_lab_DB.eds"
"87","H3","false","E57byKOX","Eim","UNKNOWN","SYBR","None","Amp","1.4203754010254581",NA,NA,"30.506440490164422","0.7340326932585978","30.578065230788223","0.07080921460104389","true","0.1044425972121083","true","3","27","82.18136596679688","75.69086456298828","62.10608673095703",NA,"11_10_a_E64_eim_lab_DB.eds"
"88","H4","false","E57bxFGV","Eim","UNKNOWN","SYBR","None","Amp","1.418466887365993",NA,NA,"27.944002250393375","0.7391846502050063","28.05900786647219","0.2622693691098098","true","0.1044425972121083","true","3","24","76.44557189941406",NA,NA,NA,"11_10_a_E64_eim_lab_DB.eds"
"89","H5","false","E57bxFGV","Eim","UNKNOWN","SYBR","None","Amp","1.4245824052366662",NA,NA,"27.87388853377417","0.7472897645782294","28.05900786647219","0.2622693691098098","true","0.1044425972121083","true","3","24","76.30567169189453",NA,NA,NA,"11_10_a_E64_eim_lab_DB.eds"
"90","H6","false","E57bxFGV","Eim","UNKNOWN","SYBR","None","Amp","1.3379686059132947",NA,NA,"28.359132815249026","0.642037123864895","28.05900786647219","0.2622693691098098","true","0.1044425972121083","true","3","25","76.45672607421875",NA,NA,NA,"11_10_a_E64_eim_lab_DB.eds"
